350
Running genetic algorithm fit...
[[-0.01  0.01]
 [-0.01  0.01]
 [-0.01  0.01]
 [-0.01  0.01]
 [-0.01  0.01]
 [-0.01  0.01]
 [-0.01  0.01]
 [-0.01  0.01]
 [-0.01  0.01]
 [-0.01  0.01]
 [-0.01  0.01]
 [-0.01  0.01]
 [-0.01  0.01]
 [-0.01  0.01]
 [-0.01  0.01]
 [-0.01  0.01]
 [-0.01  0.01]
 [-0.01  0.01]
 [-0.01  0.01]
 [-0.01  0.01]
 [-0.01  0.01]
 [-0.01  0.01]
 [-0.01  0.01]
 [-0.01  0.01]
 [-0.01  0.01]
 [-0.01  0.01]
 [-0.01  0.01]
 [-0.01  0.01]
 [-0.01  0.01]
 [-0.01  0.01]
 [-0.01  0.01]
 [-0.01  0.01]
 [-0.01  0.01]
 [-0.01  0.01]
 [-0.01  0.01]
 [-0.01  0.01]
 [-0.01  0.01]
 [-0.01  0.01]
 [-0.01  0.01]
 [-0.01  0.01]
 [-0.01  0.01]
 [-0.01  0.01]
 [-0.01  0.01]
 [-0.01  0.01]
 [-0.01  0.01]
 [-0.01  0.01]
 [-0.01  0.01]
 [-0.01  0.01]
 [-0.01  0.01]
 [-0.01  0.01]
 [-0.01  0.01]
 [-0.01  0.01]
 [-0.01  0.01]
 [-0.01  0.01]
 [-0.01  0.01]
 [-0.01  0.01]
 [-0.01  0.01]
 [-0.01  0.01]
 [-0.01  0.01]
 [-0.01  0.01]
 [-0.01  0.01]
 [-0.01  0.01]
 [-0.01  0.01]
 [-0.01  0.01]
 [-0.01  0.01]
 [-0.01  0.01]
 [-0.01  0.01]
 [-0.01  0.01]
 [-0.01  0.01]
 [-0.01  0.01]
 [-0.01  0.01]
 [-0.01  0.01]
 [-0.01  0.01]
 [-0.01  0.01]
 [-0.01  0.01]
 [-0.01  0.01]
 [-0.01  0.01]
 [-0.01  0.01]
 [-0.01  0.01]
 [-0.01  0.01]
 [-0.01  0.01]
 [-0.01  0.01]
 [-0.01  0.01]
 [-0.01  0.01]
 [-0.01  0.01]
 [-0.01  0.01]
 [-0.01  0.01]
 [-0.01  0.01]
 [-0.01  0.01]
 [-0.01  0.01]
 [-0.01  0.01]
 [-0.01  0.01]
 [-0.01  0.01]
 [-0.01  0.01]
 [-0.01  0.01]
 [-0.01  0.01]
 [-0.01  0.01]
 [-0.01  0.01]
 [-0.01  0.01]
 [-0.01  0.01]
 [-0.01  0.01]
 [-0.01  0.01]
 [-0.01  0.01]
 [-0.01  0.01]
 [-0.01  0.01]
 [-0.01  0.01]
 [-0.01  0.01]
 [-0.01  0.01]
 [-0.01  0.01]
 [-0.01  0.01]
 [-0.01  0.01]
 [-0.01  0.01]
 [-0.01  0.01]
 [-0.01  0.01]
 [-0.01  0.01]
 [-0.01  0.01]
 [-0.01  0.01]
 [-0.01  0.01]
 [-0.01  0.01]
 [-0.01  0.01]
 [ 0.98  1.02]
 [-0.2   0.2 ]
 [ 1.19  1.23]
 [ 0.66  0.7 ]]
Generation 1: Best Individual: [ 4.99851015e-03  7.19730255e-03  5.92820917e-03 -3.24887894e-03
  1.50908436e-03 -7.43565383e-03  3.62683337e-03 -9.86778313e-03
 -7.66867533e-04  7.64328191e-03 -8.35311434e-03  2.30971413e-03
  3.94439106e-03 -7.73527504e-03  3.12599337e-03 -3.16509633e-03
 -8.36891047e-04  4.07062244e-03  1.19594290e-03  4.84488645e-03
 -5.95075951e-03  1.06018909e-03 -9.34247868e-03  7.89421206e-03
 -5.62940707e-03  7.75604195e-03 -5.11746385e-03  2.06904027e-03
 -4.74121829e-03  6.91323451e-04 -6.14821755e-03  1.96701970e-03
  1.44482558e-03 -3.02594881e-04 -5.37672009e-03 -9.19898313e-03
 -5.59601296e-03  8.15371918e-04 -1.68649717e-03  8.63547925e-03
  8.05647469e-03  5.06361293e-03 -6.58167938e-03 -1.99511506e-03
  1.46125443e-03  9.16431343e-03  4.77275835e-03  9.09641580e-04
 -5.09662108e-03 -5.04813708e-03  5.56791961e-04 -9.30257141e-03
  5.37266089e-03 -5.22224767e-03 -3.63754514e-03 -5.01706443e-03
  3.36602014e-03  1.23408548e-03  4.86727758e-03  3.89888326e-03
  8.21141192e-03  1.77460406e-03 -8.60009512e-03  6.90960345e-03
  1.30655645e-03  9.82151734e-03  8.30615493e-03  5.12333601e-04
  4.56891141e-03  1.22443521e-03  7.90705026e-03 -7.09869860e-03
 -6.98635386e-03  5.44931480e-03  1.38022849e-04  1.89250415e-03
 -7.59118967e-03  3.93855846e-04 -7.50705649e-03 -3.36029045e-04
  3.89778663e-03  2.91167923e-03  7.49070239e-04  7.02971594e-03
 -4.44707691e-03 -8.92610707e-03  2.43045187e-03  1.19617951e-03
  3.52334483e-03 -1.01019957e-03  2.32841912e-03  7.44182078e-04
  1.20231865e-03  2.66720088e-03 -4.28863283e-03  2.39334863e-03
 -4.95961571e-03 -6.75423174e-03 -6.46393488e-03  5.02876171e-03
 -2.78970770e-03 -4.85941501e-04  2.78839660e-03 -2.01839969e-03
  1.65281651e-03 -8.60714746e-03  5.36233382e-03 -9.51544239e-04
  2.72357810e-03  6.34510793e-03  6.37149661e-04 -4.52084130e-03
  5.27555185e-03 -5.25034542e-03  9.82940780e-03 -5.15171059e-04
 -1.90221876e-03 -1.43038911e-03 -1.59744177e-03 -8.06549467e-03
  9.83582323e-01 -1.18848602e-01  1.19289418e+00  6.85294857e-01], Best Fitness: 3.040326739433528e-08
Generation 47: Best Individual: [ 4.99851015e-03  7.19730255e-03  5.92820917e-03 -3.24887894e-03
 -3.58193314e-03 -7.43565383e-03  3.62683337e-03 -9.86778313e-03
 -7.66867533e-04  1.62046124e-02 -8.35311434e-03  2.30971413e-03
  3.94439106e-03 -7.73527504e-03  3.12599337e-03 -3.16509633e-03
 -8.36891047e-04  4.07062244e-03  1.19594290e-03  4.84488645e-03
 -5.95075951e-03  1.06018909e-03 -9.34247868e-03  7.89421206e-03
 -5.62940707e-03  7.75604195e-03 -5.11746385e-03  2.06904027e-03
 -4.74121829e-03  6.91323451e-04 -6.14821755e-03  1.96701970e-03
  1.44482558e-03 -3.02594881e-04 -5.37672009e-03 -9.19898313e-03
 -5.59601296e-03  8.15371918e-04 -1.68649717e-03  8.63547925e-03
  8.05647469e-03  5.06361293e-03 -6.58167938e-03 -1.99511506e-03
  1.46125443e-03  9.16431343e-03  4.77275835e-03  9.09641580e-04
 -5.09662108e-03 -5.04813708e-03  5.56791961e-04 -9.30257141e-03
  5.37266089e-03 -5.22224767e-03 -3.63754514e-03 -5.01706443e-03
  3.36602014e-03  1.23408548e-03  4.86727758e-03  3.89888326e-03
  8.21141192e-03  1.77460406e-03 -8.60009512e-03  6.90960345e-03
  1.30655645e-03  9.82151734e-03  8.30615493e-03  5.12333601e-04
  4.56891141e-03  1.22443521e-03  7.90705026e-03 -7.09869860e-03
 -6.98635386e-03  5.44931480e-03  1.38022849e-04  1.89250415e-03
 -7.59118967e-03  3.93855846e-04 -7.50705649e-03 -3.36029045e-04
  3.89778663e-03  2.91167923e-03  7.49070239e-04  7.02971594e-03
 -4.44707691e-03 -8.92610707e-03  2.43045187e-03  1.19617951e-03
  3.52334483e-03 -1.01019957e-03  2.32841912e-03  7.44182078e-04
  1.20231865e-03  2.66720088e-03 -4.28863283e-03  2.39334863e-03
 -4.95961571e-03 -6.75423174e-03 -6.46393488e-03  5.02876171e-03
 -2.78970770e-03 -4.85941501e-04  2.78839660e-03 -2.01839969e-03
  1.65281651e-03 -8.60714746e-03  5.36233382e-03 -9.51544239e-04
  2.72357810e-03  6.34510793e-03  6.37149661e-04 -4.52084130e-03
  5.27555185e-03 -5.25034542e-03  9.82940780e-03 -5.15171059e-04
 -1.90221876e-03 -1.43038911e-03 -1.59744177e-03 -8.06549467e-03
  9.83582323e-01 -1.18848602e-01  1.19289418e+00  6.85294857e-01], Best Fitness: 3.1488157075491405e-08
Generation 58: Best Individual: [ 4.99851015e-03  7.19730255e-03  5.53679139e-03 -3.24887894e-03
 -9.59037685e-03 -7.43565383e-03  3.62683337e-03 -9.86778313e-03
 -7.66867533e-04  1.62046124e-02 -8.35311434e-03  2.30971413e-03
  3.94439106e-03 -7.73527504e-03  3.12599337e-03 -3.16509633e-03
 -8.36891047e-04  4.07062244e-03  1.19594290e-03  4.84488645e-03
 -5.95075951e-03  1.06018909e-03 -9.34247868e-03  7.89421206e-03
 -5.62940707e-03  7.75604195e-03 -5.11746385e-03  2.06904027e-03
 -4.74121829e-03  6.91323451e-04 -6.14821755e-03  1.96701970e-03
  1.44482558e-03 -3.02594881e-04 -5.37672009e-03 -9.19898313e-03
 -5.59601296e-03  8.15371918e-04 -1.68649717e-03  8.63547925e-03
  8.05647469e-03  5.06361293e-03 -6.58167938e-03 -1.99511506e-03
  1.46125443e-03  9.16431343e-03  4.77275835e-03  9.09641580e-04
 -5.09662108e-03 -5.04813708e-03  5.56791961e-04 -9.30257141e-03
  5.37266089e-03 -5.22224767e-03 -3.63754514e-03 -5.01706443e-03
  3.36602014e-03  1.23408548e-03  4.86727758e-03  3.89888326e-03
  8.21141192e-03  1.77460406e-03 -8.60009512e-03  6.90960345e-03
  1.30655645e-03  9.82151734e-03  8.30615493e-03  5.12333601e-04
  4.56891141e-03  1.22443521e-03  7.90705026e-03 -7.09869860e-03
 -6.98635386e-03  5.44931480e-03  1.38022849e-04  1.89250415e-03
 -7.59118967e-03  3.93855846e-04 -7.50705649e-03 -3.36029045e-04
  3.89778663e-03  2.91167923e-03  7.49070239e-04  7.02971594e-03
 -4.44707691e-03 -8.92610707e-03  2.43045187e-03  1.19617951e-03
  3.52334483e-03 -1.01019957e-03  2.32841912e-03  7.44182078e-04
  1.20231865e-03  2.66720088e-03 -4.28863283e-03  2.39334863e-03
 -4.95961571e-03 -6.75423174e-03 -6.46393488e-03  5.02876171e-03
 -2.78970770e-03 -4.85941501e-04  2.78839660e-03 -2.01839969e-03
  1.65281651e-03 -8.60714746e-03  5.36233382e-03 -9.51544239e-04
  2.72357810e-03  6.34510793e-03  6.37149661e-04 -4.52084130e-03
  5.27555185e-03 -5.25034542e-03  9.82940780e-03 -5.15171059e-04
 -1.90221876e-03 -1.43038911e-03 -1.59744177e-03 -8.06549467e-03
  9.83582323e-01 -1.18848602e-01  1.19289418e+00  6.85294857e-01], Best Fitness: 3.1668184027969334e-08
Generation 89: Best Individual: [ 4.99851015e-03  7.19730255e-03  5.53679139e-03 -3.24887894e-03
 -9.59037685e-03 -7.43565383e-03  3.62683337e-03 -9.86778313e-03
 -7.66867533e-04  1.62046124e-02 -8.35311434e-03  2.30971413e-03
  3.94439106e-03 -7.73527504e-03  3.12599337e-03 -3.16509633e-03
 -8.36891047e-04  4.07062244e-03  1.19594290e-03  4.84488645e-03
 -5.95075951e-03  1.06018909e-03 -9.34247868e-03  7.89421206e-03
 -5.62940707e-03  7.75604195e-03 -5.11746385e-03  2.06904027e-03
 -4.74121829e-03  6.91323451e-04 -6.14821755e-03  1.96701970e-03
  1.44482558e-03 -3.02594881e-04 -5.37672009e-03 -9.19898313e-03
 -5.59601296e-03  8.15371918e-04 -1.68649717e-03  8.63547925e-03
  8.05647469e-03  5.06361293e-03 -6.58167938e-03 -1.99511506e-03
  9.55316689e-03  9.16431343e-03  4.77275835e-03  9.09641580e-04
 -5.09662108e-03 -5.04813708e-03  5.56791961e-04 -9.30257141e-03
  5.37266089e-03 -5.22224767e-03 -3.63754514e-03 -5.01706443e-03
  3.36602014e-03  1.23408548e-03  4.86727758e-03  3.89888326e-03
  8.21141192e-03  1.77460406e-03 -8.60009512e-03  6.90960345e-03
  1.30655645e-03  9.82151734e-03  8.30615493e-03  5.12333601e-04
  4.56891141e-03  1.22443521e-03  7.90705026e-03 -7.09869860e-03
 -6.98635386e-03  5.44931480e-03  1.38022849e-04  1.89250415e-03
 -7.59118967e-03  3.93855846e-04 -7.50705649e-03 -3.36029045e-04
  3.89778663e-03  2.91167923e-03  7.49070239e-04  7.02971594e-03
 -4.44707691e-03 -8.92610707e-03  2.43045187e-03  1.19617951e-03
  3.52334483e-03 -1.01019957e-03  2.32841912e-03  7.44182078e-04
  1.20231865e-03  2.66720088e-03 -4.28863283e-03  2.39334863e-03
 -4.95961571e-03 -6.75423174e-03 -6.46393488e-03  5.02876171e-03
 -2.78970770e-03 -4.85941501e-04  2.78839660e-03 -2.01839969e-03
  1.65281651e-03 -8.60714746e-03  5.36233382e-03 -9.51544239e-04
  2.72357810e-03  6.34510793e-03  6.37149661e-04 -4.52084130e-03
  5.27555185e-03 -5.25034542e-03  9.82940780e-03 -5.15171059e-04
 -1.90221876e-03 -1.43038911e-03 -1.59744177e-03 -8.06549467e-03
  9.83582323e-01 -1.18848602e-01  1.19289418e+00  6.85294857e-01], Best Fitness: 3.241101771882562e-08
Generation 108: Best Individual: [ 4.99851015e-03  7.19730255e-03  5.53679139e-03 -3.24887894e-03
 -9.59037685e-03 -7.43565383e-03  3.62683337e-03 -9.86778313e-03
 -7.66867533e-04  1.62046124e-02 -8.35311434e-03  2.30971413e-03
  3.94439106e-03 -7.73527504e-03  3.12599337e-03 -3.16509633e-03
 -8.36891047e-04  4.07062244e-03  1.19594290e-03  4.84488645e-03
 -5.95075951e-03  1.06018909e-03 -9.34247868e-03  7.89421206e-03
 -5.62940707e-03  7.75604195e-03 -5.11746385e-03  2.06904027e-03
 -4.74121829e-03  6.91323451e-04 -6.14821755e-03  1.96701970e-03
  7.88235710e-03 -3.02594881e-04 -5.37672009e-03 -9.19898313e-03
 -8.86883929e-03  8.15371918e-04 -1.68649717e-03  8.63547925e-03
  8.05647469e-03  5.06361293e-03 -6.58167938e-03 -1.99511506e-03
  9.55316689e-03  9.16431343e-03  4.77275835e-03  9.09641580e-04
 -5.09662108e-03 -5.04813708e-03  5.56791961e-04 -9.30257141e-03
  5.37266089e-03 -5.22224767e-03 -3.63754514e-03 -5.01706443e-03
  3.36602014e-03  1.23408548e-03  4.86727758e-03  3.89888326e-03
  8.21141192e-03  1.77460406e-03 -8.60009512e-03  6.90960345e-03
  1.30655645e-03  9.82151734e-03  8.30615493e-03  5.12333601e-04
  4.56891141e-03  1.22443521e-03  7.90705026e-03 -7.09869860e-03
 -6.98635386e-03  5.44931480e-03  1.38022849e-04  1.89250415e-03
 -7.59118967e-03  3.93855846e-04 -7.50705649e-03 -3.36029045e-04
  3.89778663e-03  2.91167923e-03  7.49070239e-04  7.02971594e-03
 -4.44707691e-03 -8.92610707e-03  2.43045187e-03  1.19617951e-03
  3.52334483e-03 -1.01019957e-03  2.32841912e-03  7.44182078e-04
  1.20231865e-03  2.66720088e-03 -4.28863283e-03  2.39334863e-03
 -4.95961571e-03 -6.75423174e-03 -6.46393488e-03  5.02876171e-03
 -2.78970770e-03 -4.85941501e-04  2.78839660e-03 -2.01839969e-03
  1.65281651e-03 -8.60714746e-03  5.36233382e-03 -9.51544239e-04
  2.72357810e-03  6.34510793e-03  6.37149661e-04 -4.52084130e-03
  5.27555185e-03 -5.25034542e-03  9.82940780e-03 -5.15171059e-04
 -1.90221876e-03 -1.43038911e-03 -1.59744177e-03 -8.06549467e-03
  9.83582323e-01 -1.18848602e-01  1.19289418e+00  6.85294857e-01], Best Fitness: 3.3940457426431056e-08
Generation 114: Best Individual: [ 4.99851015e-03  7.19730255e-03  5.53679139e-03 -3.24887894e-03
 -9.59037685e-03 -7.43565383e-03  3.62683337e-03 -9.86778313e-03
 -7.66867533e-04  1.62046124e-02 -8.35311434e-03  2.30971413e-03
  3.94439106e-03 -7.73527504e-03  3.12599337e-03 -3.16509633e-03
 -8.36891047e-04  4.07062244e-03  1.19594290e-03  4.84488645e-03
 -5.95075951e-03  1.06018909e-03 -9.34247868e-03  7.89421206e-03
 -5.62940707e-03  7.75604195e-03 -5.11746385e-03  2.06904027e-03
 -4.74121829e-03  6.91323451e-04 -6.14821755e-03  1.96701970e-03
  7.88235710e-03 -3.02594881e-04 -5.37672009e-03 -9.19898313e-03
 -8.86883929e-03  8.15371918e-04 -1.68649717e-03  8.63547925e-03
  8.05647469e-03  5.06361293e-03 -6.58167938e-03 -1.99511506e-03
  9.55316689e-03  9.16431343e-03  4.77275835e-03  9.09641580e-04
 -5.09662108e-03 -5.04813708e-03  5.56791961e-04 -9.30257141e-03
  5.37266089e-03 -5.22224767e-03 -3.63754514e-03 -5.01706443e-03
  3.36602014e-03  1.23408548e-03  4.86727758e-03  3.89888326e-03
  8.21141192e-03  1.77460406e-03 -8.60009512e-03  6.90960345e-03
  1.30655645e-03  9.82151734e-03  8.30615493e-03  5.12333601e-04
  4.56891141e-03  1.22443521e-03  7.90705026e-03 -7.09869860e-03
 -6.98635386e-03  5.44931480e-03  1.38022849e-04  1.89250415e-03
 -7.59118967e-03  3.93855846e-04 -7.50705649e-03 -3.36029045e-04
  3.89778663e-03  2.91167923e-03  7.49070239e-04  7.02971594e-03
 -4.44707691e-03 -8.92610707e-03  2.43045187e-03  1.19617951e-03
  3.52334483e-03 -1.01019957e-03  2.32841912e-03  7.44182078e-04
  1.20231865e-03  2.66720088e-03 -4.28863283e-03  2.39334863e-03
 -4.95961571e-03  1.60358509e-03 -6.46393488e-03  5.02876171e-03
 -2.78970770e-03 -4.85941501e-04  2.78839660e-03 -2.01839969e-03
  1.65281651e-03 -8.60714746e-03  5.36233382e-03 -9.51544239e-04
  2.72357810e-03  6.34510793e-03  6.37149661e-04 -4.52084130e-03
  5.27555185e-03 -5.25034542e-03  9.82940780e-03 -5.15171059e-04
 -1.90221876e-03 -1.43038911e-03 -1.59744177e-03 -8.06549467e-03
  9.83582323e-01 -1.18848602e-01  1.19289418e+00  6.85294857e-01], Best Fitness: 3.4496221773241026e-08
Generation 116: Best Individual: [ 4.99851015e-03  7.19730255e-03  5.53679139e-03 -3.24887894e-03
 -9.59037685e-03 -7.43565383e-03  3.62683337e-03 -9.86778313e-03
 -7.66867533e-04  1.62046124e-02 -8.35311434e-03  2.30971413e-03
  3.94439106e-03 -7.73527504e-03  3.12599337e-03 -3.16509633e-03
 -8.36891047e-04  4.07062244e-03  1.19594290e-03  4.84488645e-03
 -5.95075951e-03  1.06018909e-03 -2.98765222e-03  7.89421206e-03
 -5.62940707e-03  7.75604195e-03 -5.11746385e-03  2.06904027e-03
 -4.74121829e-03  6.91323451e-04 -6.14821755e-03  1.96701970e-03
  7.88235710e-03 -3.02594881e-04 -5.37672009e-03 -9.19898313e-03
 -8.86883929e-03  8.15371918e-04 -1.68649717e-03  8.63547925e-03
  8.05647469e-03  5.06361293e-03 -6.58167938e-03 -1.99511506e-03
  9.55316689e-03  9.16431343e-03  4.77275835e-03  9.09641580e-04
 -5.09662108e-03 -5.04813708e-03  5.56791961e-04 -9.30257141e-03
  5.37266089e-03 -5.22224767e-03 -3.63754514e-03 -5.01706443e-03
  3.36602014e-03  1.23408548e-03  4.86727758e-03  3.89888326e-03
  8.21141192e-03  1.77460406e-03 -8.60009512e-03  6.90960345e-03
  1.30655645e-03  9.82151734e-03  8.30615493e-03  5.12333601e-04
  4.56891141e-03  1.22443521e-03  7.90705026e-03 -7.09869860e-03
 -6.98635386e-03  5.44931480e-03  1.38022849e-04  1.89250415e-03
 -7.59118967e-03  3.93855846e-04 -7.50705649e-03 -3.36029045e-04
  3.89778663e-03  2.91167923e-03  7.49070239e-04  7.02971594e-03
 -4.44707691e-03 -8.92610707e-03  2.43045187e-03  1.19617951e-03
  3.52334483e-03 -1.01019957e-03  2.32841912e-03  7.44182078e-04
  1.20231865e-03  2.66720088e-03 -4.28863283e-03  2.39334863e-03
 -4.95961571e-03 -6.75423174e-03 -6.46393488e-03  5.02876171e-03
 -2.78970770e-03 -4.85941501e-04  2.78839660e-03 -2.01839969e-03
  1.65281651e-03 -8.60714746e-03  5.36233382e-03 -9.51544239e-04
  2.72357810e-03  6.34510793e-03 -1.81281551e-03 -4.52084130e-03
  5.27555185e-03 -5.25034542e-03  9.82940780e-03 -5.15171059e-04
 -1.90221876e-03 -1.43038911e-03 -1.59744177e-03 -8.06549467e-03
  9.83582323e-01 -1.18848602e-01  1.19289418e+00  6.85294857e-01], Best Fitness: 3.539302145758137e-08
Generation 118: Best Individual: [ 4.61527908e-03  6.93884920e-03  5.38206380e-03 -2.72735574e-03
 -9.27046038e-03 -7.00596876e-03  3.51644573e-03 -9.85366872e-03
 -7.10735414e-04  1.60236135e-02 -8.23414651e-03  2.33115822e-03
  3.35095306e-03 -7.53718648e-03  3.14506709e-03 -3.53159896e-03
 -6.23095083e-04  4.02900953e-03  1.05043058e-03  4.37326137e-03
 -5.92605127e-03  1.06057459e-03 -7.71689160e-03  7.47414885e-03
 -5.58669850e-03  7.60195256e-03 -4.84498963e-03  2.00979592e-03
 -4.75869399e-03  7.53859975e-04 -6.08719040e-03  1.81608815e-03
  5.25174537e-03 -2.46244972e-04 -5.31789031e-03 -3.00494908e-03
 -7.68405796e-03  7.97932651e-04 -1.67859598e-03  8.27516876e-03
  7.90502727e-03  5.02745324e-03 -6.55086171e-03 -8.20378156e-03
  6.03825571e-03  8.90402023e-03  4.71715000e-03  1.06721432e-03
 -5.01611791e-03 -4.93350153e-03  3.56269568e-04 -1.24721659e-02
  5.36577176e-03 -5.10982437e-03 -3.59665623e-03 -4.86166160e-03
  3.23044882e-03  2.20006380e-03  4.47841393e-03  3.86887436e-03
  7.16918145e-03  1.77593134e-03 -8.49549768e-03  6.57555162e-03
  1.21391169e-03  9.57512513e-03  7.84888000e-03  5.59771652e-04
  4.27071151e-03  1.55906682e-03  7.26199129e-03 -6.49258089e-03
 -6.81551233e-03  4.90739154e-03  7.84499757e-05  2.10053520e-03
 -7.04134273e-03  3.97418098e-04 -7.43324262e-03  5.13825665e-05
  3.85280213e-03  2.91722037e-03  7.35249475e-04  7.01996459e-03
 -4.43008487e-03 -8.20680878e-03  1.80790412e-03  5.01250218e-03
  3.81138068e-03 -7.57418195e-04  2.31393264e-03  7.74865662e-04
  1.02522281e-03  2.55067225e-03 -4.30072147e-03  2.43723761e-03
 -4.48966828e-03 -1.38082184e-03 -6.12855968e-03  4.94481942e-03
 -2.79083098e-03 -4.85862653e-04  2.75872244e-03 -2.00469294e-03
  1.59433390e-03 -8.57723249e-03  5.19045268e-03 -9.63895857e-04
  2.63856732e-03  6.17049153e-03 -1.36484879e-03  4.39514381e-04
  5.17849536e-03 -4.81380556e-03  9.80885952e-03 -4.96435208e-04
 -1.86000278e-03 -1.44360035e-03 -1.52201298e-03 -7.64689746e-03
  9.83562992e-01 -1.15671784e-01  1.19335813e+00  6.84895863e-01], Best Fitness: 3.5731098929777395e-08
Generation 143: Best Individual: [ 4.32023748e-03  6.57103631e-03  5.00011381e-03 -4.13390205e-03
 -8.87042214e-03 -1.13516888e-02  3.27275766e-03 -8.50626908e-03
 -8.98726354e-04  1.50631076e-02 -6.93743531e-03  2.33643921e-03
  3.11283368e-03 -7.26883717e-03  3.97621553e-03 -3.37438971e-03
 -6.26712028e-04  3.38014036e-03  1.53115980e-03  3.90658343e-03
 -5.77635077e-03  1.03167516e-03 -7.47461683e-03  6.52826627e-03
 -5.64496240e-03  6.61531206e-03 -6.47600827e-03  8.89336166e-04
 -4.71370395e-03  2.11131221e-03 -5.97568516e-03  1.74755685e-03
  5.21365333e-03  6.93793185e-04 -5.47223296e-03 -3.61584100e-03
 -6.96542430e-03 -1.93759195e-05 -1.37431228e-03  7.77478716e-03
  7.59589664e-03  3.84389695e-03 -6.18872586e-03 -5.46960308e-03
  3.27452842e-03  8.90476477e-03  4.38703935e-03  1.07052885e-03
 -4.23444184e-03 -4.93775094e-03  3.46744167e-04 -1.15172660e-02
  5.08083690e-03 -4.62334490e-03 -3.38916587e-03 -4.99290118e-03
  1.51301048e-03  2.20408945e-03  4.09093214e-03  3.83919334e-03
  6.78547666e-03  1.69444488e-03 -8.62225483e-03  6.40887171e-03
  8.87531098e-04  8.86192963e-03  7.80130416e-03  7.22526254e-04
  4.11451872e-03  1.49717059e-03  7.20835108e-03 -6.08404843e-03
 -3.83242338e-03  4.43566969e-03  1.28083700e-04  2.16664428e-03
 -7.31655543e-03  1.49933395e-04 -7.28326903e-03  8.97612766e-04
  3.68136664e-03  2.91647883e-03  2.73799270e-04  6.72215935e-03
 -4.22209325e-03 -7.97908157e-03  1.96091292e-03  4.95102506e-03
  3.23908035e-03 -8.04037730e-04  2.23530125e-03  1.07431441e-03
  8.42076757e-04  3.78807785e-03 -4.51031635e-03  2.09179808e-03
 -3.39093859e-03 -3.20453750e-03 -5.77367919e-03  4.54181782e-03
 -2.80960628e-03 -5.61025055e-04  2.84791704e-03 -1.35793651e-03
  2.31052247e-03 -8.56670441e-03  4.64646229e-03 -1.33599482e-03
  2.48391551e-03  5.99789963e-03 -1.27867901e-03  1.15193226e-04
  4.34844866e-03 -4.82685917e-03  9.71799092e-03 -4.45428569e-04
 -1.78884610e-03 -1.52673821e-03 -8.10033718e-03 -6.90822915e-03
  9.84137213e-01 -1.11256127e-01  1.19390254e+00  6.84873655e-01], Best Fitness: 3.743218742113221e-08
Generation 149: Best Individual: [ 4.32023748e-03  6.57103631e-03  5.00011381e-03 -4.13390205e-03
 -8.87042214e-03 -1.13516888e-02  3.27275766e-03 -8.50626908e-03
 -8.98726354e-04  1.50631076e-02 -6.93743531e-03  2.33643921e-03
  3.11283368e-03 -7.26883717e-03  3.97621553e-03 -3.37438971e-03
 -6.26712028e-04  3.38014036e-03  1.53115980e-03  3.90658343e-03
 -5.77635077e-03  1.03167516e-03 -7.47461683e-03  6.52826627e-03
 -5.64496240e-03  6.61531206e-03 -6.47600827e-03  8.89336166e-04
 -4.71370395e-03  2.11131221e-03 -5.97568516e-03  1.74755685e-03
  5.21365333e-03  6.93793185e-04 -5.47223296e-03 -3.61584100e-03
 -6.96542430e-03 -1.93759195e-05 -1.37431228e-03  7.77478716e-03
  7.59589664e-03  3.84389695e-03 -6.18872586e-03 -5.46960308e-03
  3.27452842e-03  8.90476477e-03  1.36301419e-02  1.07052885e-03
 -4.23444184e-03 -4.93775094e-03  3.46744167e-04 -1.15172660e-02
  5.08083690e-03 -4.62334490e-03 -3.38916587e-03 -4.99290118e-03
  1.51301048e-03  2.20408945e-03  4.09093214e-03  3.83919334e-03
  6.78547666e-03  1.69444488e-03 -8.62225483e-03  6.40887171e-03
  8.87531098e-04  8.86192963e-03  7.80130416e-03  7.22526254e-04
  4.11451872e-03  1.49717059e-03  7.20835108e-03 -6.08404843e-03
 -3.83242338e-03  4.43566969e-03  1.28083700e-04  2.16664428e-03
 -7.31655543e-03  1.49933395e-04 -7.28326903e-03  8.97612766e-04
  3.68136664e-03  2.91647883e-03  2.73799270e-04  6.72215935e-03
 -4.22209325e-03 -7.97908157e-03  1.96091292e-03  4.95102506e-03
  3.23908035e-03 -8.04037730e-04  2.23530125e-03  1.07431441e-03
  8.42076757e-04  3.78807785e-03 -4.51031635e-03  2.09179808e-03
 -3.39093859e-03 -3.20453750e-03 -5.77367919e-03  4.54181782e-03
 -2.80960628e-03 -5.61025055e-04  2.84791704e-03 -1.35793651e-03
  2.31052247e-03 -8.56670441e-03  4.64646229e-03 -1.33599482e-03
  2.48391551e-03  5.99789963e-03 -1.27867901e-03  1.15193226e-04
  4.34844866e-03 -4.82685917e-03  9.71799092e-03 -4.45428569e-04
 -1.78884610e-03 -1.52673821e-03 -8.10033718e-03 -6.90822915e-03
  9.84137213e-01 -1.11256127e-01  1.19390254e+00  6.84873655e-01], Best Fitness: 3.9292385610304145e-08
Generation 150: Best Individual: [ 4.28501871e-03  6.54766762e-03  4.83127963e-03 -3.77196899e-03
 -8.45927859e-03 -1.10017353e-02  3.05259527e-03 -5.85459765e-03
 -9.80442372e-04  1.49763474e-02 -7.11135337e-03 -2.02942928e-03
  3.06623119e-03 -1.41620980e-02  3.91862986e-03 -3.78364917e-03
 -7.21848783e-04  3.63767764e-03  1.58333282e-03  3.92244753e-03
 -5.83360558e-03  1.02775641e-03 -7.28008417e-03  7.19885634e-03
 -5.72527191e-03  6.23684693e-03 -4.60531309e-03  7.59492796e-04
 -4.60842765e-03  1.41792032e-03 -5.97719690e-03  1.38979524e-03
  5.17815581e-03  8.00207562e-04 -5.36586932e-03 -1.19821984e-02
 -8.07772858e-03  2.70698325e-04 -1.08160123e-03  7.75667991e-03
  6.99903433e-03  4.13968569e-03 -5.55952156e-03 -4.15813578e-03
  3.28479496e-03  8.99778974e-03  1.06831167e-02  1.06405806e-03
 -6.98561674e-03 -4.94873651e-03  2.30354178e-04 -8.79000089e-03
  4.77743088e-03 -4.57530057e-03 -3.32960062e-03 -4.99185819e-03
  2.61646609e-03  2.02287154e-03  3.52553661e-03  3.84651844e-03
  6.87828972e-03  1.82827061e-03 -8.46609738e-03  5.96941851e-03
  8.87530655e-04  8.78784049e-03  7.59656042e-03  6.69794184e-04
  4.03692250e-03  1.31412651e-03  7.20868905e-03 -6.19575260e-03
 -4.48319953e-03  4.57470817e-03 -1.41555045e-04  2.23022125e-03
 -7.30663227e-03  5.05966206e-05 -7.10555025e-03  1.09847797e-03
  3.93876359e-03  2.93880415e-03  7.49660222e-03  6.38075566e-03
 -4.22297078e-03 -7.40632083e-03  1.96888696e-03  1.47756484e-03
  2.88772412e-03 -1.04504624e-03  3.71068176e-03  1.54543703e-03
  8.41253466e-04  3.11610413e-03 -3.32452490e-03  2.09753625e-03
 -3.37057307e-03 -4.01378195e-03 -3.90304599e-03  4.49068861e-03
 -2.71312321e-03 -4.79466302e-04  2.83623182e-03 -1.45556195e-03
  1.65095508e-03 -8.22509823e-03  5.40522066e-03 -3.19486118e-03
  2.40663398e-03  5.86792625e-03  1.29657553e-03 -1.24222051e-03
  4.17800644e-03 -5.47142107e-03  9.51859044e-03 -5.29999412e-04
 -1.62803050e-03 -1.53440677e-03 -7.12092617e-03 -6.94572685e-03
  9.85547831e-01 -1.10743252e-01  1.19411710e+00  6.84871729e-01], Best Fitness: 4.0460181820406196e-08
Generation 178: Best Individual: [ 4.51635349e-03  6.22979568e-03  4.89387153e-03 -3.06280779e-03
 -8.03809089e-03 -9.10740285e-03  2.44705711e-03 -7.95617270e-03
 -1.02307429e-03  1.48616569e-02 -7.97800811e-03  1.01850336e-04
  3.33690415e-03 -1.17065354e-02  3.51368352e-03 -3.40077594e-03
 -1.37667285e-03  3.49139644e-03  2.16226675e-03  4.55629212e-03
 -4.89029469e-03  8.27627275e-04 -7.12670739e-03  7.24976057e-03
 -5.81605836e-03  1.02918074e-02 -4.74181949e-03  8.23448938e-04
 -4.62675732e-03  6.52879894e-04 -5.43891988e-03  8.43245452e-04
  5.49989303e-03  1.22808242e-03 -6.17455277e-03 -8.17775475e-03
 -7.77097358e-03  7.77957142e-04 -1.00172408e-03  7.68194256e-03
  7.14411085e-03  4.72618769e-03 -6.11877161e-03 -3.94256269e-03
  3.72209662e-03  9.60834251e-03  8.80259818e-03  7.35105124e-04
 -5.01961074e-03 -5.03524121e-03  2.48575732e-04 -1.92815019e-02
  4.85781854e-03 -4.77667953e-03 -2.73211080e-03 -5.05598444e-03
  3.51296433e-03  1.88409533e-03  5.88165084e-03  4.16038583e-03
  6.69460562e-03  1.89166959e-03 -8.53769397e-03  6.18161351e-03
  1.31180443e-04  8.14736418e-03  7.60472663e-03 -6.22707308e-04
  2.64711062e-03  8.67852701e-04  5.35527188e-03 -6.09658955e-03
 -5.08662145e-03  4.21078049e-03  4.96793494e-04 -6.22106386e-03
 -7.25430962e-03 -3.70348981e-03 -5.19373024e-03  1.19192608e-03
  4.26247102e-03  9.79105490e-03  6.15291402e-03  6.19022134e-03
 -3.50959412e-03 -7.47239634e-03  3.24336112e-04  1.42100139e-03
  3.19786123e-03 -1.74044670e-03  2.89186720e-03  1.56843880e-03
  9.87660968e-04  2.24285038e-03 -4.48053011e-03  2.26466831e-03
 -3.85959188e-03 -4.11657964e-03 -4.47214774e-03  4.40239366e-03
 -2.47211091e-03 -1.05680674e-03  3.02511392e-03 -1.32345283e-03
  7.97780054e-04 -8.69075590e-03  5.80261081e-03 -2.56583314e-03
  3.21708197e-03  5.35161700e-03  1.46783599e-03 -1.46754706e-03
  3.70786127e-03 -4.33550583e-03  9.22784619e-03 -5.06499524e-04
 -8.14926290e-04 -1.42790667e-03 -4.67295796e-03 -6.88128946e-03
  1.00292267e+00 -1.07729015e-01  1.19420455e+00  6.84899132e-01], Best Fitness: 4.065427994570588e-08
Generation 180: Best Individual: [ 4.51635349e-03  6.22979568e-03  1.47569267e-02 -3.06280779e-03
 -8.03809089e-03 -9.10740285e-03  2.44705711e-03 -7.95617270e-03
 -1.02307429e-03  1.48616569e-02 -7.97800811e-03  1.01850336e-04
  3.33690415e-03 -1.17065354e-02  3.51368352e-03 -3.40077594e-03
 -1.37667285e-03  3.49139644e-03  2.16226675e-03  4.55629212e-03
 -4.89029469e-03  8.27627275e-04 -7.12670739e-03  7.24976057e-03
 -5.81605836e-03  1.02918074e-02 -4.74181949e-03  8.23448938e-04
 -4.62675732e-03  6.52879894e-04 -5.43891988e-03  8.43245452e-04
  5.49989303e-03  1.22808242e-03 -6.17455277e-03 -8.17775475e-03
 -7.77097358e-03  7.77957142e-04 -1.00172408e-03  7.68194256e-03
  7.14411085e-03  4.72618769e-03 -6.11877161e-03 -3.94256269e-03
  3.72209662e-03  9.60834251e-03  8.80259818e-03  7.35105124e-04
 -5.01961074e-03 -5.03524121e-03  2.48575732e-04 -1.92815019e-02
  4.85781854e-03 -4.77667953e-03 -2.73211080e-03 -5.05598444e-03
  3.51296433e-03  1.88409533e-03  5.88165084e-03  4.16038583e-03
  1.08568359e-02  1.89166959e-03 -8.53769397e-03  6.18161351e-03
  1.31180443e-04  8.14736418e-03  7.60472663e-03 -6.22707308e-04
  2.64711062e-03  8.67852701e-04  5.35527188e-03 -6.09658955e-03
 -5.08662145e-03  4.21078049e-03  4.96793494e-04 -6.22106386e-03
 -7.25430962e-03 -3.70348981e-03 -5.19373024e-03  1.19192608e-03
  4.26247102e-03  9.79105490e-03  6.15291402e-03  6.19022134e-03
 -3.50959412e-03 -7.47239634e-03  3.24336112e-04  1.42100139e-03
  3.19786123e-03 -1.74044670e-03  2.89186720e-03  1.56843880e-03
  9.87660968e-04  2.24285038e-03 -4.48053011e-03  2.26466831e-03
 -3.85959188e-03 -4.11657964e-03 -4.47214774e-03  4.40239366e-03
 -2.47211091e-03 -1.05680674e-03  3.02511392e-03 -1.32345283e-03
  7.97780054e-04 -8.69075590e-03  5.80261081e-03 -2.56583314e-03
  3.21708197e-03  5.35161700e-03  1.46783599e-03 -1.46754706e-03
  3.70786127e-03 -4.33550583e-03  9.22784619e-03 -5.06499524e-04
 -8.14926290e-04 -1.42790667e-03 -4.67295796e-03 -6.88128946e-03
  1.00292267e+00 -1.07729015e-01  1.19420455e+00  6.84899132e-01], Best Fitness: 4.333699165722336e-08
Generation 189: Best Individual: [ 4.81978931e-03  5.97339258e-03  1.21794205e-02 -3.21582922e-03
 -8.05702430e-03 -9.13229012e-03  2.95053850e-03 -8.04385093e-03
 -1.09786838e-03  1.61678501e-02 -7.93434176e-03  9.71493195e-05
  3.39679273e-03 -1.19037339e-02  3.46597004e-03 -3.54945762e-03
 -1.07401655e-03  3.14473544e-03  1.93132882e-03  4.50709673e-03
 -4.68217959e-03  9.63576321e-04 -7.26433243e-03  7.87202279e-03
 -5.87897618e-03  8.75108036e-03 -4.46291728e-03  7.19561785e-04
 -4.25648292e-03  1.07487998e-03 -5.46811605e-03  6.34787192e-04
  5.82561640e-03  1.19564452e-03 -5.80443401e-03 -8.36619974e-03
 -7.22364507e-03  4.59350628e-04 -1.86863322e-03  7.88859008e-03
  7.55572966e-03  4.86244974e-03 -5.74685495e-03 -8.16234102e-03
  3.61250922e-03  9.76393954e-03  8.43279049e-03  6.58624678e-04
 -5.33139969e-03 -5.10530682e-03  1.32190966e-04 -1.89128580e-02
  4.77093068e-03 -3.12222298e-03 -2.39975322e-03 -5.66241108e-03
  2.47612960e-03  1.85299630e-03  5.74625010e-03  3.95229299e-03
  7.40064883e-03  1.80109309e-03 -8.35859467e-03  6.09970111e-03
  1.80050119e-04  6.46026067e-03  7.28149617e-03  1.27539552e-03
  2.80772518e-03  9.04337579e-04  6.07837030e-03 -6.17850271e-03
 -4.95244087e-03  3.68334542e-03  1.53036964e-04 -7.78010221e-04
 -7.20100153e-03 -4.53683397e-03 -5.81715332e-03  1.22280432e-03
  6.53038130e-03  4.19383694e-03  5.64063411e-03  8.01981356e-03
 -1.09901385e-02 -7.41040224e-03  2.02170468e-03  1.49830050e-03
  2.94583341e-03 -1.77509730e-03  2.80877224e-03 -5.06227163e-03
  3.22187528e-04  2.23263203e-03 -3.84193586e-03  2.13235938e-03
 -3.66256068e-03 -3.84618066e-03 -4.97507834e-03  4.38788805e-03
 -2.42078234e-03 -9.62577981e-04  2.97015492e-03 -1.24015274e-03
  8.76187930e-04 -8.57957790e-03  6.04582273e-03 -2.73674417e-03
  2.45023187e-03  5.71687053e-03  1.33606971e-03 -1.71949437e-03
  4.01587433e-03 -4.50680178e-03  1.00212948e-02 -5.35159346e-04
 -1.17113850e-03 -1.25373574e-03 -4.99020107e-03 -7.13971311e-03
  9.99694670e-01 -1.06895442e-01  1.19423943e+00  6.85010592e-01], Best Fitness: 4.7892326860275395e-08
Generation 190: Best Individual: [ 4.74502989e-03  5.93242466e-03  7.87909703e-03 -3.01362278e-03
 -7.66423112e-03 -9.89530996e-03  2.87226823e-03 -7.59271077e-03
 -1.07236846e-03  1.58854209e-02 -7.93343437e-03  2.06635059e-05
  3.45975947e-03 -1.14304016e-02  3.41561802e-03 -3.10641857e-03
 -1.04721818e-03  3.13964208e-03  1.83281176e-03  4.50934185e-03
 -4.96544535e-03  9.72096912e-04 -6.54673528e-03  6.61051042e-03
 -5.75850834e-03  8.42890979e-03 -4.56624111e-03  7.14469233e-04
 -4.26320528e-03  7.37985667e-04 -5.33311141e-03  4.82797259e-04
  5.38005466e-03  1.51809252e-03 -5.65542577e-03 -8.33176312e-03
 -7.05577199e-03  3.21817114e-04 -1.29380142e-03  7.85558963e-03
  7.40426363e-03  4.92926651e-03 -5.99379803e-03 -6.73139038e-03
  3.61152341e-03  9.02249153e-03  1.21164977e-02  6.78162894e-04
 -5.34616501e-03 -5.18203503e-03 -8.26164436e-06 -1.80810916e-02
  4.81065861e-03 -4.74686292e-03 -2.86393824e-03 -5.36927820e-03
  2.53325190e-03  1.30688226e-03  5.14401254e-03  4.03771556e-03
  7.08168947e-03  1.77605864e-03 -8.42465500e-03  6.10498000e-03
  1.26949440e-04  6.53231590e-03  6.80593120e-03  7.35366035e-04
  2.91684755e-03  1.18073585e-03  9.40573504e-03 -6.22316459e-03
 -4.99000412e-03  3.77716113e-03  1.59558349e-04  8.04872952e-04
 -7.19688690e-03 -4.46711233e-03 -5.69815966e-03  1.18904429e-03
  6.49863193e-03  4.15866432e-03  5.60296814e-03  6.71113341e-03
 -7.32011782e-03 -9.30292990e-03  2.05498247e-03  2.21709563e-03
  2.96411514e-03 -1.74934314e-03  2.83307327e-03 -4.10246585e-03
  3.41161743e-04  2.22500186e-03 -3.67097064e-03  1.84568308e-03
 -3.64830727e-03 -4.23549677e-03 -5.12993249e-03  4.82266188e-03
 -2.60552484e-03 -9.27100138e-04  2.96941465e-03  1.55189024e-03
  8.83588588e-04 -8.54775013e-03  6.05283804e-03 -2.64796208e-03
  2.68326888e-03  5.73015876e-03  1.33420629e-03 -1.56644575e-03
  3.97001544e-03 -4.69275824e-03  9.43524016e-03 -5.55334648e-04
 -1.47273170e-03 -1.35128373e-03 -1.25927120e-02 -7.01132727e-03
  9.93962046e-01 -1.06684000e-01  1.19416024e+00  6.85252314e-01], Best Fitness: 5.029815638682348e-08
Generation 210: Best Individual: [ 4.73617485e-03  5.82960571e-03  6.72755995e-03 -3.23601711e-03
 -7.80336320e-03 -9.46985923e-03  2.16420017e-03 -7.85862200e-03
 -1.11213259e-03  1.52112942e-02 -7.67410652e-03  4.24126970e-04
  3.12754780e-03 -1.11100332e-02  3.46653386e-03 -3.43173084e-03
 -1.12375292e-03  3.06471575e-03  1.67812773e-03  5.14726219e-03
 -4.31122785e-03 -3.89363727e-03 -6.96494736e-03  7.36436535e-03
  4.50344031e-03  8.84233144e-03 -4.64115013e-03  5.43620733e-04
 -5.61626829e-03  5.53320002e-04 -5.20279754e-03  8.96695491e-04
  5.50767468e-03  1.31357192e-03 -5.95769428e-03 -9.56975833e-03
 -7.59917082e-03  2.56797281e-04 -9.21889617e-04  7.79743593e-03
  7.23791781e-03  4.71884454e-03 -6.37695172e-03 -5.39236838e-03
  3.71534433e-03  9.31029602e-03  1.13711571e-02  6.15486097e-04
 -5.04216141e-03 -5.48390147e-03 -2.88109482e-04 -1.61462831e-02
  1.55138762e-03 -4.01137632e-03 -2.85673202e-03 -5.43492408e-03
  2.11529156e-03 -4.15751809e-04  4.21981454e-03  3.28105498e-03
  7.24498806e-03  1.29630699e-03 -8.60640031e-03  6.25347981e-03
 -5.70317861e-03  7.36772239e-03  8.27785778e-03  5.05256170e-04
  3.80994000e-03  1.25125742e-03  8.77731594e-03 -6.03903760e-03
 -3.02932683e-03  4.23712348e-03  4.55052480e-04  1.61213031e-03
 -7.29456154e-03 -4.25068326e-03 -5.34112857e-03  1.11163618e-03
  4.72146617e-03  4.12543432e-03  1.46542812e-02  6.44422963e-03
 -6.35370190e-03 -8.01230843e-03  2.03430860e-03 -1.56726490e-03
  2.62255079e-03 -1.34517869e-03  2.94704086e-03 -6.59332029e-04
  3.81737389e-04  2.17423268e-03 -3.63641543e-03  1.81933059e-03
 -2.99683078e-03 -4.17646586e-03 -4.74273290e-03  4.48242561e-03
 -1.07417949e-03 -7.41923715e-04  2.76907972e-03 -1.97754792e-03
  1.47836347e-03 -8.80735000e-03  5.99088775e-03 -2.73823183e-03
  2.64444133e-03  5.60286314e-03  1.15637173e-03 -6.46277850e-04
  4.17524669e-03 -4.80599848e-03  9.72463817e-03 -5.69132711e-04
 -2.44750708e-03 -1.57783574e-03 -7.32676865e-03 -6.59784613e-03
  9.94320446e-01 -1.07488619e-01  1.19443252e+00  6.90347305e-01], Best Fitness: 5.173067700912381e-08
Generation 213: Best Individual: [ 2.28164712e-03  5.77826702e-03  6.78560571e-03 -3.68613818e-03
 -7.74175997e-03 -9.12464869e-03  1.74398882e-03 -7.44401726e-03
 -1.46588977e-03  1.58269879e-02 -7.45772406e-03  4.93931600e-04
  3.19712746e-03 -2.02185608e-02  3.50386648e-03 -3.61463558e-03
 -1.07236136e-03 -8.64061952e-04  2.03918402e-03  4.97536474e-03
 -5.69344982e-03  1.17066774e-03 -7.12297266e-03  6.76470753e-03
 -5.38634750e-03  8.78149583e-03 -4.21290647e-03  5.43817342e-04
 -6.00340049e-03  7.71877681e-04 -4.79118764e-03  6.78474359e-03
  5.39010119e-03  1.54202449e-03 -5.51375649e-03 -8.66904883e-03
 -7.58732393e-03 -3.09493508e-04 -1.23824224e-03  7.60773541e-03
  7.65764458e-03  5.39514020e-03 -6.76127620e-03 -5.34532539e-03
  3.67706581e-03  9.02986038e-03  9.54161160e-03  5.83397806e-04
 -5.55770903e-03 -5.93125576e-03 -4.77389553e-04 -1.11049293e-02
  2.75378696e-03 -4.84097433e-03 -2.89005957e-03 -5.66957745e-03
  2.30427323e-03 -7.12849888e-04  4.41581455e-03  2.95999125e-03
  7.20120997e-03  3.86964175e-04 -9.19018893e-03  6.27633169e-03
 -4.22086304e-03  7.58392591e-03  5.68066777e-03 -1.07841245e-04
  5.47003473e-03  1.06983053e-03  7.10010557e-03 -5.80794918e-03
 -4.79080076e-03  8.90224386e-03  9.16783606e-04  1.95868943e-03
 -7.87822933e-03 -3.12720554e-03 -6.35128882e-03  8.72947021e-04
  5.22027941e-03  4.17859870e-03  4.94598418e-03  6.47463565e-03
 -5.80847063e-03 -7.89707680e-03  3.88807517e-03  1.65737034e-03
  2.50689539e-03  3.22974946e-03  4.00478345e-03 -5.47468733e-04
  6.09066296e-04  1.99013788e-03 -4.26089000e-03  1.31252079e-03
 -2.13391588e-03 -4.08993169e-03 -4.97778688e-03  4.87780722e-03
 -4.15484991e-03 -1.44786528e-04  3.09792786e-03  5.74807121e-03
  1.35309032e-03 -9.04171903e-03  5.73415010e-03 -2.95495536e-03
  3.31072391e-03  6.75152998e-03 -5.32941730e-03 -7.87572620e-04
  4.10705008e-03 -5.03272337e-03  9.96802747e-03 -4.40945771e-04
 -8.49215460e-03 -1.46474046e-03 -5.94170905e-03 -6.92893685e-03
  9.89751644e-01 -1.07552536e-01  1.19552664e+00  6.85012810e-01], Best Fitness: 5.394275656512519e-08
Generation 221: Best Individual: [ 3.89315655e-03  5.75079617e-03  6.57339575e-03 -3.70428631e-03
 -7.82267773e-03 -9.29130532e-03  2.07431210e-03 -7.60996287e-03
  1.01004165e-03  1.56383648e-02 -7.22003734e-03  3.67231398e-04
  3.22121281e-03 -1.94336053e-02  5.34313419e-03 -4.15293889e-03
 -1.10370393e-03  1.25453140e-03  1.33175910e-03  4.94206588e-03
 -5.07021051e-03  9.78062453e-04 -7.15351534e-03  6.65691550e-03
 -5.03560512e-03  7.23238739e-03 -4.26816558e-03  5.42205429e-04
 -5.82469336e-03  7.35256435e-04 -5.45902417e-03  1.92437616e-03
  6.02186672e-03  1.70149445e-03 -5.59618363e-03 -9.07658695e-03
 -7.41250292e-03  5.99445457e-06 -1.16885175e-03  7.70798618e-03
  7.14563116e-03  5.10397458e-03 -6.90315642e-03 -5.33581567e-03
  3.66332078e-03  9.47194795e-03  9.96538547e-03  5.91521093e-04
 -5.60578336e-03 -3.89162904e-03 -4.22255958e-04 -1.14409996e-02
  2.81426093e-03 -2.29062524e-03 -2.69195157e-03 -5.43611143e-03
  2.17296706e-03  1.41820606e-03  4.41618437e-03  3.51100038e-03
  7.18235116e-03  7.16122967e-04 -8.56315390e-03  6.22632070e-03
 -2.98683981e-03  7.58717339e-03  6.85751957e-03  3.40362988e-04
  5.19910082e-03  6.37660541e-04  7.12622681e-03 -5.02060784e-03
 -4.74981825e-03  5.82327514e-03  9.21626315e-04  1.94660753e-03
 -7.51767189e-03 -3.07343387e-03 -6.28737918e-03  7.43082131e-04
  5.00301747e-03  4.59010493e-03  5.19434983e-03  6.41841841e-03
 -5.80828048e-03 -8.00365178e-03  3.24119781e-03  1.67311285e-03
  2.73237728e-03  9.84263622e-04  4.73812087e-04 -5.33781318e-04
  7.14706113e-04 -1.64899095e-06 -4.22872647e-03  1.31644982e-03
 -2.18791390e-03 -3.75763098e-03 -4.73343667e-03  4.97656520e-03
 -3.64051850e-03 -3.29513887e-04  3.10045590e-03  2.46174346e-03
  1.39442826e-03 -9.04337332e-03  5.22011203e-03 -2.97849489e-03
  3.20179418e-03  6.65545964e-03 -3.00807012e-03 -7.94275711e-04
  3.98983100e-03 -5.12728521e-03  9.89734939e-03 -9.01848896e-04
 -3.79152314e-03 -1.48097580e-03 -1.61949318e-02 -6.91633178e-03
  9.89913737e-01 -1.05548467e-01  1.19537747e+00  6.85041248e-01], Best Fitness: 5.425504321792702e-08
Generation 226: Best Individual: [ 3.89315655e-03  5.75079617e-03  6.57339575e-03 -3.70428631e-03
 -7.82267773e-03 -9.29130532e-03  2.07431210e-03 -7.60996287e-03
  1.01004165e-03  1.56383648e-02 -7.22003734e-03  3.67231398e-04
  3.22121281e-03 -1.94336053e-02  5.34313419e-03 -4.15293889e-03
 -1.10370393e-03  1.25453140e-03  1.33175910e-03  4.94206588e-03
 -5.07021051e-03  9.78062453e-04 -7.15351534e-03  6.65691550e-03
 -5.03560512e-03  7.23238739e-03 -4.26816558e-03  5.42205429e-04
 -5.82469336e-03  7.35256435e-04 -5.45902417e-03  1.92437616e-03
  6.02186672e-03  1.70149445e-03 -5.59618363e-03 -9.07658695e-03
 -7.41250292e-03  5.99445457e-06 -1.16885175e-03  7.70798618e-03
  7.14563116e-03  1.13863583e-03 -6.90315642e-03 -5.33581567e-03
  3.66332078e-03  9.47194795e-03  9.96538547e-03  5.91521093e-04
 -5.60578336e-03 -3.89162904e-03 -4.22255958e-04 -1.14409996e-02
  2.81426093e-03 -2.29062524e-03 -2.69195157e-03 -5.43611143e-03
  2.17296706e-03  1.41820606e-03  4.41618437e-03  3.51100038e-03
  7.18235116e-03  7.16122967e-04 -8.56315390e-03  6.22632070e-03
 -2.98683981e-03  7.58717339e-03  6.85751957e-03  3.40362988e-04
  5.19910082e-03  6.37660541e-04  7.12622681e-03 -5.02060784e-03
 -4.74981825e-03  5.82327514e-03  9.21626315e-04  1.94660753e-03
 -7.51767189e-03 -3.07343387e-03 -6.28737918e-03  7.43082131e-04
  5.00301747e-03  4.59010493e-03  5.19434983e-03  6.41841841e-03
 -5.80828048e-03 -8.00365178e-03  3.24119781e-03  1.67311285e-03
  2.73237728e-03  9.84263622e-04  4.73812087e-04 -5.33781318e-04
  7.14706113e-04 -1.64899095e-06 -4.22872647e-03  1.31644982e-03
 -2.18791390e-03 -3.75763098e-03 -4.73343667e-03  4.97656520e-03
 -3.64051850e-03 -3.29513887e-04  3.10045590e-03  2.46174346e-03
  1.39442826e-03 -9.04337332e-03  5.22011203e-03 -2.97849489e-03
  3.20179418e-03  6.65545964e-03 -3.00807012e-03 -7.94275711e-04
  3.98983100e-03 -5.12728521e-03  9.89734939e-03 -9.01848896e-04
 -3.79152314e-03 -1.48097580e-03 -1.61949318e-02 -6.91633178e-03
  9.89913737e-01 -1.05548467e-01  1.19537747e+00  6.85041248e-01], Best Fitness: 5.4957630259297295e-08
Generation 228: Best Individual: [ 3.61120307e-03  5.20194993e-03  6.21000609e-03 -3.62377340e-03
 -7.55619724e-03 -9.21005233e-03  2.45913931e-03 -8.29104163e-03
 -6.53038264e-04  1.60656014e-02 -7.18133558e-03  2.38765100e-04
  4.21025000e-03 -1.63955000e-02  3.65466535e-03 -3.92406437e-03
 -1.30625999e-03  2.45404598e-03  1.52433271e-03  5.37319525e-03
 -5.08509929e-03  9.19278832e-04 -7.13540585e-03  6.05005523e-03
 -5.10654179e-03  8.24628430e-03 -4.41563509e-03 -3.08917695e-03
 -5.62208523e-03 -3.90983306e-04 -5.25146525e-03  4.20819072e-03
  5.80395588e-03  1.60638220e-03 -5.38228559e-03 -9.38100109e-03
 -7.18312265e-03  2.09155709e-04 -5.89402385e-04  7.62961078e-03
  7.18866353e-03  3.68630359e-03 -6.57648208e-03 -5.69211961e-03
  3.31010168e-03  1.12840551e-02  9.89382847e-03  6.22099056e-03
 -5.90768477e-03 -1.11565318e-02 -4.60655459e-04 -1.26381929e-02
  1.37809030e-03 -4.79258053e-03 -4.02944269e-03 -7.45220163e-03
  2.00745135e-03  1.52854689e-03  4.92276263e-03  1.58449858e-03
  7.26950592e-03  1.26138276e-03 -8.68553984e-03  5.37095946e-03
 -4.58257125e-03  7.36287429e-03  7.70240730e-03  3.52574405e-04
  4.03739614e-03  1.10447507e-03  7.30222060e-03 -5.62133827e-03
 -3.99750202e-03  5.44786759e-03  1.07207625e-03  1.77553617e-03
 -7.49784168e-03 -3.02388778e-03 -6.22252110e-03  1.04236001e-03
  5.11469062e-03  4.28909459e-03  5.41708568e-03  6.37079443e-03
 -5.67488936e-03 -7.89852662e-03  3.28639515e-03  1.49637506e-03
  3.16253703e-03  5.72622315e-04  2.41182735e-03 -5.30975219e-04
  8.89162058e-04  1.32715437e-03 -3.79074377e-03  1.27375994e-03
 -2.35610716e-03  2.81483189e-04 -4.50285359e-03  5.11369495e-03
 -2.84158817e-03 -2.43701320e-04  3.01487826e-03  1.20250622e-03
  1.49000474e-03 -1.00485814e-02  5.22775908e-03 -3.25187907e-03
  2.83065121e-03  6.34818659e-03 -1.22914025e-03 -8.45448509e-04
  3.85393117e-03 -6.30107481e-03  9.67612031e-03 -1.03321717e-03
 -3.02925412e-03 -1.69548728e-03 -1.02063121e-02 -6.33187915e-03
  9.81490890e-01 -1.08153003e-01  1.19364585e+00  6.85114973e-01], Best Fitness: 5.5563590490570396e-08
Generation 229: Best Individual: [ 3.78488707e-03  5.41972018e-03  8.57243985e-03 -3.72932042e-03
 -7.79089257e-03 -9.40305222e-03  2.09668669e-03 -7.60209091e-03
  6.21153198e-04  1.57545162e-02 -7.20140894e-03  3.76696264e-04
  4.87143447e-03 -1.47252045e-02  4.13346187e-03 -4.02761319e-03
 -1.17555927e-03  1.94998740e-03  1.34184081e-03  4.95068830e-03
 -5.10069489e-03  1.05258163e-03 -6.98546611e-03  6.71064006e-03
 -5.10169837e-03  7.66479942e-03 -4.70448681e-03  3.95271925e-04
 -5.41289072e-03  9.33886422e-04 -5.38558278e-03  2.14546604e-03
  6.04502017e-03  1.69042450e-03 -5.28048877e-03 -9.07813564e-03
 -7.29126955e-03  1.32887195e-04 -1.16795680e-03  7.65954042e-03
  7.20027334e-03  4.81098160e-03 -6.91424701e-03 -5.26313190e-03
  3.72798957e-03  9.41579246e-03  1.01101623e-02  7.73339945e-03
 -5.66377022e-03 -4.96881290e-03 -2.26596546e-03 -1.36148872e-02
  3.34909990e-03 -1.75415890e-03 -2.72213874e-03 -5.60170821e-03
  2.00602462e-03  7.22890754e-04  4.48523509e-03  3.64121203e-03
  7.24927846e-03  8.41343570e-04 -8.74324672e-03  6.03383741e-03
 -1.20614572e-03  7.57522013e-03  6.78557889e-03  3.44291000e-04
  4.35654745e-03  1.01555596e-03  7.39360737e-03 -5.23454543e-03
 -4.76075690e-03  5.55132773e-03  9.92716118e-04  1.94896568e-03
 -1.16582804e-02 -3.06915827e-03 -6.36211771e-03  1.05613099e-03
  8.07757157e-03  4.48656587e-03  5.46047499e-03  6.41851022e-03
 -5.86553610e-03 -7.98994854e-03  2.64382774e-03  1.53719796e-03
  4.08987224e-03  8.12236991e-05  1.04646848e-03 -5.46924671e-04
  8.55567704e-04  6.67571681e-04  5.12133713e-03  1.30915503e-03
 -2.25357308e-03 -3.75183508e-03 -4.72788198e-03  5.02274888e-03
 -3.44346905e-03 -6.29777427e-04  2.08425948e-03  2.20314338e-03
  1.48611802e-03 -9.21322445e-03  5.57472109e-03 -3.77298924e-03
  3.18148967e-03  6.41388534e-03 -3.12334458e-03 -1.03811278e-03
  3.71006669e-03 -4.90870767e-03  9.89503460e-03 -9.55610172e-04
 -2.79533116e-03 -1.43976190e-03 -1.43317199e-02 -5.16268848e-03
  9.86310108e-01 -1.06431671e-01  1.19487465e+00  6.85043938e-01], Best Fitness: 5.659832070316512e-08
Generation 234: Best Individual: [ 3.48576386e-03  5.33961878e-03  6.11196641e-03 -3.73875912e-03
 -8.66284453e-03 -9.12322833e-03  2.16652189e-03 -7.77705235e-03
 -9.23049813e-04  1.56422232e-02 -9.63485623e-03  3.15488989e-04
  3.83644890e-03 -2.46705648e-02  3.94162415e-03 -3.96045243e-03
 -1.12655108e-03  2.34215653e-03  3.22139867e-04  5.26143788e-03
 -5.21407305e-03  5.32595977e-04 -6.94052228e-03  6.72611694e-03
 -5.23973982e-03  7.78221774e-03 -2.58889587e-03 -1.78606025e-03
 -1.06131857e-02  7.90873262e-04 -5.42832390e-03  1.96765866e-03
  5.73085413e-03  1.59713607e-03 -5.15783247e-03 -9.35638840e-03
 -7.20175896e-03  2.39147658e-04 -6.03120179e-04  7.81110758e-03
  7.92535400e-03  3.94370940e-03 -6.80150835e-03 -4.97618990e-03
  3.69218845e-03  9.21039437e-03  1.00900408e-02  8.95907891e-04
 -5.72309423e-03 -5.35621580e-03 -4.86569371e-04 -1.32374343e-02
  3.93230060e-03 -4.13239286e-03 -2.84597394e-03 -7.21422789e-03
 -7.50611445e-04  1.00726828e-03  4.62234604e-03  3.63046899e-03
  7.26762498e-03  1.44219945e-03 -8.42805908e-03  6.26780074e-03
 -9.27382370e-04  7.05827398e-03  7.82473814e-03 -1.09056402e-03
  3.77299366e-03  1.07767105e-03  7.55981574e-03 -5.70799446e-03
 -4.29066259e-03  5.38744028e-03  1.22046257e-03  2.16382625e-03
 -7.24886686e-03 -6.71114736e-03 -1.03731270e-02  1.20075555e-03
  5.16719613e-03  4.24244377e-03  5.73273498e-03  6.41682823e-03
 -6.22264360e-03 -8.09709259e-03  3.25583858e-03  1.57196576e-03
  3.57815213e-03 -2.79455024e-04  2.73919114e-03 -6.52401362e-04
  3.34138924e-03  6.82797125e-04 -4.08718375e-03  1.29202682e-03
 -2.90557276e-03 -1.69659932e-03 -4.71979253e-03  5.07674569e-03
 -2.25979717e-03 -3.59672678e-04  2.93257597e-03  1.62976779e-03
  1.33351511e-03 -1.55549596e-02  5.40471078e-03 -7.00092863e-03
  3.13885581e-03  6.32703917e-03 -1.28334218e-03  8.80038416e-04
  3.54965698e-03 -4.69467768e-03  9.63241320e-03 -1.43759342e-03
 -2.74154835e-03 -1.75275874e-03 -6.88859155e-03 -6.27419026e-03
  9.76603801e-01 -1.08312087e-01  1.19387317e+00  6.86175179e-01], Best Fitness: 5.72733820949702e-08
Generation 237: Best Individual: [ 3.65491503e-03  5.43398537e-03  6.12119081e-03 -4.53527287e-03
 -7.63813817e-03 -8.97764367e-03  2.28705204e-03 -7.50442288e-03
 -1.02696898e-03  1.59171194e-02 -9.54671510e-03  7.48865221e-04
  3.17785241e-03 -2.33643917e-02  3.91320024e-03 -3.78158111e-03
 -1.15015329e-03  2.27625877e-03  7.06947065e-04  5.22562205e-03
 -5.26701056e-03  9.32347962e-04 -7.59168937e-03  6.82122377e-03
 -5.01919673e-03  7.73376469e-03 -2.90672264e-03 -8.27138130e-04
 -5.75337768e-03  7.86820646e-04 -5.87094832e-03  2.17996762e-03
  1.39029954e-02  1.47864210e-03 -5.37014128e-03 -9.01953758e-03
 -7.19006359e-03  2.83614862e-04 -6.53031992e-04  7.78096065e-03
  7.75220243e-03  3.85485774e-03 -6.81112060e-03 -4.99305147e-03
  3.87347202e-03  8.89897691e-03  1.01093269e-02  9.08028417e-04
 -5.32039357e-03 -5.47614684e-03 -9.38640938e-04 -1.32222851e-02
  3.67934640e-03 -3.87257660e-03 -2.84566807e-03 -6.40496423e-03
  2.61040667e-04  9.32184446e-04  4.61508199e-03  3.36489651e-03
  7.26485037e-03  1.46037834e-03 -8.45156750e-03  6.22237458e-03
 -9.41275354e-04  7.18526324e-03  7.74913272e-03 -7.71922577e-04
  2.86007885e-03  1.04182113e-03  7.59061362e-03 -5.75363558e-03
 -4.43118768e-03  5.26308718e-03  1.02210652e-03  2.17299110e-03
 -7.12515534e-03 -2.24285496e-03 -5.12631241e-03  1.15967041e-03
  3.84443923e-03  4.18385694e-03  5.57043672e-03  6.27133188e-03
 -4.80481908e-03 -8.21237830e-03  2.95556568e-03  1.56753728e-03
  2.84205315e-03 -2.34851289e-04  8.88916318e-03 -6.43771369e-04
  1.22238934e-03 -3.04923274e-03 -4.01541712e-03  1.23446559e-03
 -2.86061337e-03 -2.23642217e-03 -4.71410721e-03  6.02141987e-03
 -2.45444316e-03 -3.88216549e-04  2.68031483e-03  1.54479529e-03
  1.31286671e-03 -1.36111765e-02  6.33550470e-03 -5.79261455e-03
  3.09019153e-03  6.38188889e-03 -5.91178034e-03  5.50348580e-04
  3.69048845e-03 -4.78222515e-03  9.52240406e-03 -1.10204725e-03
 -3.76927333e-03 -1.17299312e-03 -7.66850478e-03 -6.54790902e-03
  9.76450044e-01 -1.08283676e-01  1.19426391e+00  6.85599085e-01], Best Fitness: 5.9309325297499504e-08
Generation 245: Best Individual: [ 3.38841497e-03  9.90506779e-03  6.26821154e-03 -3.85291701e-03
 -7.98301630e-03 -8.95914342e-03  2.18663226e-03 -7.16975661e-03
 -9.84483793e-04  1.76736507e-02 -7.47138867e-03  5.10588657e-04
  2.95900458e-03 -1.57568918e-02  3.76751814e-03 -3.88625108e-03
 -1.43759170e-03  2.23869475e-03  1.02553494e-03  4.96406603e-03
 -5.65799864e-03  1.28941636e-03 -7.20225294e-03  6.43103538e-03
 -3.75829037e-03  7.56326791e-03 -3.76818880e-03 -7.96887496e-05
 -1.08983868e-02  1.31994825e-03 -5.39937608e-03  2.21864734e-03
  7.61752878e-03  1.02741324e-03 -4.20791891e-03 -8.14121959e-03
 -6.26105035e-03 -1.19801545e-03  1.85684620e-04  7.68017127e-03
  7.33243715e-03  2.03856838e-03 -4.05854314e-03 -4.82782495e-03
  3.72773525e-03  9.21229803e-03  1.02988059e-02  2.89557066e-03
 -5.24745734e-03 -5.20474315e-03 -1.03219269e-03 -1.27585935e-02
  3.87747920e-03 -4.34540250e-03 -3.08382365e-03 -7.83271665e-03
  2.23767562e-04  2.11478666e-03  4.54519516e-03  4.23825362e-03
  7.37283927e-03  1.52392087e-03 -8.52872419e-03  6.47384413e-03
 -1.52198232e-03  7.69708937e-03  6.64078108e-03 -3.65308260e-04
  4.66896776e-03  9.76923292e-04  7.54975649e-03 -6.38181929e-03
 -4.76187680e-03  5.85358019e-03  8.80169860e-04  2.14401892e-03
 -7.38046158e-03 -3.10482975e-03 -6.54236669e-03 -1.76452214e-04
  5.61641551e-03  3.67741833e-03  1.12885500e-02  5.55898013e-03
 -5.71381078e-03 -8.21557099e-03  3.13824421e-03  2.71839756e-03
  2.36254136e-03 -8.61002906e-05  2.62309290e-03 -5.42948013e-04
  1.45125199e-03  7.84297020e-04 -3.04340199e-03  1.32972814e-03
 -3.14599456e-03 -3.42344549e-03 -4.89983282e-03  6.58582990e-03
 -5.45069589e-03  1.33338797e-03  2.76305671e-03  1.78914821e-03
  1.13292308e-03 -1.09159479e-02  5.88368837e-03 -4.19080651e-03
  2.86819900e-03  7.92607613e-03 -6.48891770e-04 -2.07002259e-04
  4.10206837e-03 -4.68647701e-03  9.53878024e-03  2.32082629e-03
 -3.42400873e-03 -6.41816343e-04 -1.76558472e-02 -6.17678756e-03
  9.83063092e-01 -1.08078771e-01  1.19455467e+00  6.84168712e-01], Best Fitness: 6.047614263821855e-08
Generation 249: Best Individual: [ 3.70821587e-03  5.37018375e-03  6.13626375e-03 -3.71670969e-03
 -7.73754086e-03 -9.16585494e-03  2.05443982e-03 -6.77937884e-03
 -1.17656297e-03  1.63661014e-02 -7.18324587e-03  6.51244519e-04
  2.26828695e-03 -1.95200002e-02  3.60885429e-03 -3.79419400e-03
 -1.45768494e-03  2.38189215e-03  1.37304019e-03  5.23341640e-03
 -5.55694429e-03  1.35282589e-03 -6.33562032e-03  6.83244091e-03
 -7.05324324e-04  7.01702056e-03 -4.16172799e-03 -3.83113803e-04
 -5.74088792e-03  1.86687077e-03 -6.78386600e-03  2.28843515e-03
  6.52486280e-03  5.66311632e-04 -4.99703648e-03 -8.80410138e-03
 -7.17057334e-03 -9.92682656e-05 -4.95017924e-04  6.28172191e-03
  7.50669175e-03  4.07814893e-03 -6.83744598e-03 -1.24256289e-02
  4.21131127e-03  9.12455276e-03  1.01989105e-02  1.76702073e-03
 -5.19226762e-03 -1.34607513e-03 -9.37469302e-04 -1.19972280e-02
  1.48499269e-02 -4.22282173e-03 -2.43142925e-03 -5.86371135e-03
 -8.28312916e-04  9.60901880e-04  4.49101055e-03  4.51493921e-03
  7.29705370e-03  1.40292323e-03 -8.78002493e-03  6.01875063e-03
 -1.20287489e-03  7.32882689e-03  7.38009454e-03 -3.22360652e-04
  3.87377979e-03  1.26926740e-03  7.56733603e-03 -6.25217175e-03
 -5.07176053e-03  5.69805970e-03  1.32123786e-03  2.12806154e-03
 -7.31769529e-03 -2.93578902e-03 -6.48493813e-03  6.95527162e-04
  5.28581103e-03  3.99012038e-03  1.28080105e-02  5.66147854e-03
 -5.60002405e-03 -8.24986414e-03  2.97264456e-03  1.17843416e-03
  2.37430851e-03 -7.82527408e-05  5.88646618e-03 -7.17619009e-04
  1.27103363e-03 -3.60210966e-05 -3.06986866e-03  1.26891903e-03
 -3.00045423e-03 -2.34161541e-03 -4.13034880e-03  5.15901701e-03
 -2.30553120e-03  8.69505370e-04  2.98423086e-03  1.62281421e-03
  1.10776994e-03 -1.10560540e-02  5.82130934e-03 -3.90658817e-03
  2.90514939e-03  7.30620092e-03 -5.14231958e-03 -4.86004651e-04
  5.01803683e-03 -4.87621369e-03  9.79569845e-03 -3.93434226e-04
 -3.54116859e-03 -2.17907755e-03 -7.57731282e-03 -6.42952203e-03
  9.83002801e-01 -1.08692837e-01  1.19451320e+00  6.84574423e-01], Best Fitness: 6.113700557189411e-08
Generation 251: Best Individual: [ 3.61414110e-03  5.85687140e-03  6.23848924e-03 -3.37461211e-03
 -7.84774521e-03 -9.03738672e-03  2.17322405e-03 -7.00572120e-03
 -1.01698217e-03  1.71735194e-02 -7.39534850e-03  5.05376251e-04
  2.76346634e-03 -1.79861143e-02  3.68010648e-03 -3.91779554e-03
 -1.46077712e-03  2.24264074e-03  1.08057357e-03  5.02397293e-03
 -5.49467641e-03  1.26217611e-03 -6.78908889e-03  6.39682814e-03
 -2.64860795e-03  7.79942047e-03 -3.86503626e-03 -1.51375232e-04
 -1.04013358e-02  1.65829921e-03 -5.67891440e-03  2.28863038e-03
  5.46806193e-03  1.04480936e-03 -4.89408762e-03 -8.23004769e-03
 -6.41628412e-03 -7.98967985e-04 -2.82604830e-04  7.54565497e-03
  7.37389004e-03  3.91769722e-03 -4.15871222e-03 -6.29701444e-03
  3.89968641e-03  9.22233238e-03  1.02609332e-02  2.21198358e-03
 -4.95510631e-03 -5.07377003e-03 -1.04111126e-03 -1.26524700e-02
  5.18348335e-03 -4.33304350e-03 -2.67890922e-03 -6.94501005e-03
  1.76465150e-04  1.02401414e-03  4.52368612e-03  4.24907205e-03
  7.15512928e-03  1.45985094e-03 -8.73785257e-03  6.36905397e-03
 -1.50307496e-03  7.29885075e-03  7.09187844e-03 -3.72972036e-04
  4.31932774e-03  1.11038366e-03  7.55926954e-03 -6.34816847e-03
 -4.94352300e-03  5.63097622e-03  1.02386479e-03  2.12571208e-03
 -7.33107282e-03 -3.05611163e-03 -6.49022688e-03  2.17891842e-04
  5.55914495e-03  9.15371264e-03  1.12100198e-02  5.64684236e-03
 -5.69002829e-03 -8.21683201e-03  3.07940176e-03  2.20537704e-03
  2.73898557e-03 -6.29061357e-05  3.53914782e-03 -6.00698879e-04
  1.27631474e-03  7.84268337e-04 -2.77403553e-03  1.47667902e-03
 -3.11793712e-03 -3.30729975e-03 -4.30752980e-03  5.81199732e-03
 -3.46267583e-03  1.19157737e-03  2.86579523e-03  1.77798482e-03
  1.13942946e-03 -1.07874711e-02  5.64870826e-03 -3.67437918e-03
  2.89251920e-03  7.92257573e-03 -3.66663802e-03  4.69776636e-03
  3.80270600e-03 -4.84792490e-03  9.44241837e-03  1.84877810e-03
 -3.30491721e-03 -1.30799303e-03 -1.36428507e-02 -6.35157110e-03
  9.82999966e-01 -1.08160573e-01  1.19397396e+00  6.84504693e-01], Best Fitness: 6.119610768997813e-08
Generation 257: Best Individual: [ 3.61414110e-03  5.85687140e-03  6.23848924e-03 -3.37461211e-03
 -7.84774521e-03 -9.03738672e-03  2.17322405e-03 -7.00572120e-03
 -1.01698217e-03  1.71735194e-02 -7.39534850e-03  5.05376251e-04
  2.76346634e-03 -1.79861143e-02  3.68010648e-03 -3.91779554e-03
 -1.46077712e-03  2.24264074e-03  1.08057357e-03  5.02397293e-03
 -5.49467641e-03  1.26217611e-03 -6.78908889e-03  6.39682814e-03
 -2.64860795e-03  7.79942047e-03 -3.86503626e-03 -1.51375232e-04
 -1.04013358e-02  1.65829921e-03 -5.67891440e-03  2.28863038e-03
  5.46806193e-03  1.04480936e-03 -4.89408762e-03 -8.23004769e-03
 -6.41628412e-03 -7.98967985e-04 -2.82604830e-04  7.54565497e-03
  7.37389004e-03  3.91769722e-03 -4.15871222e-03 -6.29701444e-03
  3.89968641e-03  9.22233238e-03  1.02609332e-02  2.21198358e-03
 -4.95510631e-03 -5.07377003e-03 -1.04111126e-03 -1.26524700e-02
  5.18348335e-03 -4.33304350e-03 -2.67890922e-03 -6.94501005e-03
  1.76465150e-04  1.02401414e-03  4.52368612e-03  4.24907205e-03
  7.15512928e-03  1.45985094e-03 -8.73785257e-03  6.36905397e-03
 -1.50307496e-03  7.29885075e-03  7.09187844e-03 -3.72972036e-04
  4.31932774e-03  1.11038366e-03  7.55926954e-03 -6.34816847e-03
 -4.94352300e-03  5.63097622e-03  1.02386479e-03  2.12571208e-03
 -1.32776945e-03 -3.05611163e-03 -6.49022688e-03  2.17891842e-04
  5.55914495e-03  9.15371264e-03  1.12100198e-02  5.64684236e-03
 -5.69002829e-03 -8.21683201e-03  3.07940176e-03  2.20537704e-03
  2.73898557e-03  1.48657082e-03  3.53914782e-03 -6.00698879e-04
  1.27631474e-03  7.84268337e-04 -2.77403553e-03  1.47667902e-03
 -3.11793712e-03 -3.30729975e-03 -4.30752980e-03  5.81199732e-03
 -3.46267583e-03  1.19157737e-03  2.86579523e-03  1.77798482e-03
  1.13942946e-03 -1.07874711e-02  5.64870826e-03 -3.67437918e-03
  2.89251920e-03  7.92257573e-03 -3.66663802e-03  4.69776636e-03
  3.80270600e-03 -4.84792490e-03  9.44241837e-03  1.84877810e-03
 -3.30491721e-03 -1.30799303e-03 -1.36428507e-02 -6.35157110e-03
  9.82999966e-01 -1.08160573e-01  1.19397396e+00  6.84504693e-01], Best Fitness: 6.188186518299571e-08
Generation 262: Best Individual: [ 3.61414110e-03  5.85687140e-03  6.23848924e-03 -3.37461211e-03
 -7.84774521e-03 -9.03738672e-03  2.17322405e-03 -7.00572120e-03
 -1.01698217e-03  1.71735194e-02 -7.39534850e-03  5.05376251e-04
  2.76346634e-03 -1.79861143e-02  3.68010648e-03 -3.91779554e-03
 -1.46077712e-03  2.24264074e-03  1.08057357e-03  5.02397293e-03
 -5.49467641e-03  1.26217611e-03 -6.78908889e-03  6.39682814e-03
 -2.64860795e-03  7.79942047e-03 -3.86503626e-03 -1.51375232e-04
 -1.04013358e-02  1.65829921e-03 -5.67891440e-03  2.28863038e-03
  5.46806193e-03  1.04480936e-03 -4.89408762e-03 -8.23004769e-03
 -6.41628412e-03 -7.98967985e-04 -2.82604830e-04  7.54565497e-03
  7.37389004e-03  3.91769722e-03 -4.15871222e-03 -6.29701444e-03
  3.89968641e-03  9.22233238e-03  1.02609332e-02  2.21198358e-03
 -4.95510631e-03 -5.07377003e-03 -1.04111126e-03 -1.26524700e-02
  5.18348335e-03 -4.33304350e-03 -2.67890922e-03 -6.94501005e-03
  1.76465150e-04  1.02401414e-03  4.52368612e-03  4.24907205e-03
  7.15512928e-03 -2.53406484e-03 -8.73785257e-03  6.36905397e-03
 -1.50307496e-03  7.29885075e-03  7.09187844e-03 -3.72972036e-04
  4.31932774e-03  1.11038366e-03  7.55926954e-03 -6.34816847e-03
 -4.94352300e-03  5.63097622e-03  1.02386479e-03  2.12571208e-03
 -7.33107282e-03 -3.05611163e-03 -6.49022688e-03  2.17891842e-04
  5.55914495e-03  9.15371264e-03  1.12100198e-02  5.64684236e-03
 -5.69002829e-03 -8.21683201e-03  3.07940176e-03  2.20537704e-03
  2.73898557e-03 -6.29061357e-05  3.53914782e-03 -6.00698879e-04
  1.27631474e-03  7.84268337e-04 -2.77403553e-03  1.47667902e-03
 -3.11793712e-03 -3.30729975e-03 -4.30752980e-03  5.81199732e-03
 -3.46267583e-03  1.19157737e-03  2.86579523e-03  1.77798482e-03
  1.13942946e-03 -1.07874711e-02  5.64870826e-03 -3.67437918e-03
  2.89251920e-03  7.92257573e-03 -3.66663802e-03  4.69776636e-03
  3.80270600e-03 -4.84792490e-03  9.44241837e-03  1.84877810e-03
 -3.30491721e-03 -1.30799303e-03 -1.36428507e-02 -6.35157110e-03
  9.82999966e-01 -1.08160573e-01  1.19397396e+00  6.84504693e-01], Best Fitness: 6.324549007620368e-08
Generation 264: Best Individual: [ 4.35816685e-03  5.74280113e-03  6.30320159e-03 -3.41307268e-03
 -1.10629381e-02 -9.38936301e-03  2.07101260e-03 -6.90696001e-03
  4.52472844e-03  1.67917915e-02 -7.31949637e-03  5.79058903e-04
  3.04366049e-03 -1.73402262e-02  3.76282013e-03 -3.59113260e-03
 -1.30269661e-03  2.25221001e-03  1.07148558e-03  4.95673073e-03
 -5.42605876e-03  1.23053455e-03 -6.91761694e-03  6.27096174e-03
 -3.08873809e-03  7.81608031e-03 -3.83560616e-03 -4.05624970e-04
 -7.91229593e-03  1.60638506e-03 -5.61305835e-03  2.29488716e-03
  6.39845726e-03  1.15221893e-03 -4.96345542e-03 -8.33117661e-03
 -6.72266379e-03 -5.72435942e-04 -3.19509267e-04  7.54640420e-03
  7.46698342e-03  3.44519623e-03 -5.16796198e-03 -1.09008486e-02
  3.64884298e-03  9.04811505e-03  1.00814630e-02  2.27651515e-03
 -4.82609199e-03 -4.87772979e-03 -1.12785229e-03 -1.26800493e-02
  4.96472007e-03 -4.25207110e-03 -2.81526981e-03 -6.52872279e-03
  1.41773839e-03  1.02744606e-03  4.55469722e-03  4.27715070e-03
  7.18751418e-03  1.44916558e-03 -8.73628648e-03  6.54480453e-03
 -1.57342745e-03  7.30087541e-03  6.54254541e-03 -3.46720926e-04
  3.95851997e-03  4.91725026e-04  7.73181720e-03 -6.59305556e-03
 -4.90358884e-03  5.93287780e-03  8.35562460e-04  2.12550184e-03
 -6.03703002e-03 -3.23660831e-03 -7.26628408e-03  1.05406420e-04
  5.21235979e-03  7.93414044e-03  8.61424836e-03  5.62069815e-03
 -5.81000059e-03 -8.15976951e-03  3.16407025e-03  1.47927966e-03
  2.38359639e-03  6.18215885e-04  3.51876985e-03 -7.55530310e-04
  8.72379688e-04  1.30967234e-03 -2.86660413e-03  1.47374469e-03
 -3.10690293e-03 -3.35598448e-03 -4.19000310e-03  5.59987413e-03
 -2.21007919e-03  1.10406793e-03  2.86747874e-03  1.51824743e-03
  1.07717670e-03 -1.09993691e-02  5.34806767e-03 -3.64670603e-03
  2.82422378e-03  7.80026429e-03 -2.25037748e-03  3.24269334e-03
  4.39545219e-03 -4.86928609e-03  1.10217122e-02  7.68553820e-04
 -4.52001854e-03 -1.34421848e-03 -1.21508480e-02 -6.35671048e-03
  9.74744750e-01 -1.07713535e-01  1.19413976e+00  6.84524074e-01], Best Fitness: 6.40341057461623e-08
Generation 266: Best Individual: [ 3.80823903e-03  5.75688304e-03  6.51850104e-03 -3.58899593e-03
 -8.17577598e-03 -8.91833116e-03  1.92717966e-03 -6.67895575e-03
 -1.14642006e-03  1.67158803e-02 -7.36316368e-03  5.62146805e-04
  2.32205226e-03 -1.66150661e-02  3.72196805e-03 -3.89552380e-03
 -1.60650330e-03  2.39759011e-03  9.72078805e-04  4.39557172e-03
 -5.33369051e-03  1.11513870e-03 -6.72418483e-03  6.12588758e-03
 -2.76309171e-03  7.90713563e-03 -3.76258137e-03 -2.99180547e-04
 -7.19382724e-03  1.47706595e-03 -5.70372351e-03  2.27063077e-03
  6.11733668e-03  1.26624161e-03 -5.63022657e-03 -8.71055139e-03
 -7.39956736e-03 -4.02265493e-04 -1.04218189e-03  7.54625854e-03
  7.04293705e-03  3.83210226e-03 -5.81585234e-03 -6.33673677e-03
  3.42554909e-03  8.58848056e-03  1.04128752e-02  2.45444845e-03
 -6.20013437e-03 -1.00819178e-02 -1.10893469e-03 -1.20548526e-02
  5.44797089e-03 -4.24195544e-03 -2.77746901e-03 -6.35483292e-03
  1.48228713e-03  1.07802094e-03  4.39328052e-03  4.21107361e-03
  7.24922760e-03 -1.62077339e-03 -1.28984669e-02  6.96784829e-03
 -2.87742479e-03  7.72406128e-03  6.71240856e-03  1.29408423e-03
  4.44982199e-03  7.45214023e-04  7.81749060e-03 -6.39757887e-03
 -4.85606749e-03  5.91199426e-03  7.32193816e-04  2.12548046e-03
 -6.80885569e-03 -3.82526701e-03 -7.45332094e-03  5.34502715e-04
  5.02440921e-03  7.99493003e-03  8.52511618e-03  5.52503288e-03
 -6.03874190e-03 -8.13503971e-03  2.98414221e-03  1.40808759e-03
  2.62408089e-03 -1.19650345e-05  5.02864189e-03 -8.87209951e-04
  1.01152814e-03  1.33772597e-03 -2.83161642e-03  1.60175626e-03
 -6.59857406e-04 -3.39764599e-03 -4.24599473e-03  5.48309542e-03
 -2.18540823e-03  8.45368563e-04  8.53392635e-03  9.84753941e-03
  1.34499132e-03 -8.70563183e-03  5.72377481e-03 -3.45673802e-03
  2.46862657e-03  8.07220832e-03 -1.90549635e-03  2.91200090e-03
  4.31393865e-03 -6.06425936e-03  1.07596390e-02  6.14136478e-04
 -3.43492429e-03 -1.29354266e-03 -9.31567524e-03 -6.30546699e-03
  9.79003173e-01 -1.07168063e-01  1.19398226e+00  6.84532863e-01], Best Fitness: 6.521420548143522e-08
Generation 267: Best Individual: [ 3.81648437e-03  5.65830355e-03  6.40549821e-03 -3.28491984e-03
 -8.13097514e-03 -8.88948298e-03  1.45835313e-03 -6.74272061e-03
 -1.14705102e-03  1.68490161e-02 -7.30672794e-03  7.86386647e-04
  2.54367165e-03 -1.65938274e-02  3.69351880e-03 -3.44702860e-03
 -1.61485440e-03  2.44279477e-03  9.50026175e-04  4.54061446e-03
 -5.33885530e-03  1.20148430e-03 -6.80431814e-03  6.12688195e-03
 -3.44008915e-03  7.90637654e-03 -3.58859241e-03 -2.94839697e-04
 -7.21424222e-03  1.58115238e-03 -5.81178883e-03  2.29899608e-03
  6.42870647e-03  1.23261428e-03 -6.15500578e-03 -8.72373780e-03
 -6.73348600e-03  3.30101207e-04  6.26409274e-03  7.81193725e-03
  6.80460953e-03  3.79947130e-03 -4.84323661e-03 -6.86602575e-03
  3.39967139e-03  8.82653338e-03  1.03904813e-02  2.45870815e-03
 -5.21486308e-03 -9.54106589e-03 -1.45898277e-03 -1.96998034e-02
  5.40423224e-03 -4.24700486e-03 -3.01248279e-03 -6.20526693e-03
  9.23777306e-04  1.18943527e-03  4.42454085e-03  2.60856593e-03
  7.19095500e-03 -1.43675077e-04 -8.94574241e-03  1.29537099e-02
 -2.20419002e-03  7.82117539e-03  6.73122041e-03  7.70388567e-04
  4.19267228e-03  4.92731307e-04  7.80164445e-03 -6.40116065e-03
 -4.93492909e-03  5.99624453e-03  5.03871553e-04  2.12729200e-03
 -1.40938410e-03 -3.59208691e-03 -7.39416472e-03  5.38866779e-04
  5.53248042e-03  6.88812822e-03  7.97522619e-03  5.66733283e-03
 -6.03914474e-03 -9.45130375e-03  3.12457235e-03  1.32323540e-03
  2.55870082e-03 -1.82296092e-05  3.33725867e-03 -8.42487052e-04
  6.36293910e-04  1.33597078e-03 -2.89091720e-03  1.49214014e-03
 -2.23418469e-03 -3.96962775e-03 -4.12615185e-03  5.49584392e-03
 -2.17244123e-03  6.21800849e-04  5.05175095e-03  1.74635414e-03
  1.23173644e-03 -9.24882080e-03  6.31387274e-03 -3.65146760e-03
  2.52774588e-03  8.03036236e-03 -1.93705376e-03  1.48064276e-03
  4.58452598e-03 -5.60508211e-03  1.06611580e-02  3.33654392e-04
 -1.14232745e-02 -1.34372353e-03 -9.24995658e-03 -6.30141519e-03
  9.78744340e-01 -1.07875800e-01  1.19407906e+00  6.84533100e-01], Best Fitness: 6.773996671902552e-08
Generation 269: Best Individual: [ 3.80823903e-03  5.75688304e-03  6.51850104e-03 -3.58899593e-03
 -8.17577598e-03 -1.35845097e-02  1.92717966e-03 -6.67895575e-03
 -1.14642006e-03  1.67158803e-02 -7.36316368e-03  5.62146805e-04
  2.32205226e-03 -1.66150661e-02  3.72196805e-03 -3.89552380e-03
 -1.60650330e-03  2.39759011e-03  9.72078805e-04  4.39557172e-03
 -5.33369051e-03  1.11513870e-03 -6.72418483e-03  6.12588758e-03
 -2.76309171e-03  7.90713563e-03 -7.21756829e-03 -2.99180547e-04
 -7.19382724e-03  1.47706595e-03 -5.70372351e-03  2.27063077e-03
  6.11733668e-03  1.26624161e-03 -5.63022657e-03 -8.71055139e-03
 -7.39956736e-03 -4.02265493e-04 -1.04218189e-03  7.54625854e-03
  7.04293705e-03  3.83210226e-03 -5.81585234e-03 -6.33673677e-03
  3.42554909e-03  8.58848056e-03  1.04128752e-02  2.45444845e-03
 -6.20013437e-03 -1.00819178e-02 -1.10893469e-03 -1.20548526e-02
  5.44797089e-03 -4.24195544e-03 -2.77746901e-03 -6.35483292e-03
  1.48228713e-03  1.07802094e-03  4.39328052e-03  4.21107361e-03
  7.89653376e-03 -1.62077339e-03 -1.28984669e-02  6.96784829e-03
 -2.87742479e-03  7.72406128e-03  6.71240856e-03  1.29408423e-03
  4.44982199e-03  7.45214023e-04  7.81749060e-03 -6.39757887e-03
 -4.85606749e-03  5.91199426e-03  7.32193816e-04  2.12548046e-03
 -6.80885569e-03 -3.82526701e-03 -7.45332094e-03  5.34502715e-04
  5.02440921e-03  7.99493003e-03  8.52511618e-03  5.52503288e-03
 -6.03874190e-03 -8.13503971e-03  2.98414221e-03  1.40808759e-03
  2.62408089e-03 -1.19650345e-05  8.44395695e-03 -8.87209951e-04
  1.01152814e-03  1.33772597e-03 -2.83161642e-03  1.60175626e-03
 -6.59857406e-04 -3.39764599e-03 -4.24599473e-03  5.48309542e-03
 -2.18540823e-03  8.45368563e-04  8.53392635e-03  9.84753941e-03
  1.34499132e-03 -8.70563183e-03  5.72377481e-03 -3.45673802e-03
  2.46862657e-03  8.07220832e-03 -1.90549635e-03  2.91200090e-03
  4.31393865e-03 -6.06425936e-03  1.07596390e-02  6.14136478e-04
 -3.43492429e-03 -1.29354266e-03 -9.31567524e-03 -6.30546699e-03
  9.79003173e-01 -1.07168063e-01  1.19398226e+00  6.84532863e-01], Best Fitness: 6.803103128113201e-08
Generation 270: Best Individual: [ 3.81648437e-03  5.65830355e-03  6.40549821e-03 -3.28491984e-03
 -8.13097514e-03 -8.88948298e-03  1.45835313e-03 -6.74272061e-03
 -1.14705102e-03  1.68490161e-02 -4.89242946e-03  7.86386647e-04
  2.54367165e-03 -1.65938274e-02  3.69351880e-03 -3.44702860e-03
 -1.61485440e-03  2.44279477e-03  9.50026175e-04  4.54061446e-03
 -5.33885530e-03  1.20148430e-03 -6.80431814e-03  6.12688195e-03
 -3.44008915e-03  7.90637654e-03 -3.58859241e-03 -2.94839697e-04
 -7.21424222e-03  1.58115238e-03 -5.81178883e-03  2.29899608e-03
  6.42870647e-03  1.23261428e-03 -6.15500578e-03 -8.72373780e-03
 -6.73348600e-03  3.30101207e-04  6.26409274e-03  7.81193725e-03
  6.80460953e-03  3.79947130e-03 -4.84323661e-03 -6.86602575e-03
  3.39967139e-03  8.82653338e-03  1.03904813e-02  2.45870815e-03
 -5.21486308e-03 -9.54106589e-03 -1.45898277e-03 -1.96998034e-02
  5.40423224e-03 -4.24700486e-03 -3.01248279e-03 -6.20526693e-03
  9.23777306e-04  1.18943527e-03  4.42454085e-03  2.60856593e-03
  7.19095500e-03 -1.43675077e-04 -8.94574241e-03  1.29537099e-02
 -2.20419002e-03  7.82117539e-03  6.73122041e-03  7.70388567e-04
  4.19267228e-03  4.92731307e-04  7.80164445e-03 -6.40116065e-03
 -4.93492909e-03  5.99624453e-03  5.03871553e-04  2.12729200e-03
 -1.40938410e-03 -3.59208691e-03 -7.39416472e-03  5.38866779e-04
  5.53248042e-03  6.88812822e-03  7.97522619e-03  5.66733283e-03
 -6.03914474e-03 -9.45130375e-03  3.12457235e-03  1.32323540e-03
  2.55870082e-03 -1.82296092e-05  3.33725867e-03 -8.42487052e-04
  6.36293910e-04  1.33597078e-03 -2.89091720e-03  1.49214014e-03
 -2.23418469e-03 -3.96962775e-03 -4.12615185e-03  5.49584392e-03
 -2.17244123e-03  6.21800849e-04  5.05175095e-03  1.74635414e-03
  1.23173644e-03 -9.24882080e-03  6.31387274e-03 -3.65146760e-03
  2.52774588e-03  8.03036236e-03 -1.93705376e-03  1.48064276e-03
  4.58452598e-03 -5.60508211e-03  1.06611580e-02  3.33654392e-04
 -1.14232745e-02 -1.34372353e-03 -9.24995658e-03 -6.30141519e-03
  9.78744340e-01 -1.07875800e-01  1.19407906e+00  6.84533100e-01], Best Fitness: 6.83979012230383e-08
Generation 278: Best Individual: [ 3.68786326e-03  5.61680193e-03  7.69242259e-03 -3.44962158e-03
 -8.24988882e-03 -1.32911657e-02  1.94640156e-03 -6.82736334e-03
 -9.04267777e-04  1.66967864e-02 -7.42427093e-03  5.03417833e-04
  2.39069986e-03 -1.67740626e-02  3.93337455e-03 -3.79890561e-03
 -1.67957084e-03  2.35438516e-03  1.01512238e-03  4.44895515e-03
 -5.29952855e-03  1.32698453e-03 -6.62565212e-03  6.13314717e-03
 -2.86643477e-03  7.83316401e-03 -7.16824779e-03 -5.98741388e-04
 -7.34512075e-03  1.47571997e-03 -5.81205330e-03  2.68603190e-03
  6.38639437e-03  1.25872871e-03 -5.60308632e-03 -8.72200754e-03
 -7.44635344e-03 -6.56370364e-04 -6.65705272e-04  7.55427800e-03
  7.00153073e-03  3.29363762e-03 -6.10843745e-03 -6.40743138e-03
  3.60158553e-03  8.65592668e-03  1.01193305e-02  2.42700288e-03
 -5.46054592e-03 -9.58202977e-03 -1.15525883e-03 -1.24091704e-02
  4.68511415e-03  3.01860146e-03  6.54052373e-03 -6.31395633e-03
  1.28488166e-03 -6.41934325e-03  4.39162272e-03  3.97224106e-03
  7.71349201e-03 -5.74451411e-04 -1.23594466e-02  7.03685624e-03
 -2.82069469e-03  7.75921328e-03  6.48889063e-03  8.65329689e-04
  4.40586895e-03  7.45228965e-04  7.79524199e-03 -6.43913751e-03
 -4.85420274e-03  5.60029106e-03  5.08368925e-04  2.00144205e-03
 -6.64625974e-03 -3.42663407e-03 -7.32697755e-03  5.26161435e-04
  5.07058836e-03  7.20606606e-03  8.14656445e-03  5.60550321e-03
 -6.05635789e-03 -8.29805764e-03  3.18013188e-03  1.49467296e-03
 -5.99981186e-04  1.68087966e-04  6.91399864e-03 -8.40573377e-04
  8.80138285e-04  1.34100064e-03 -2.82594306e-03  1.69427796e-03
 -1.99953926e-03 -3.23059497e-03 -4.15392022e-03  4.95634510e-03
 -2.03771238e-03  8.70394099e-04  8.50285940e-03  7.86204776e-03
  1.26810702e-03 -9.14273900e-03  5.73141656e-03 -3.54830029e-03
  2.48186653e-03  8.09963756e-03 -1.78904829e-03  2.08197462e-03
  4.65876207e-03 -5.45409991e-03  1.05924820e-02  6.55930605e-04
 -3.04361509e-03 -1.31593189e-03 -9.34294284e-03 -6.25825100e-03
  9.75926721e-01 -1.07434651e-01  1.19314384e+00  6.84514184e-01], Best Fitness: 6.846104844014857e-08
Generation 287: Best Individual: [ 3.68786326e-03  5.61680193e-03  7.69242259e-03 -3.44962158e-03
 -8.24988882e-03 -1.32911657e-02  1.94640156e-03 -6.82736334e-03
 -9.04267777e-04  1.66967864e-02 -7.42427093e-03  5.03417833e-04
  2.39069986e-03 -1.67740626e-02  3.93337455e-03  5.16542398e-03
 -1.67957084e-03  2.35438516e-03  1.01512238e-03  4.44895515e-03
 -5.29952855e-03  1.32698453e-03 -6.62565212e-03  6.13314717e-03
 -2.86643477e-03  7.83316401e-03 -7.16824779e-03 -5.98741388e-04
 -7.34512075e-03  1.47571997e-03 -5.81205330e-03  2.68603190e-03
  6.38639437e-03  1.25872871e-03 -5.60308632e-03 -8.72200754e-03
 -7.44635344e-03 -6.56370364e-04 -6.65705272e-04  7.55427800e-03
  7.00153073e-03  3.29363762e-03 -6.10843745e-03 -6.40743138e-03
  3.60158553e-03  8.65592668e-03  1.01193305e-02  2.42700288e-03
 -5.46054592e-03 -9.58202977e-03 -1.15525883e-03 -1.24091704e-02
  4.68511415e-03  3.01860146e-03  6.54052373e-03 -6.31395633e-03
  1.28488166e-03 -6.41934325e-03  4.39162272e-03  3.97224106e-03
  7.71349201e-03 -5.74451411e-04 -1.23594466e-02  7.03685624e-03
 -2.82069469e-03  7.75921328e-03  6.48889063e-03  8.65329689e-04
  4.40586895e-03  7.45228965e-04  7.79524199e-03 -6.43913751e-03
 -4.85420274e-03  5.60029106e-03  5.08368925e-04  2.00144205e-03
 -6.64625974e-03 -3.42663407e-03 -7.32697755e-03  5.26161435e-04
  5.07058836e-03  7.20606606e-03  8.14656445e-03  5.60550321e-03
 -6.05635789e-03 -8.29805764e-03  3.18013188e-03  1.49467296e-03
 -5.99981186e-04  1.68087966e-04  6.91399864e-03 -8.40573377e-04
  8.80138285e-04  1.34100064e-03 -2.82594306e-03  1.69427796e-03
 -1.99953926e-03 -3.23059497e-03 -4.15392022e-03  4.95634510e-03
 -2.03771238e-03  8.70394099e-04  8.50285940e-03  7.86204776e-03
  1.26810702e-03 -9.14273900e-03  5.73141656e-03 -3.54830029e-03
  2.48186653e-03  8.09963756e-03 -1.78904829e-03  2.08197462e-03
  4.65876207e-03 -5.45409991e-03  1.05924820e-02  6.55930605e-04
 -1.03371324e-02 -1.31593189e-03 -9.34294284e-03 -6.25825100e-03
  9.75926721e-01 -1.07434651e-01  1.19314384e+00  6.84514184e-01], Best Fitness: 7.714440820115202e-08
Generation 292: Best Individual: [ 3.68786326e-03  5.61680193e-03  7.69242259e-03 -3.44962158e-03
 -8.24988882e-03 -1.32911657e-02  1.94640156e-03 -6.82736334e-03
 -9.04267777e-04  1.66967864e-02 -7.42427093e-03  5.03417833e-04
  2.39069986e-03 -1.67740626e-02  3.93337455e-03  5.16542398e-03
 -1.67957084e-03  2.35438516e-03  1.01512238e-03  4.44895515e-03
 -5.29952855e-03  1.32698453e-03 -6.62565212e-03  6.13314717e-03
 -2.86643477e-03  7.83316401e-03 -7.16824779e-03 -5.98741388e-04
 -7.34512075e-03  1.47571997e-03 -5.81205330e-03  2.68603190e-03
  6.38639437e-03  1.25872871e-03 -5.60308632e-03 -8.72200754e-03
 -7.44635344e-03 -6.56370364e-04 -6.65705272e-04  7.55427800e-03
  7.00153073e-03  3.29363762e-03 -6.10843745e-03 -6.40743138e-03
  3.60158553e-03  8.65592668e-03  1.01193305e-02  2.42700288e-03
 -5.46054592e-03 -9.58202977e-03 -1.15525883e-03 -1.24091704e-02
  4.68511415e-03  3.01860146e-03  6.54052373e-03 -6.31395633e-03
  1.28488166e-03 -6.41934325e-03  4.39162272e-03  3.97224106e-03
  7.71349201e-03 -5.74451411e-04 -1.23594466e-02  7.03685624e-03
 -2.82069469e-03  7.75921328e-03  6.48889063e-03  8.65329689e-04
  4.40586895e-03  7.45228965e-04  7.79524199e-03 -6.43913751e-03
 -4.85420274e-03  5.60029106e-03  5.08368925e-04  2.00144205e-03
 -6.64625974e-03 -3.42663407e-03 -7.32697755e-03  5.26161435e-04
  5.07058836e-03  7.20606606e-03  8.14656445e-03  5.60550321e-03
 -6.05635789e-03 -8.29805764e-03  3.18013188e-03  1.49467296e-03
 -5.99981186e-04  1.64277365e-03  6.91399864e-03 -9.93391477e-03
  8.80138285e-04  1.34100064e-03 -2.82594306e-03  1.69427796e-03
 -1.99953926e-03 -3.23059497e-03 -4.15392022e-03  4.95634510e-03
 -2.03771238e-03  8.70394099e-04  8.50285940e-03  7.86204776e-03
  1.26810702e-03 -9.14273900e-03  5.73141656e-03 -3.54830029e-03
  2.48186653e-03  8.09963756e-03 -1.78904829e-03  2.08197462e-03
  4.65876207e-03 -5.45409991e-03  1.05924820e-02  6.55930605e-04
 -1.03371324e-02 -1.31593189e-03 -9.34294284e-03 -6.25825100e-03
  9.75926721e-01 -1.07434651e-01  1.19314384e+00  6.84514184e-01], Best Fitness: 8.323786345406914e-08
Generation 304: Best Individual: [ 3.68786326e-03  5.61680193e-03  7.69242259e-03 -3.44962158e-03
 -8.24988882e-03 -1.32911657e-02  1.94640156e-03 -6.82736334e-03
 -9.04267777e-04  1.66967864e-02 -7.42427093e-03  5.03417833e-04
  2.39069986e-03 -1.67740626e-02  3.93337455e-03  5.16542398e-03
 -1.67957084e-03  2.35438516e-03  1.01512238e-03  4.44895515e-03
 -5.29952855e-03  1.32698453e-03 -6.62565212e-03  6.13314717e-03
 -2.86643477e-03  7.83316401e-03 -7.16824779e-03 -5.98741388e-04
 -7.34512075e-03  1.47571997e-03 -5.81205330e-03  2.68603190e-03
  6.38639437e-03  1.25872871e-03 -5.60308632e-03 -8.72200754e-03
 -7.44635344e-03 -6.56370364e-04 -6.65705272e-04  7.55427800e-03
  7.00153073e-03  3.29363762e-03 -6.10843745e-03 -6.40743138e-03
  3.60158553e-03  8.65592668e-03  1.01193305e-02  2.42700288e-03
 -5.46054592e-03 -9.58202977e-03 -1.15525883e-03 -1.24091704e-02
  4.68511415e-03  3.01860146e-03  6.54052373e-03 -6.31395633e-03
  1.28488166e-03 -6.41934325e-03  4.39162272e-03  3.97224106e-03
  7.71349201e-03 -5.74451411e-04 -1.23594466e-02  7.03685624e-03
 -2.82069469e-03  7.75921328e-03  6.48889063e-03  8.65329689e-04
  4.40586895e-03  7.45228965e-04  7.79524199e-03 -6.43913751e-03
 -4.85420274e-03  5.60029106e-03  5.08368925e-04  2.00144205e-03
 -6.64625974e-03 -3.42663407e-03 -7.32697755e-03  5.26161435e-04
  5.07058836e-03  7.20606606e-03  8.14656445e-03  5.60550321e-03
 -6.05635789e-03 -8.29805764e-03  3.18013188e-03  1.49467296e-03
 -5.99981186e-04  1.34324096e-03  6.91399864e-03 -8.74128072e-03
  8.80138285e-04  1.34100064e-03 -2.82594306e-03  1.69427796e-03
 -1.99953926e-03 -3.23059497e-03 -4.15392022e-03  4.95634510e-03
 -2.03771238e-03  8.70394099e-04  8.50285940e-03  7.86204776e-03
  1.26810702e-03 -9.14273900e-03  5.73141656e-03 -3.54830029e-03
  2.48186653e-03  8.09963756e-03 -1.78904829e-03  2.08197462e-03
  4.65876207e-03 -5.45409991e-03  1.55530004e-02  6.55930605e-04
 -1.03371324e-02 -1.31593189e-03 -9.34294284e-03 -4.22026129e-03
  9.75926721e-01 -1.07434651e-01  1.19314384e+00  6.84514184e-01], Best Fitness: 8.372682786015869e-08
Generation 309: Best Individual: [ 3.67976503e-03  5.61630284e-03  7.56634529e-03 -3.46694824e-03
 -8.21427245e-03 -1.30492695e-02  1.96970303e-03 -6.90525315e-03
 -8.92133543e-04  1.67009874e-02 -6.42847885e-03  5.17603544e-04
  2.38374082e-03 -1.67003777e-02  3.33897038e-03  4.55147114e-03
 -1.66227612e-03  3.24120575e-03  1.29163349e-03  4.33858445e-03
 -5.20885980e-03  1.23025715e-03 -6.62400753e-03  6.14969176e-03
 -3.03080669e-03  1.54002290e-02 -7.04692439e-03 -6.01858371e-04
 -7.38579590e-03  1.53691147e-03 -5.58144852e-03  2.67460006e-03
  7.24713038e-03  1.24055349e-03 -5.57850973e-03 -8.68276835e-03
 -7.44359530e-03 -6.51227948e-04 -6.74165198e-04  7.47911969e-03
  6.81765625e-03  3.21428669e-03 -5.83404518e-03 -6.47343027e-03
  3.57140518e-03  8.72285181e-03  1.08627322e-02  2.48626963e-03
 -5.39674820e-03 -9.33752766e-03 -1.11576825e-03 -1.28436487e-02
  4.66974607e-03  2.44689424e-03  5.36226382e-03 -6.30703779e-03
  1.27735900e-03 -6.28330701e-03  4.38285315e-03  3.97211767e-03
  7.67520797e-03 -5.25062914e-04 -1.16914411e-02  7.13818878e-03
 -2.80182170e-03  7.70823864e-03  6.50632323e-03  8.41765444e-04
  4.41199537e-03  7.43931748e-04  7.78831032e-03 -6.43975515e-03
 -4.92365601e-03  5.60162071e-03  4.15583849e-04  2.00165134e-03
 -6.59977504e-03 -3.47554746e-03 -7.34101877e-03  4.72252172e-04
  4.96230094e-03  7.21727977e-03  5.35672505e-03  5.82571355e-03
 -6.05812555e-03 -8.43681877e-03  4.48498447e-03  1.64174231e-03
 -3.73920645e-04  2.42710002e-03  6.23842413e-03 -7.89437912e-03
  1.83448769e-04 -7.66334401e-03 -2.82580559e-03  1.70558441e-03
 -1.57108061e-03 -3.25547342e-03 -4.04827643e-03  4.94223015e-03
 -2.01279019e-03  1.15327118e-03  7.63647687e-03  7.82515771e-03
  1.28050781e-03 -9.27575339e-03  9.17509201e-03 -3.56846880e-03
  2.41250221e-03  8.09283910e-03 -1.54782353e-03  1.04842988e-03
  3.47096041e-03 -5.41359579e-03  1.55426576e-02  6.34030364e-04
 -7.48455099e-03 -1.30439257e-03 -9.23735953e-03 -4.45467592e-03
  9.75523187e-01 -1.07423394e-01  1.19325273e+00  6.84513348e-01], Best Fitness: 8.660936994080577e-08
Generation 312: Best Individual: [ 3.66974329e-03  5.62344566e-03  7.45665777e-03 -3.27725456e-03
 -8.24965279e-03 -1.25601575e-02  2.77487383e-03 -6.85153742e-03
 -9.08992760e-04  1.66987218e-02 -7.38726766e-03  5.34394686e-04
  2.37600346e-03 -1.67816364e-02  3.83930057e-03  4.32184282e-03
 -1.67464361e-03  3.40970088e-03  1.26589490e-03  4.44537987e-03
 -5.26063870e-03  1.30467738e-03 -6.61846448e-03  6.16933505e-03
 -2.87340613e-03  7.70774391e-03 -5.47469221e-03 -5.87905071e-04
 -7.38519457e-03  1.44344745e-03 -5.80155759e-03  2.67103827e-03
  6.51331045e-03  1.25788046e-03 -5.59329615e-03 -8.70621397e-03
 -7.44232166e-03 -6.50626540e-04 -6.08402541e-04  7.12942546e-03
  6.99854841e-03  3.27257571e-03 -5.91071642e-03 -6.42819507e-03
  3.66230678e-03  8.72011822e-03  1.01539757e-02  2.56961985e-03
 -5.43491963e-03 -9.19387353e-03 -2.73242388e-03 -1.24875256e-02
  4.65008960e-03  2.86969510e-03  5.84043664e-03 -1.43365897e-02
  1.03881027e-03 -6.41642244e-03  4.37926471e-03  3.94707847e-03
  7.70670788e-03 -5.43510234e-04 -1.22632234e-02  7.04857079e-03
 -2.85020699e-03  7.76089822e-03  6.45528871e-03  7.79760851e-04
  4.67794028e-03  6.78487326e-04  7.79969259e-03 -6.44012822e-03
 -4.97251764e-03  5.63272710e-03  5.09354096e-04  1.90968768e-03
 -6.66225439e-03 -3.42865289e-03 -7.32575987e-03  5.12067360e-04
  4.98905425e-03  7.23594981e-03  4.98405699e-03  5.92190287e-03
 -6.05751303e-03 -8.64319895e-03  3.97064966e-03  1.63236287e-03
 -5.99563206e-04  7.91974171e-04  6.82501694e-03 -8.65064587e-03
  6.32090723e-04  1.27752414e-03 -2.79966208e-03  1.75960577e-03
 -1.96159384e-03 -3.23285599e-03 -4.12050399e-03  5.00761726e-03
 -2.02276621e-03  9.10025247e-04  8.39997814e-03  7.78667511e-03
  1.26034462e-03 -9.52548560e-03 -8.79561916e-04 -3.56071811e-03
  2.48211454e-03  8.10897120e-03 -1.72827977e-03  1.97923937e-03
  4.63223269e-03 -5.42917414e-03  1.46687054e-02  6.54491727e-04
 -9.57710195e-03 -1.31078185e-03 -9.34221026e-03 -4.31451260e-03
  9.78027454e-01 -1.07298346e-01  1.19364007e+00  6.91697003e-01], Best Fitness: 8.911283827889298e-08
Generation 325: Best Individual: [ 3.56599256e-03  6.04294531e-03  6.87512083e-03 -3.14492050e-03
 -8.02247482e-03 -1.16482059e-02  2.65066013e-03 -7.03670450e-03
 -7.16441758e-04  1.66668964e-02 -7.18151473e-03  1.24810678e-03
  2.28675018e-03 -1.67239948e-02  3.81252171e-03  2.10606521e-03
 -1.43573508e-03  3.30147683e-03  1.37382130e-03  4.16447839e-03
 -5.22865321e-03  1.31889799e-03 -5.82316589e-03  6.08671390e-03
 -3.19148878e-03  8.23942561e-03 -4.92281708e-03 -5.87821466e-04
 -7.79231106e-03  1.44693285e-03 -5.71653389e-03  2.51466447e-03
  7.74871729e-03  1.13535227e-03 -5.07995208e-03 -8.65148407e-03
 -7.42918709e-03 -6.78109153e-04 -4.13376553e-04  7.20730690e-03
  7.17808805e-03  3.24086080e-03 -5.82141365e-03 -6.25886735e-03
  4.43631025e-03  9.01000252e-03  1.03500013e-02  3.23829381e-03
 -5.20800530e-03 -8.73309749e-03 -2.48265948e-04 -1.25098255e-02
  4.43579860e-03  1.41444307e-03  2.51821496e-03 -1.92154294e-02
  1.03966105e-03 -5.54641575e-03  4.57074829e-03  4.31920111e-03
  7.52320002e-03 -4.13927659e-04 -1.21813058e-02  7.11403084e-03
 -2.64922654e-03  7.76108342e-03  6.15477109e-03  8.15185729e-04
  5.53896613e-03  5.85573879e-04  8.11623753e-03 -6.15241856e-03
 -5.47690852e-03  6.02836009e-03  1.42011155e-03  1.94114634e-03
 -6.28501261e-03 -3.43765298e-03 -6.70315457e-03  5.94087152e-04
  4.95651121e-03  7.16755058e-03  7.18902174e-03  5.91919131e-03
 -5.95747795e-03 -7.96658804e-03  4.02127945e-03  1.77312266e-03
 -4.82884448e-04  4.00403430e-03  6.09241188e-03 -5.77739377e-03
  1.79710171e-04  4.91646313e-04 -2.80923822e-03  2.16934252e-03
 -1.84082873e-03 -2.93756991e-03 -3.79450015e-03  4.71648516e-03
 -1.95073911e-03 -1.56496211e-03  6.23648763e-03  6.30931624e-03
  2.01681568e-03 -9.72958411e-03  2.95275887e-04 -3.81515964e-03
  2.47502652e-03  8.29717863e-03 -5.17276978e-03  1.25649249e-03
  3.86989841e-03 -5.37127116e-03  1.27438612e-02  5.55303881e-04
 -9.04543528e-03 -1.31055382e-03 -9.98378577e-03 -4.97991643e-03
  9.78413215e-01 -1.07342084e-01  1.19370753e+00  6.84877278e-01], Best Fitness: 9.171490326087693e-08
Generation 346: Best Individual: [ 3.56599256e-03  6.04294531e-03  6.87512083e-03 -3.14492050e-03
 -8.02247482e-03 -1.16482059e-02  2.65066013e-03 -7.03670450e-03
 -7.16441758e-04  1.66668964e-02 -7.18151473e-03  1.24810678e-03
  2.28675018e-03 -1.67239948e-02  3.81252171e-03  2.10606521e-03
 -1.43573508e-03  3.30147683e-03  1.37382130e-03  4.16447839e-03
 -5.22865321e-03  1.31889799e-03 -5.82316589e-03  6.08671390e-03
 -3.19148878e-03  8.23942561e-03 -4.92281708e-03 -5.87821466e-04
 -7.79231106e-03  1.44693285e-03 -5.71653389e-03  2.51466447e-03
  7.74871729e-03  1.13535227e-03 -5.07995208e-03 -8.65148407e-03
 -7.42918709e-03 -6.78109153e-04 -4.13376553e-04  7.20730690e-03
  7.17808805e-03  3.24086080e-03 -5.82141365e-03 -6.25886735e-03
  4.43631025e-03  9.01000252e-03  1.03500013e-02  3.23829381e-03
 -5.20800530e-03 -8.73309749e-03 -2.48265948e-04 -1.25098255e-02
  4.43579860e-03  1.41444307e-03  2.51821496e-03 -1.92154294e-02
  1.03966105e-03 -5.54641575e-03  4.57074829e-03  4.31920111e-03
  7.52320002e-03 -4.13927659e-04 -1.21813058e-02  7.11403084e-03
 -2.64922654e-03  7.76108342e-03  6.15477109e-03  8.15185729e-04
  5.53896613e-03  5.85573879e-04  8.11623753e-03 -6.15241856e-03
 -5.47690852e-03  6.02836009e-03  1.42011155e-03  1.94114634e-03
 -6.28501261e-03 -3.43765298e-03 -6.70315457e-03  5.94087152e-04
  4.95651121e-03  7.16755058e-03  7.18902174e-03  5.91919131e-03
 -5.95747795e-03 -7.96658804e-03  4.02127945e-03  1.77312266e-03
 -4.82884448e-04  4.00403430e-03  6.09241188e-03 -5.77739377e-03
  1.79710171e-04  4.91646313e-04 -2.80923822e-03  2.16934252e-03
  4.48089164e-03 -2.93756991e-03 -3.79450015e-03  4.71648516e-03
 -1.95073911e-03 -1.56496211e-03  6.23648763e-03  6.30931624e-03
  2.01681568e-03 -9.72958411e-03  2.95275887e-04 -3.81515964e-03
  2.47502652e-03  8.29717863e-03 -5.17276978e-03  1.25649249e-03
  3.86989841e-03 -5.37127116e-03  1.27438612e-02  5.55303881e-04
 -9.04543528e-03 -1.31055382e-03 -9.98378577e-03 -4.97991643e-03
  9.78413215e-01 -1.07342084e-01  1.19370753e+00  6.84877278e-01], Best Fitness: 9.449154317749028e-08
Generation 366: Best Individual: [ 2.98989706e-03  5.49992559e-03  6.50334964e-03 -2.77298642e-03
 -9.05887535e-03 -1.11424415e-02  2.15857699e-03 -7.17687460e-03
 -1.04859216e-03  1.64814987e-02 -7.21038051e-03  1.18715199e-03
  1.74725360e-03 -1.72424204e-02  3.99280458e-03  1.12771003e-02
 -2.14610910e-03  3.47126095e-03  1.20969039e-03  4.20058026e-03
 -4.83399691e-03  8.29551139e-04 -6.04465396e-03  6.07161146e-03
 -3.25316396e-03  1.02790787e-02 -4.89995721e-03  9.55822695e-04
 -7.59391432e-03  1.34809151e-03 -5.11551080e-03  2.63797798e-03
  7.35052086e-03 -1.02575135e-04 -5.94507525e-03 -8.89742928e-03
 -8.45629717e-03 -1.39775138e-03  1.38554719e-04  7.67671444e-03
  1.01953969e-02  3.24708087e-03 -5.60885129e-03 -5.45423809e-03
  4.08326245e-03  8.89157661e-03  1.03720538e-02  3.72878071e-03
 -5.16803064e-03 -7.54486284e-03 -9.94838551e-04 -1.27346322e-02
  4.35966446e-03  1.01004879e-04  2.66478382e-03 -1.99578270e-02
  1.25370986e-03 -4.53670481e-03  4.21441328e-03  6.96963921e-03
  6.90088558e-03  2.51068361e-04 -9.92315855e-03  7.06355049e-03
 -2.05329346e-03  8.46961882e-04  1.35329256e-02 -3.16812873e-03
  5.13642450e-03 -6.32327646e-05  7.70839372e-03 -5.02449316e-03
 -5.80474492e-03  4.97050707e-03  9.60133481e-04  2.09597904e-03
 -7.35528913e-03 -3.50763320e-03 -5.70229377e-03 -1.20157615e-03
  4.54652116e-03  7.84430032e-03  6.54576017e-03  5.89825770e-03
 -7.23919446e-03 -8.06451419e-03  4.08849822e-03  1.88904027e-03
  1.21007570e-04  3.20994227e-03  6.33007320e-03 -4.94718451e-03
  2.39461870e-04 -1.28409859e-03 -2.95763968e-03  2.08899725e-03
 -5.59309290e-04 -2.43962461e-03 -3.60914851e-03  5.43209978e-03
 -1.47613987e-03 -4.50074467e-04  5.66351260e-03  6.11832136e-03
  2.04253085e-03 -9.96927293e-03  3.66666483e-03 -4.01866882e-03
  2.12811909e-03  8.08648278e-03 -2.93885493e-03  3.17437928e-03
  4.29450032e-03 -5.03723230e-03  1.20897857e-02  7.45852307e-04
 -6.74110297e-03 -2.27256275e-03 -1.04649983e-02 -3.99258856e-03
  9.79711687e-01 -1.05948518e-01  1.19390922e+00  6.91203839e-01], Best Fitness: 9.713491119962876e-08
Generation 368: Best Individual: [ 3.22298658e-03  5.55354138e-03  6.51038519e-03 -3.19663347e-03
 -9.40069920e-03 -1.14273696e-02  2.45038086e-03 -7.09886796e-03
 -6.94676042e-04  1.66049966e-02 -7.32536004e-03  5.13104754e-04
  1.39421155e-03 -1.70713560e-02  4.00686336e-03  2.45627095e-03
 -1.70713330e-03  2.95722123e-03  1.33417579e-03  4.03782858e-03
 -5.17565318e-03  1.06631561e-03 -5.98091213e-03  6.01167020e-03
 -2.68716310e-03  1.67092022e-02 -5.16956687e-03  9.33284093e-05
 -7.61355481e-03  1.36603663e-03 -5.33468891e-03  2.56202849e-03
  1.13100352e-02  7.12985517e-05 -5.01387893e-03 -8.31136079e-03
 -7.21081239e-03 -6.57573483e-04 -1.12635384e-04  7.67414912e-03
  6.58928405e-03  3.01807094e-03 -5.69576483e-03 -5.90488787e-03
  4.79276744e-03  1.10593444e-02  1.03782614e-02  4.07634930e-03
 -7.94279860e-03 -7.65898702e-03 -1.85692290e-03 -1.25188102e-02
  4.50507917e-03  9.29708011e-04  2.24049361e-03 -1.48751943e-02
  1.45062305e-03 -4.56405443e-03  4.19128916e-03  4.26346281e-03
  2.97649780e-03  9.37074406e-06 -1.09665738e-02  7.57003152e-03
 -2.22186560e-03  8.27016468e-03  1.37976440e-02  9.18011429e-04
 -8.61835659e-06 -3.80731963e-05  7.92149299e-03 -6.63475377e-03
 -5.84000139e-03  6.20307125e-03 -1.75603671e-03  2.45828019e-03
 -6.62532678e-03 -3.45271416e-03 -4.81046423e-03 -8.23177820e-04
  4.85834882e-03  7.54549313e-03  6.74823601e-03  3.02084456e-03
 -7.66453740e-03 -8.07250517e-03  4.69672804e-03  1.55925634e-03
 -5.76012987e-04  2.52853058e-03  5.96132363e-03 -4.67434590e-03
  2.99663654e-04  5.83376205e-05 -2.94582279e-03  2.32985290e-03
  8.10480482e-05 -1.61030723e-03 -3.69955600e-03  5.34558945e-03
 -7.99574856e-04 -4.85986974e-04  5.50738048e-03  6.12250140e-03
  1.89231110e-03 -1.00306101e-02  2.84074990e-03 -3.74307509e-03
  1.75175646e-03  8.92651966e-03 -5.61994319e-03  1.82819644e-03
  4.31473795e-03 -2.99427504e-03  1.24039948e-02  7.44413380e-04
 -7.34267247e-03 -1.81165852e-03 -1.06830612e-02 -5.26816783e-03
  9.79884815e-01 -1.06721066e-01  1.19304396e+00  6.85063317e-01], Best Fitness: 9.927364008061861e-08
Generation 381: Best Individual: [ 3.01849573e-03  5.53609032e-03  4.87909170e-03 -2.94600776e-03
 -9.02155296e-03 -1.13847975e-02  2.42865618e-03 -7.58041927e-03
 -9.35146948e-04  1.63982064e-02 -6.92538360e-03  5.13610244e-04
  1.44538562e-03 -1.70367624e-02  4.01750840e-03  2.97227726e-03
 -1.77901266e-03  1.20399375e-02  1.13031711e-03  4.48846055e-03
 -4.77203273e-03  1.32211579e-03 -5.90437220e-03  5.95501144e-03
 -2.86874402e-03  1.61319025e-02 -5.17229964e-03  9.02032958e-05
 -7.59105747e-03  3.77087929e-04 -5.19466585e-03  2.54417171e-03
  1.11143496e-02 -2.11178977e-04 -5.06526901e-03 -8.50338504e-03
 -4.15098538e-03 -6.96640218e-04 -1.44197461e-04  7.74836648e-03
  6.87597858e-03  3.05618316e-03 -5.74996724e-03 -5.89135385e-03
  4.52820219e-03  9.82675429e-03  1.03888991e-02  3.98342698e-03
 -7.81384126e-03 -7.31487745e-03 -1.89153468e-03 -1.24972537e-02
  4.29847644e-03  9.62596716e-04  2.26587791e-03 -1.48832766e-02
  1.39033095e-03 -4.58491206e-03  4.21459947e-03  6.62750173e-03
  4.57747899e-03 -1.49762977e-04 -1.13756623e-02  8.10122985e-03
 -1.84505530e-03  7.33358345e-03  1.30144207e-02  9.05037422e-04
  1.45731180e-03 -4.18119893e-06  8.00315350e-03 -6.62723072e-03
 -6.00042843e-03  6.17614028e-03 -6.55096046e-04  2.05441724e-03
 -6.69746836e-03 -1.15873240e-02 -5.21299228e-03 -7.04634690e-04
  5.35766153e-03  7.34636347e-03  6.68389916e-03  4.17115932e-03
 -7.59082071e-03 -8.06222195e-03  3.96833702e-03  1.48528205e-03
 -3.37232177e-04  2.53310266e-03  5.96650109e-03 -4.48337481e-03
  2.93977849e-04  4.52517235e-05 -2.93261265e-03  2.18266886e-03
  8.95377281e-05 -1.87030131e-03 -3.56704910e-03  5.35134554e-03
  1.58225911e-04 -4.23912044e-04  5.50445897e-03  6.13085873e-03
  2.13559349e-03 -9.16169289e-03  2.91088403e-03 -3.76194303e-03
  1.09952994e-03  9.07543641e-03 -4.95026971e-03  2.13595964e-03
  4.31454164e-03 -4.31710294e-03  1.22854375e-02  7.90244395e-04
 -6.93854813e-03 -1.85991425e-03 -1.06737111e-02 -5.01832705e-03
  9.80814475e-01 -1.06742576e-01  1.19340009e+00  6.85721134e-01], Best Fitness: 1.0211030237396133e-07
Generation 383: Best Individual: [ 3.75269415e-03  5.35216505e-03  6.01314807e-03 -3.90964379e-03
 -9.11664124e-03 -1.09434128e-02  2.27882629e-03 -7.47439553e-03
 -9.39645537e-04  1.63776896e-02 -6.72534624e-03  1.40931354e-03
  1.65155244e-03 -1.70525503e-02  4.12780725e-03  3.55410992e-03
 -2.03059101e-03  3.20195988e-03  1.09887169e-03  4.67033836e-03
 -5.07997073e-03  1.27067996e-03 -5.86693775e-03  5.75005853e-03
 -3.22471879e-03  1.24851228e-02 -4.66770479e-03 -8.31558688e-05
 -5.91498583e-03  1.30131333e-03 -6.05981348e-03  2.26388294e-03
  8.70506741e-03 -1.16821545e-04 -5.30820252e-03 -8.95477852e-03
 -5.86786690e-03 -4.20641318e-04 -3.63907342e-04  7.43849305e-03
  7.30784328e-03  2.94690874e-03 -4.85914783e-03 -6.29513447e-03
  4.55842768e-03  9.17467474e-03  1.07674017e-02  3.86401393e-03
 -6.53077212e-03 -8.12186283e-03 -1.18997290e-03 -1.20353011e-02
  4.51564216e-03  9.66933314e-04  2.63440650e-03 -1.47470359e-02
  8.71967757e-04 -4.69277264e-03  4.38970830e-03  4.72843348e-03
  5.11194335e-03  1.54050289e-03 -1.09362172e-02  8.56012882e-03
 -1.45208525e-03  8.16095303e-03  1.08516144e-02 -2.02953683e-04
  3.13610782e-03 -8.32888020e-03  8.44340724e-03 -6.71947647e-03
 -5.90888845e-03  5.76862442e-03 -1.90317261e-04  2.44199814e-03
 -6.98072070e-03 -5.70229155e-03 -7.81409019e-03 -8.67883851e-04
  1.44188007e-02  7.52752528e-03  6.25851521e-03  5.40651298e-03
 -6.70169503e-03 -8.01739477e-03  4.01618581e-03  2.00728075e-03
 -3.46779955e-04  2.59516486e-03  5.62430469e-03 -4.18282138e-03
  3.01904906e-04  6.96155212e-05 -3.00305337e-03  2.13000215e-03
  3.19306272e-04 -3.26312555e-03 -3.47181271e-03  5.53789519e-03
 -7.77602982e-04 -2.30381145e-04  5.55974698e-03  6.19052005e-03
  2.31575609e-03 -9.11274816e-03  2.48041084e-03 -3.79300119e-03
  1.07585765e-03  1.45563112e-02 -3.21399240e-03  2.32699836e-03
 -2.06692069e-03 -4.31307521e-03  1.21427208e-02  9.16517737e-04
 -6.65410025e-03 -2.02703019e-03 -1.06700559e-02 -4.75565014e-03
  9.84566196e-01 -1.06382435e-01  1.19353744e+00  6.86530710e-01], Best Fitness: 1.0372281278668308e-07
Generation 386: Best Individual: [ 3.59449265e-03  5.51062640e-03  5.76908917e-03 -3.11791994e-03
 -9.06718046e-03 -1.11582674e-02  2.39816676e-03 -7.52089948e-03
 -9.39332681e-04  1.63859949e-02 -6.79644220e-03  7.75235114e-04
  1.55296781e-03 -1.70461018e-02  4.02722302e-03  3.44528857e-03
 -1.92619044e-03  1.17394587e-02  1.09951362e-03  4.54183760e-03
 -4.91374575e-03  1.28397225e-03 -5.89334050e-03  5.86126479e-03
 -3.15974122e-03  1.42468537e-02 -5.06967473e-03  5.33167151e-05
 -6.59985712e-03  4.68295113e-04 -5.24445115e-03  2.46677577e-03
  1.07640993e-02 -1.96409139e-04 -5.21557032e-03 -8.71193702e-03
 -5.76576451e-03 -4.84946854e-04 -2.37460846e-04  7.45112144e-03
  7.11513653e-03  2.97253951e-03 -5.61883583e-03 -5.99670491e-03
  4.53112648e-03  9.42554918e-03  1.07126934e-02  3.94517235e-03
 -7.77140664e-03 -8.03041556e-03 -1.75608280e-03 -1.22018129e-02
  4.32698792e-03  9.65406235e-04  2.52288570e-03 -1.48237272e-02
  1.27569416e-03 -4.62044093e-03  4.25156128e-03  5.65090876e-03
  5.09874786e-03  2.70960631e-04 -1.10586445e-02  8.40030219e-03
 -1.62419105e-03  7.92166665e-03  1.15128897e-02  7.54565368e-04
  1.81914507e-03 -7.51966542e-03  8.03148558e-03 -6.64630954e-03
 -5.93910991e-03  5.96361720e-03 -5.40203294e-04  2.36859432e-03
 -6.82754508e-03 -1.12354469e-02 -6.81922463e-03 -8.29390476e-04
  1.24883747e-02  7.35028067e-03  6.40029902e-03  5.25999352e-03
 -7.00111617e-03 -8.03591958e-03  3.98500658e-03  1.73565359e-03
 -3.46313178e-04  2.54187982e-03  5.81993988e-03 -4.31313600e-03
  2.97136830e-04  5.21024103e-05 -2.97138004e-03  2.13375558e-03
  2.67938559e-04 -2.05310808e-03 -3.50838885e-03  5.37309403e-03
 -2.56720261e-04 -3.09658638e-04  5.55802000e-03  6.16412245e-03
  2.22716264e-03 -9.14365505e-03  2.81217136e-03 -3.77328249e-03
  1.09439631e-03  9.45376301e-03 -4.38198209e-03  2.27848148e-03
 -8.69765291e-04 -4.31347109e-03  1.21996803e-02  8.32113117e-04
 -6.86876897e-03 -2.01756602e-03 -1.06733545e-02 -4.94930777e-03
  9.81048200e-01 -1.06730192e-01  1.19352286e+00  6.86368069e-01], Best Fitness: 1.0879464615449427e-07
Generation 396: Best Individual: [ 3.44634099e-03  5.52692439e-03  6.41675711e-03 -2.99714266e-03
 -9.06825501e-03 -1.11499993e-02  2.35990724e-03 -7.69970793e-03
 -9.06284586e-04  2.33698020e-02 -6.73821606e-03  7.78254030e-04
  1.60108456e-03 -1.69836912e-02  5.11893797e-03  3.44271488e-03
 -1.98951341e-03  7.58373457e-03  7.19800529e-04  4.22244096e-03
 -1.41100884e-02  1.20679543e-03 -5.89175896e-03  5.52161250e-03
 -2.63367368e-03  1.38868432e-02 -4.91922798e-03  1.16440757e-04
 -7.13141350e-03  8.40778501e-03 -6.38575940e-03  2.88573131e-03
  1.03641411e-02 -1.72731297e-04 -5.17979278e-03 -8.93201158e-03
 -6.50653370e-03 -4.43012602e-04 -1.93311779e-04  7.55492904e-03
  7.15907451e-03  3.17159776e-03 -5.79973878e-03 -5.35535920e-03
  4.80070741e-03  1.23795875e-02  1.07082092e-02  3.88879635e-03
 -6.37244939e-03 -7.70331981e-03 -1.65497328e-03 -1.20532191e-02
  4.32597069e-03  9.35702115e-04  2.55840448e-03 -1.52921682e-02
  1.66191280e-03 -4.69042989e-03  4.26760197e-03  5.52430420e-03
  5.37003206e-03  2.88224027e-04 -1.00344260e-02  8.38464092e-03
 -1.73293642e-03  7.68344706e-03  1.14957690e-02  5.77932851e-04
  2.63107317e-03 -2.34164701e-03  7.70654971e-03 -6.27790501e-03
 -5.68044250e-03  5.70388607e-03 -8.49384329e-05  2.21466387e-03
 -6.82822740e-03 -6.52798855e-03 -7.12244414e-03  2.88766577e-04
  1.06691896e-02  7.73575996e-03  6.64589617e-03  5.25054231e-03
 -7.01189168e-03 -8.17370895e-03  6.48017191e-03  6.72771208e-03
  3.19106595e-04  2.70184933e-03  5.38671227e-03 -4.43920610e-03
  1.22775852e-04 -6.04696263e-05 -2.97976972e-03  1.50102836e-03
  4.10066817e-04 -2.27716245e-03 -3.76195672e-03  5.58695959e-03
  5.31989269e-06  3.68809540e-05  5.20110662e-03  6.22011166e-03
  2.10438996e-03 -9.19475392e-03  2.90554855e-03 -3.81029060e-03
  3.79799722e-04  9.76349403e-03 -4.18129130e-03 -1.28163233e-03
  3.44794165e-03 -5.05946461e-03  1.24707196e-02  9.90879653e-03
 -6.99932965e-03 -2.09840679e-03 -1.06626942e-02 -4.69364812e-03
  9.82141024e-01 -1.06608207e-01  1.19359574e+00  6.86383436e-01], Best Fitness: 1.1327980111587682e-07
Generation 408: Best Individual: [ 3.44634099e-03  5.52692439e-03  6.41675711e-03 -2.99714266e-03
 -9.06825501e-03 -1.11499993e-02  2.35990724e-03 -7.69970793e-03
 -9.06284586e-04  2.33698020e-02 -6.73821606e-03  7.78254030e-04
  1.60108456e-03 -1.69836912e-02  5.11893797e-03  3.44271488e-03
 -1.98951341e-03  7.58373457e-03  7.19800529e-04  4.22244096e-03
 -1.41100884e-02  1.20679543e-03 -5.89175896e-03  5.52161250e-03
 -2.63367368e-03  1.38868432e-02 -4.91922798e-03  1.16440757e-04
 -7.13141350e-03  8.40778501e-03 -6.38575940e-03  2.88573131e-03
  1.03641411e-02 -8.00364928e-04 -5.17979278e-03 -8.93201158e-03
 -6.50653370e-03 -4.43012602e-04 -1.93311779e-04  7.55492904e-03
  7.15907451e-03  3.17159776e-03 -5.79973878e-03 -5.35535920e-03
  4.80070741e-03  1.23795875e-02  1.07082092e-02  3.88879635e-03
 -6.37244939e-03 -7.70331981e-03 -1.65497328e-03 -1.20532191e-02
  4.32597069e-03  9.35702115e-04  2.55840448e-03 -1.52921682e-02
  1.66191280e-03 -4.69042989e-03  4.26760197e-03  5.52430420e-03
  5.37003206e-03  2.88224027e-04 -1.00344260e-02  8.38464092e-03
 -1.73293642e-03  7.68344706e-03  1.14957690e-02  5.77932851e-04
  2.63107317e-03 -2.34164701e-03  7.70654971e-03 -6.27790501e-03
 -5.68044250e-03  5.70388607e-03 -8.49384329e-05  2.21466387e-03
 -6.82822740e-03 -6.52798855e-03 -7.12244414e-03  2.88766577e-04
  1.06691896e-02  7.73575996e-03  6.64589617e-03  5.25054231e-03
 -7.01189168e-03 -8.17370895e-03  6.48017191e-03  6.72771208e-03
  3.19106595e-04  2.70184933e-03  5.38671227e-03 -4.43920610e-03
  1.22775852e-04 -6.04696263e-05 -2.97976972e-03  1.50102836e-03
  4.10066817e-04 -2.27716245e-03 -3.76195672e-03  5.58695959e-03
  5.31989269e-06  3.68809540e-05  5.20110662e-03  6.22011166e-03
  2.10438996e-03 -9.19475392e-03  2.90554855e-03 -3.81029060e-03
  3.79799722e-04  9.76349403e-03 -4.18129130e-03 -1.28163233e-03
  3.44794165e-03 -5.05946461e-03  1.24707196e-02  9.90879653e-03
 -6.99932965e-03 -2.09840679e-03 -1.06626942e-02 -4.69364812e-03
  9.82141024e-01 -1.06608207e-01  1.19359574e+00  6.86383436e-01], Best Fitness: 1.1346805586430384e-07
Generation 410: Best Individual: [ 3.33246931e-03  5.45216199e-03  6.24609632e-03 -4.09091996e-03
 -9.05151884e-03 -1.07495806e-02  2.43020657e-03 -7.69687277e-03
 -8.57899266e-04  2.07069153e-02 -5.70748225e-03  7.40382044e-04
  1.87277701e-03 -1.65979031e-02  5.00748309e-03  3.43200798e-03
 -2.08925737e-03  4.81673855e-03  6.99634379e-04  3.93566098e-03
 -1.00313941e-02  6.35474271e-04 -4.94475094e-03  5.50679290e-03
  4.44219393e-04  1.38082790e-02 -4.87732585e-03  2.59090596e-04
 -7.12567825e-03  3.57886703e-03 -6.23816140e-03  2.87367332e-03
  1.02165812e-02  5.61670395e-04 -4.59790283e-03 -8.93255340e-03
 -6.65422661e-03 -1.49032436e-03  8.41065382e-03  7.74367210e-03
  7.15216707e-03  3.39604895e-03 -5.43920554e-03 -5.44871284e-03
  4.99043270e-03  1.14584832e-02  1.04630249e-02  3.88355542e-03
 -6.24134929e-03 -7.70507043e-03 -2.10140375e-03 -1.20346784e-02
  4.55492019e-03  1.56709731e-03  2.49224990e-03 -1.53239999e-02
  2.16742888e-03 -4.68136719e-03  4.31025625e-03  4.82649273e-03
  6.26109895e-03  6.14318347e-04 -1.00507055e-02  8.49261306e-03
 -1.75561891e-03  7.68334435e-03  9.48509016e-03  4.40210711e-04
  2.45215693e-03 -3.45290038e-03  8.21634732e-03 -6.53291917e-03
 -5.95859831e-03  5.79904766e-03 -3.09783946e-04  8.86167497e-04
 -6.91793588e-03 -5.49861020e-03 -7.04810955e-03 -2.89972413e-04
  9.56248312e-03  7.73253007e-03  6.57924367e-03  5.22136062e-03
 -6.99976261e-03 -8.01320595e-03  6.29700468e-03  4.52182445e-03
  3.50668044e-04  2.86521334e-03  5.86897191e-03 -4.43105777e-03
 -1.46626821e-04  2.15231267e-06 -2.80889967e-03  2.25468480e-03
  4.03850652e-03 -2.39884611e-03 -4.15310560e-03  5.55062424e-03
 -1.03425276e-05 -3.58106033e-05  5.19664907e-03  5.69632178e-03
  2.88753056e-03 -9.36503278e-03  3.15379978e-03 -4.35065362e-03
  2.26976774e-04  9.80065846e-03 -3.91568471e-03 -9.50004341e-04
  6.26510657e-03 -5.07743901e-03  1.24391706e-02  8.52822764e-03
 -7.06682468e-03 -2.11685213e-03 -1.06246616e-02 -4.66311875e-03
  9.84518382e-01 -1.13548175e-01  1.19332580e+00  6.86095410e-01], Best Fitness: 1.1358374932819439e-07
Generation 412: Best Individual: [ 2.70415901e-03  1.23794802e-02  6.26439860e-03 -2.79032122e-03
 -9.42166103e-03 -1.07860015e-02  2.61595459e-03 -7.82524713e-03
 -9.03233382e-04  1.78755944e-02 -6.89423006e-03  9.64106411e-04
  2.48338313e-03 -1.63692543e-02  4.79669941e-03  3.24584963e-03
 -2.23277989e-03  3.90409596e-03 -2.60585629e-03  3.83408802e-03
 -6.44456101e-03  8.02994263e-04 -6.00528810e-03  5.62098942e-03
 -2.75487385e-03  1.28466365e-02 -4.89148244e-03  3.59127056e-04
 -6.14414059e-03  2.41995912e-03 -5.86790947e-03  2.49077438e-03
  8.85093484e-03 -4.03879223e-04 -3.98905422e-03 -9.01557666e-03
 -6.18229180e-03 -4.16751799e-04 -3.97094920e-04  7.96714460e-03
  7.30942580e-03  3.73990051e-03 -1.41863193e-02 -5.58907761e-03
  5.15669104e-03  1.01168389e-02  1.06791221e-02  2.30677692e-03
 -6.65443934e-03 -6.60476130e-03 -1.86182360e-03 -1.19554541e-02
  8.52094525e-03  1.73247294e-03  2.43205668e-03 -1.66606982e-02
  1.47421628e-03 -4.70855822e-03  4.44405618e-03  5.34341624e-03
  6.12498344e-03  5.53935469e-04 -1.02467140e-02  8.48321192e-03
 -1.89965818e-03  7.55968142e-03  9.60376954e-03  9.59457597e-05
  2.14796225e-03 -4.12138595e-04  7.08388378e-03 -6.63440609e-03
 -5.41333554e-03  6.35457478e-03 -5.44658147e-05 -5.26977720e-04
 -4.51116777e-03 -5.27131025e-03 -6.88794000e-03 -3.34668527e-04
  1.64012379e-02  5.43450837e-03  6.86662880e-03  5.47706491e-03
 -7.10733234e-03 -1.12038835e-02  5.69984165e-03  3.01618085e-03
  1.73295740e-03  2.68130507e-03  6.84865778e-03 -4.21038694e-03
 -8.51233371e-05  1.69499170e-04 -2.41755136e-03  2.64235553e-03
  1.22263591e-03 -2.14433311e-03 -4.18529204e-03  5.96179810e-03
 -1.40981065e-04 -2.35126966e-04  5.00247260e-03  5.63426990e-03
  2.45794194e-03 -1.02380080e-02  3.12951218e-03 -3.61828272e-03
 -1.50680459e-05  9.40436153e-03 -3.76384641e-03  6.82293845e-04
  4.10648250e-03 -5.01309818e-03  1.19546653e-02  4.65641588e-03
 -7.36813810e-03 -2.05116143e-03 -1.09786451e-02 -4.43497755e-03
  9.89620240e-01 -1.06516373e-01  1.19317423e+00  6.85789262e-01], Best Fitness: 1.1358859752613954e-07
Generation 413: Best Individual: [ 2.71559997e-03  6.07350159e-03  5.58242552e-03 -3.23157305e-03
 -9.29269625e-03 -1.08680278e-02  2.61656351e-03 -7.45639237e-03
  1.18542817e-03  1.77303761e-02 -6.97899344e-03  9.03117352e-04
  2.13616307e-03 -1.63143803e-02  4.74569519e-03  4.88735290e-03
 -2.42264029e-03  4.08357757e-03  7.69865087e-04  4.07823709e-03
 -9.84473200e-03  1.09141501e-03 -5.98794777e-03  5.42134783e-03
 -2.71047025e-03  1.19558028e-02 -4.86950680e-03  3.82107350e-04
 -7.56084204e-03  5.05888261e-03 -5.68467629e-03  2.82296417e-03
  8.76522925e-03  3.87272403e-04 -4.01593615e-03 -8.82420489e-03
 -6.65948788e-03 -4.98525740e-04 -2.23748753e-03  7.97987834e-03
  7.27021563e-03  3.44251958e-03 -4.99524297e-03 -5.56390941e-03
  4.88647184e-03  1.03584817e-02  1.38455484e-02  3.14878092e-03
 -5.35937088e-03 -7.28293743e-03 -2.29700389e-03 -1.14736083e-02
  3.91569931e-03  1.72110763e-03  2.43321672e-03 -1.55256895e-02
  2.24631915e-03 -1.26228295e-02  2.96952196e-03  3.09520420e-03
  6.46302169e-03  7.28880226e-04 -1.01853584e-02  8.43782569e-03
 -2.07038999e-03  7.69222012e-03  9.43815921e-03  5.98444818e-05
  2.26815482e-03 -2.01297921e-03  7.55983417e-03 -6.65593989e-03
 -5.75945009e-03  5.84260263e-03 -1.17351917e-04  2.18916482e-03
 -7.12912389e-03 -5.44646309e-03 -7.08372528e-03 -5.73757438e-04
  1.80498419e-02  5.90708289e-03  6.70665820e-03  5.27610545e-03
 -6.96018421e-03 -9.28345769e-03  5.76703141e-03  3.51622636e-03
  1.26604519e-03  3.83370944e-03  7.03322098e-03 -4.34441368e-03
  8.54810331e-06  4.00111965e-04 -2.22133331e-03  2.38105083e-03
  1.01020921e-03 -2.28389995e-03 -1.34559298e-03  6.12281796e-03
 -1.07957916e-04 -5.19249632e-04  4.99753555e-03  5.99527985e-03
  2.41346511e-03 -9.44763519e-03  2.70634059e-03 -3.84586714e-03
 -9.97357087e-05  9.58767927e-03 -6.12941160e-03 -6.95417261e-05
  3.16400040e-03 -5.76546054e-03  1.18232019e-02  3.40137714e-03
 -6.81696432e-03 -2.11282632e-03 -1.03392632e-02 -4.14544822e-03
  9.90760280e-01 -1.06642574e-01  1.19314218e+00  6.86063881e-01], Best Fitness: 1.1500589900036234e-07
Generation 421: Best Individual: [ 2.73628682e-03  5.89132318e-03  5.53625081e-03 -4.08220661e-03
 -9.13189951e-03 -1.08507349e-02  2.63253655e-03 -7.49048091e-03
  4.32884863e-04  1.73308451e-02 -6.81624913e-03  1.76635419e-03
  2.12664989e-03 -1.68370228e-02  4.70993004e-03  4.87406554e-03
 -2.40192670e-03  4.13503096e-03  8.66245228e-04  4.02652040e-03
 -9.13873352e-03  1.07345453e-03 -5.97770424e-03  5.51582609e-03
 -2.86173959e-03  1.19472996e-02 -4.88314624e-03  3.68844933e-04
 -7.47506540e-03  4.88505113e-03 -5.56618396e-03  3.22602896e-03
  9.31926191e-03  1.39257418e-04 -4.51110317e-03 -8.40804167e-03
 -6.65473278e-03 -4.36750236e-04 -1.91444858e-03  8.33498006e-03
  9.47033467e-03  3.44530362e-03 -4.99740248e-03 -5.56102012e-03
  4.89149336e-03  1.03780810e-02  1.36929316e-02  4.03626563e-03
 -8.00694319e-03 -7.28683423e-03 -2.25691417e-03 -1.12585167e-02
  4.26436096e-03  2.35001088e-03  2.34060839e-03 -1.59886322e-02
  1.55569153e-03 -1.22720007e-02  3.13902366e-03  3.09599737e-03
  6.42722148e-03  7.62024690e-04 -9.40309745e-03  8.45486701e-03
 -2.10720357e-03  7.68215452e-03  9.46698445e-03  4.83945812e-05
  2.26587302e-03 -1.82655278e-03  7.86406361e-03 -6.64992687e-03
 -5.79102387e-03  5.86597388e-03  6.41511731e-04  2.10279170e-03
 -7.09850341e-03 -5.39242545e-03 -7.09259522e-03 -7.21832882e-04
  1.69517093e-02  5.93981166e-03  6.74093755e-03  5.28155274e-03
 -6.97453482e-03 -9.20768784e-03  5.76251253e-03  3.74506634e-03
  1.46496233e-03  3.69517501e-03  6.74684574e-03 -4.33532268e-03
  3.90380777e-04  3.66330568e-04 -2.20932864e-03  2.38274718e-03
  1.23871738e-03 -2.14904556e-03 -1.82719151e-03  6.13154658e-03
 -2.62986636e-04 -1.01478040e-04  4.99962588e-03  1.50978120e-03
  2.15088331e-03 -9.44736484e-03  2.73195368e-03 -3.84553915e-03
 -2.46133481e-05  9.40097729e-03 -5.95351372e-03  2.13135517e-04
  3.36390720e-03 -5.61180585e-03  1.19790667e-02  3.16302915e-03
 -1.05145794e-02 -2.42724687e-03 -1.03376689e-02 -4.27445189e-03
  9.91406173e-01 -1.06644161e-01  1.19310159e+00  6.86064155e-01], Best Fitness: 1.1540390172822524e-07
Generation 425: Best Individual: [ 3.06193979e-03  5.93814867e-03  6.30071856e-03 -3.89774873e-03
 -9.31254658e-03 -1.08521880e-02  3.13692710e-03 -7.94476852e-03
 -8.93072834e-04  1.85397242e-02 -6.53307104e-03  1.07839924e-03
  2.08846444e-03 -1.68841820e-02  4.67238970e-03  3.69646786e-03
 -2.53079691e-03  4.46890180e-03  7.89639404e-04  3.74925533e-03
 -9.89664206e-03  1.17027143e-03 -5.60224870e-03  5.40273949e-03
 -1.96705124e-03  1.54368977e-02 -4.94778256e-03  4.29564231e-04
 -7.00581490e-03  3.79297280e-03 -8.64519907e-03  2.53169229e-03
  8.53185818e-03  2.56265454e-04 -4.27141419e-03 -8.72823657e-03
 -6.83600210e-03 -8.81540443e-04  5.17381892e-03  8.29622664e-03
  7.94460226e-03  3.21441545e-03 -4.82553983e-03 -5.51083272e-03
  4.81755919e-03  1.11483300e-02  1.11220991e-02  4.20122020e-03
 -5.90551145e-03 -1.26673980e-02 -2.39848017e-03 -1.10374950e-02
  4.67285860e-03  1.11483664e-03  1.66093071e-03 -1.55731170e-02
  6.84979154e-03 -5.61402196e-03  4.15162989e-03  5.18291433e-03
  5.98937514e-03  2.79086748e-03 -1.01708276e-02  8.14148554e-03
 -1.29590202e-03  6.86451231e-03  1.44155895e-02 -2.30465571e-04
  2.26089422e-03 -1.68705012e-03  9.57741029e-03 -8.28978270e-03
  3.70272211e-04  5.91499928e-03 -2.85322203e-04  1.04564628e-03
 -6.70274808e-03 -5.55716662e-03 -6.99756972e-03 -7.74723803e-04
  9.05541299e-03  7.29236053e-03  6.66049082e-03  5.53483354e-03
 -7.06176344e-03 -8.04695113e-03  5.64429063e-03  3.87571648e-03
  1.20591561e-03  2.31405998e-03  6.67664652e-03 -4.26580660e-03
  1.01486786e-04  1.87506465e-03 -2.31797934e-03  2.94983480e-03
  1.67739352e-03 -2.11774658e-03 -4.69857178e-03  5.72331457e-03
 -2.37988084e-04 -4.30087354e-04  5.59612871e-03  5.86912275e-03
  1.68054962e-03 -9.49774583e-03  4.26990995e-03 -4.08629813e-03
  1.08007727e-04  9.86622784e-03 -3.75260888e-03 -3.17695438e-04
  4.03404945e-03 -1.04106810e-02  1.22207410e-02  3.48752895e-03
 -7.17480545e-03 -2.33194135e-03 -1.18252034e-02 -4.55858401e-03
  9.93736118e-01 -1.07472825e-01  1.19427437e+00  6.86027855e-01], Best Fitness: 1.1886262156537723e-07
Generation 426: Best Individual: [ 2.78762893e-03  5.90562064e-03  5.60374136e-03 -4.01649182e-03
 -9.17553596e-03 -1.08507895e-02  2.75832903e-03 -7.93341349e-03
  1.80629901e-04  1.77702114e-02 -6.81014577e-03  1.12095376e-03
  2.10478532e-03 -1.68471261e-02  4.69242295e-03  4.36474153e-03
 -2.52357693e-03  4.24277471e-03  8.07639005e-04  3.99453677e-03
 -9.33017301e-03  1.12956956e-03 -5.71116132e-03  5.49127151e-03
 -2.41455804e-03  1.31001728e-02 -4.94749546e-03  3.79833670e-04
 -7.42808469e-03  4.62286212e-03 -7.09347372e-03  3.15258990e-03
  8.60173240e-03  2.03210434e-04 -4.41921096e-03 -8.69690285e-03
 -6.77277760e-03 -5.51012906e-04 -1.83892235e-03  8.30596251e-03
  8.96773827e-03  3.37206308e-03 -4.98738903e-03 -5.52246497e-03
  4.82930549e-03  1.04645603e-02  1.27362946e-02  4.12700019e-03
 -7.91321894e-03 -1.02659198e-02 -2.33336809e-03 -1.11535143e-02
  4.27680478e-03  2.03088658e-03  2.17807940e-03 -1.58534792e-02
  5.32753345e-03 -8.40287917e-03  3.93836072e-03  4.67521059e-03
  6.17423717e-03  1.48457454e-03 -1.00096841e-02  8.22474414e-03
 -1.42938847e-03  7.52929095e-03  9.64592550e-03 -7.46156132e-05
  2.26404398e-03 -1.74943201e-03  8.85521983e-03 -7.71469714e-03
 -3.54996006e-03  5.88687734e-03  6.19362259e-04  1.81755297e-03
 -6.87467995e-03 -5.41893340e-03 -7.04074598e-03 -7.43092766e-04
  1.46317625e-02  6.75474754e-03  6.70574197e-03  5.48334539e-03
 -7.00798160e-03 -8.85072819e-03  5.65190952e-03  3.78028268e-03
  1.38879819e-03  3.56919996e-03  6.68075571e-03 -4.31524687e-03
  1.76486261e-04  1.67306744e-03 -2.31797423e-03  2.51143191e-03
  1.32388963e-03 -2.12777442e-03 -4.10805352e-03  6.01875432e-03
 -2.43578313e-04 -1.44575777e-04  5.47786137e-03  3.41507430e-03
  1.74231541e-03 -9.46200159e-03  2.80219927e-03 -4.07477933e-03
 -2.07507101e-05  9.59999975e-03 -4.55583299e-03 -7.73707329e-05
  3.67162636e-03 -7.43442396e-03  1.21499174e-02  3.30371306e-03
 -9.64550554e-03 -2.42255917e-03 -1.03617053e-02 -4.37360226e-03
  9.93692187e-01 -1.06874889e-01  1.19413107e+00  6.86049668e-01], Best Fitness: 1.1889649158412667e-07
Generation 428: Best Individual: [ 2.99934197e-03  6.95255941e-03  6.13097888e-03 -1.49955992e-02
 -9.70318940e-03 -1.06971931e-02  2.77858776e-03 -7.63518713e-03
 -8.94128775e-04  1.76130828e-02 -6.97742911e-03  9.49717773e-04
  1.98472170e-03 -1.65342922e-02  4.97532620e-03  3.70864851e-03
 -1.67069459e-03  4.41447637e-03  3.61603336e-04  3.48044236e-03
 -9.89591266e-03  5.29698635e-03 -5.39921103e-03  4.04220059e-03
 -1.17713386e-03  1.20318774e-02 -5.51145276e-03  3.93823938e-04
 -7.04578491e-03  2.89282795e-03 -5.62954207e-03  2.15418980e-03
  7.77070741e-03  4.73452214e-05 -4.42343847e-03 -8.31657280e-03
 -6.32156834e-03 -9.20409755e-04 -1.78836086e-03  7.35093071e-03
  7.19624075e-03  3.29507764e-03 -4.81496955e-03 -5.86054663e-03
  4.83808601e-03  1.08436631e-02  1.19314481e-02  4.23940776e-03
 -6.13650926e-03 -7.93416849e-03 -2.59613462e-03 -1.11121819e-02
  4.79950525e-03  2.21313630e-03  1.94487739e-03 -1.86744024e-02
  1.15611335e-03 -5.71824423e-03  9.76810554e-03  4.78084341e-03
  6.11714276e-03  9.75009381e-04 -1.03062728e-02  8.25189436e-03
 -1.81039558e-03  6.91250266e-03  1.02108373e-02  1.31235193e-04
  2.28361137e-03 -6.47097380e-04  8.05057897e-03 -6.45622438e-03
 -5.98707734e-03  5.94082465e-03 -2.58223389e-03  1.46665463e-03
 -6.92006626e-03 -5.43707623e-03 -6.54687322e-03 -4.60380734e-04
  9.15163700e-03  6.79976014e-03  7.08615412e-03  5.65632813e-03
 -6.86421323e-03 -8.47282369e-03  5.50736824e-03  3.13943062e-03
  9.73528591e-04  2.87930942e-03  5.18860941e-03 -4.70260371e-03
  9.36972251e-05  3.50054910e-04 -2.16894204e-03  3.11467582e-03
  2.49979890e-03 -1.85199916e-03 -4.05807995e-03  5.82796630e-03
 -8.05940369e-05 -1.86765602e-04  5.58264991e-03  5.92393710e-03
  2.34739429e-03 -9.44126848e-03  3.41821283e-03 -3.93945326e-03
 -9.90712492e-05  9.80014269e-03 -3.96786376e-03 -1.29583714e-04
  5.61169443e-03 -5.47089848e-03  1.21772144e-02  3.42013565e-03
 -7.20003641e-03 -2.11696349e-03 -1.03871938e-02 -4.34751363e-03
  9.94203594e-01 -1.12407567e-01  1.19341081e+00  6.86442736e-01], Best Fitness: 1.209367712562147e-07
Generation 434: Best Individual: [ 2.83277608e-03  5.87099756e-03  5.54703871e-03 -3.21810532e-03
 -9.21896393e-03 -1.08430875e-02  2.76745040e-03 -7.86891493e-03
  1.57332544e-04  1.79469414e-02 -6.75334148e-03  1.17684704e-03
  1.94045386e-03 -1.63545417e-02  4.69361398e-03  8.35214490e-03
 -2.38879863e-03  4.65948344e-03  6.61540230e-04  3.66987433e-03
 -9.34486196e-03  1.10730479e-03 -5.42193564e-03  6.59564622e-03
 -2.17677848e-03  1.18414076e-02 -4.99457433e-03  4.02138007e-04
 -7.42462620e-03  3.83906505e-03 -5.65336007e-03  1.64880773e-03
  8.69008707e-03  3.55069126e-04 -4.41424556e-03 -8.70058336e-03
 -4.95051944e-03  1.32776247e-03  5.17641975e-04  7.80348054e-03
  8.76725839e-03  3.35653994e-03 -4.82818116e-03 -9.89669981e-03
  4.83505731e-03  1.04647958e-02  1.22571392e-02  3.55790706e-03
 -7.13526526e-03 -8.57141922e-03 -2.26360967e-03 -1.12928087e-02
  4.34888829e-03  1.94920763e-03  1.85042531e-03 -1.59425794e-02
  4.08147484e-03 -8.03832886e-03  3.93352632e-03  4.66907353e-03
  5.71471123e-03 -1.87823765e-04 -1.04105458e-02  8.31411435e-03
 -1.44607922e-03  7.21020427e-03  1.08821025e-02 -1.12909251e-04
  2.10037000e-03 -1.48247427e-03  8.40278868e-03 -7.70939784e-03
 -4.18738328e-03  5.98240691e-03 -4.83023035e-04  1.94772951e-03
 -7.44319226e-03 -5.53837860e-03 -7.03821142e-03 -7.43394994e-04
  1.42924710e-02  6.98833566e-03  6.55092153e-03  3.32859503e-03
 -6.98256936e-03 -8.41587744e-03  5.62498668e-03  3.90470231e-03
  1.98186556e-03  3.17505818e-03  6.26160161e-03 -4.13599300e-03
  1.97866710e-04  6.22890527e-04 -2.25674076e-03  2.62110195e-03
  1.69563401e-03 -2.10838009e-03 -3.92997547e-03  5.49212170e-03
 -2.07319396e-04 -1.94539427e-04  5.38891488e-03  4.39575711e-03
  1.78406863e-03 -9.58349368e-03  3.04350767e-03 -4.07872930e-03
  8.74780145e-04  9.60743104e-03 -4.29380756e-03  3.73936982e-04
  3.76345217e-03 -5.79555653e-03  1.21432617e-02  3.37607189e-03
 -9.51346002e-03 -2.34901885e-03 -9.79541283e-03 -4.38394582e-03
  9.95048268e-01 -1.07466483e-01  1.19375355e+00  6.85998520e-01], Best Fitness: 1.2145528388103644e-07
Generation 438: Best Individual: [ 3.21634335e-03  4.72700800e-03  6.11900114e-03 -1.38682321e-02
 -9.02554670e-03 -1.06461693e-02  2.79352942e-03 -7.60349742e-03
 -5.38827479e-04  1.78246075e-02 -6.28060974e-03  1.05342125e-03
  1.14880156e-03 -1.63564260e-02  4.96611564e-03  4.52127981e-03
 -1.75298505e-03  4.54221436e-03  4.62926087e-04 -1.03734451e-03
 -9.56584951e-03  1.53434024e-03 -5.33381647e-03  4.84287712e-03
 -1.53641984e-03  1.19280648e-02 -5.04826268e-03  1.81361100e-03
 -7.20889925e-03  2.94031382e-03 -5.39229067e-03  1.58863273e-03
  1.07078372e-02  8.34466080e-04 -4.37544530e-03 -7.83350013e-03
 -6.55588689e-03 -1.13125012e-03  1.04616421e-03  7.64881468e-03
  7.20301740e-03  3.51758819e-03 -4.31594807e-03 -5.98695467e-03
  5.03125552e-03  1.04724409e-02  1.18042174e-02  4.51400999e-03
 -6.39887324e-03 -8.28448597e-03 -3.21046193e-03 -1.11511533e-02
  4.72318461e-03  2.06044694e-03  2.07181004e-03 -1.79003233e-02
  1.16231356e-03 -5.71787821e-03  4.97825806e-03  4.64727723e-03
  5.72455164e-03  1.68471187e-03 -1.06388144e-02  8.37096014e-03
 -1.56500062e-03  6.94734248e-03  1.02856323e-02  1.13566470e-04
  1.93379503e-03 -8.33217826e-04  8.49091645e-03 -6.59620552e-03
 -5.76021656e-03  5.93691374e-03 -1.15230659e-03  1.76135119e-03
 -7.07692654e-03 -5.97457160e-03 -6.79061839e-03 -7.22385894e-04
  9.08602436e-03  6.87450261e-03  7.19999539e-03  5.56096843e-03
 -6.94111863e-03 -8.33351070e-03  2.47718208e-03  4.77668436e-03
  1.03301009e-03  9.51576576e-04  5.49461461e-03 -4.30134198e-03
  1.12500200e-04  7.10972342e-04 -2.11436999e-03  5.59448636e-03
  2.46603222e-03 -1.80950870e-03 -4.09208120e-03  5.29378371e-03
  4.00099264e-04  2.89003344e-04  5.52892631e-03  5.17018269e-03
  2.44412381e-03 -1.07293467e-02  3.16928812e-03 -4.35230111e-03
 -2.09808366e-05  9.76147980e-03 -3.97403604e-03  2.51623921e-04
  4.50210953e-03 -5.74528673e-03  1.20562203e-02  3.84318710e-03
 -1.42837564e-02 -2.30514373e-03 -1.02261565e-02 -4.45618180e-03
  9.96426292e-01 -1.11360952e-01  1.19307400e+00  6.86957854e-01], Best Fitness: 1.2273807836624176e-07
Generation 446: Best Individual: [ 3.02573476e-03  6.25735189e-03  6.23998080e-03 -1.45395818e-02
 -1.02508904e-02 -8.02462060e-03  3.60304617e-03 -8.03728876e-03
 -6.44512509e-04  1.80253204e-02 -6.39819183e-03  1.12287132e-03
  1.38226186e-03 -1.62192384e-02  5.58278150e-03  4.71748929e-03
 -1.87942641e-03  4.42657746e-03 -6.75938723e-04  3.23602298e-03
 -9.96125088e-03  1.69932142e-03 -6.97554774e-03  6.03695128e-03
 -1.50493090e-03  1.18905201e-02 -4.07762355e-03  8.16796007e-04
 -7.03070976e-03  3.20039146e-03 -5.41754676e-03  1.53417953e-03
  9.31316975e-03  2.71511461e-04 -4.73674808e-03 -7.81580372e-03
 -6.70637154e-03 -8.37460839e-04  1.25131867e-03  8.23568311e-03
  3.68226797e-03  3.83198478e-03 -1.13777743e-02 -6.14588864e-03
  7.78773621e-03  1.14630723e-02  1.14922877e-02  4.43509207e-03
 -6.71876976e-03 -7.31641496e-03 -2.62427103e-03 -1.08042290e-02
  3.94952202e-03  1.98352392e-03  1.72739173e-03 -1.65512804e-02
  2.19561911e-03 -7.41747941e-03  4.70446888e-03  4.35387705e-03
  5.61913142e-03  1.21111083e-03 -9.97915416e-03  7.01213281e-03
 -1.88088880e-03  7.37539095e-03  9.51119852e-03 -6.31142728e-05
  3.72456753e-03 -9.45957569e-04  8.40333454e-03 -6.19138913e-03
 -5.70098058e-03  7.82811803e-03 -6.99527933e-04  3.07790791e-04
 -7.49353644e-03 -6.70586386e-03 -6.87837654e-03 -8.06650000e-04
  9.68023324e-03  7.09990665e-03  7.35563669e-03  5.17201493e-03
 -7.07671033e-03 -8.30793239e-03  4.72943368e-03  3.60159471e-03
  1.49932187e-04  2.50258114e-03  5.99680874e-03 -4.13588137e-03
  1.52711598e-04  1.19498279e-03 -1.72177407e-03  3.59006603e-03
  2.40840672e-03 -1.81137448e-03 -2.86758525e-03  5.53391500e-03
  8.97868843e-05 -6.02062092e-03  5.19607348e-03  5.05815043e-03
  2.51323863e-03 -9.68783602e-03  3.18885273e-03 -3.70587115e-03
  5.16237553e-04  9.41812646e-03 -4.05174339e-03  3.53945796e-04
  4.63941814e-03 -5.82828991e-03  1.39569284e-02  3.55635232e-03
 -9.27637968e-03 -2.14309159e-03 -9.82417345e-03 -4.67662606e-03
  9.90370893e-01 -1.09111729e-01  1.19330460e+00  6.86505989e-01], Best Fitness: 1.2341358198725254e-07
Generation 448: Best Individual: [ 3.12375052e-03  5.35793870e-03  6.10808374e-03 -1.09929006e-02
 -9.08783207e-03 -1.06246599e-02  2.98134632e-03 -7.86893873e-03
  4.51671115e-04  1.80938370e-02 -5.75392128e-03  1.12276734e-03
  1.07707953e-03 -1.62657623e-02  5.58483057e-03  5.50125783e-03
 -1.79525483e-03  4.72642535e-03  4.39787204e-04  1.36544359e-03
 -9.66683240e-03  1.63254820e-03 -5.44920294e-03  5.09223375e-03
  7.56526683e-05  1.30858550e-02 -4.95601226e-03  2.28924485e-03
 -7.23920660e-03  3.26048854e-03 -5.61028862e-03  8.68822942e-04
  9.64637716e-03  5.67170766e-04 -4.46818587e-03 -7.93647091e-03
 -6.62339480e-03 -9.02078055e-04  1.10364101e-03  8.02785758e-03
  7.53691641e-03  3.71193955e-03 -4.71658807e-03 -6.01252138e-03
  5.85738626e-03  1.08262457e-02  1.20816022e-02  4.10626575e-03
 -6.64954716e-03 -7.86608745e-03 -2.58322726e-03 -1.07159665e-02
  4.72166604e-03  2.02352688e-03  1.85196437e-03 -1.65447209e-02
  2.02586504e-03 -6.09824524e-03  4.60767371e-03  4.44672483e-03
  5.97960418e-03  1.31283483e-03 -9.49530501e-03  8.47429987e-03
 -1.38595850e-03  7.21785909e-03  1.00740777e-02 -7.15536265e-05
  2.36570527e-03 -9.13609306e-04  8.38749828e-03 -6.13755391e-03
 -6.20316818e-03  6.23544686e-03 -9.04937201e-04  9.54442709e-04
 -7.40537608e-03 -6.07084655e-03 -6.80144188e-03 -9.06911572e-04
  9.85399884e-03  7.20521209e-03  7.10536447e-03  4.79741161e-03
 -7.10522368e-03 -8.27775844e-03  2.78995840e-03  3.47359658e-03
  1.12804645e-03  2.61863732e-03  5.89542068e-03 -6.17695436e-03
  7.12976192e-05  1.12929627e-03 -2.05702754e-03  3.96869262e-03
  2.33579367e-03 -1.84950774e-03 -4.39746401e-03  5.50790123e-03
  1.91801003e-04  3.24536289e-04  5.22379119e-03  5.10180281e-03
  2.41004051e-03 -9.45854830e-03  3.22018461e-03 -3.95324506e-03
  2.06329953e-04  9.74799147e-03 -4.14644095e-03  6.82784324e-05
  4.55944819e-03 -5.76802236e-03  1.33099086e-02  3.44564112e-03
 -1.34304435e-02 -4.04943894e-03 -1.06055747e-02 -4.63503095e-03
  9.96419889e-01 -1.09657807e-01  1.19307051e+00  6.86550609e-01], Best Fitness: 1.2366671931362303e-07
Generation 449: Best Individual: [ 3.33978115e-03  5.67524516e-03  6.41955975e-03 -5.13876290e-03
 -8.52005429e-03 -1.10895976e-02  2.93306619e-03 -7.86710818e-03
 -3.83779835e-04  1.81522969e-02 -6.29017640e-03  1.13566519e-03
  1.08539596e-03 -1.62275428e-02  5.39259924e-03  5.37659929e-03
 -1.73826713e-03  4.59731458e-03 -2.44228265e-03  2.56110040e-03
 -9.65717329e-03  2.00380018e-03 -5.44682822e-03  5.24706720e-03
 -6.09659888e-05  1.27043421e-02 -8.05615276e-03  2.72934064e-03
 -7.24046124e-03  3.20455245e-03 -5.57212632e-03  1.13174701e-03
  9.43694276e-03  1.39053801e-04 -4.35896195e-03 -7.86384811e-03
 -6.66867594e-03 -8.90139539e-04  7.26755820e-04  5.31978582e-03
  7.50243262e-03  3.76492483e-03 -4.86264713e-03 -6.16504666e-03
  4.93987130e-03  1.08262395e-02  1.16549442e-02  4.14601365e-03
 -6.47089689e-03 -7.89573647e-03 -2.63196269e-03 -1.07710486e-02
  4.58648598e-03  2.01300726e-03  1.85604060e-03 -1.64864494e-02
  1.82289043e-03 -6.08821999e-03  4.58517353e-03  4.47437287e-03
  6.26834164e-03  1.37543069e-03 -9.62015850e-03  8.48304281e-03
 -2.04205997e-03  7.22139028e-03  1.01130549e-02 -6.82113960e-05
  3.00621613e-03 -9.15955102e-04  8.38829205e-03 -7.17486854e-03
 -6.18629474e-03  6.92317606e-03 -7.95257696e-04  1.37875920e-03
 -7.48706233e-03 -6.17412938e-03 -6.91799762e-03 -9.45253871e-04
  9.64439862e-03  7.31687435e-03  7.08573287e-03  4.83829301e-03
 -7.12527566e-03 -8.28346627e-03  4.06383531e-03 -8.54218837e-04
  1.23794989e-03  1.60933620e-02  5.90999584e-03 -5.00845110e-03
  1.01842047e-04  1.11130263e-03 -2.04914010e-03  3.73016197e-03
  2.22749489e-03 -1.83032223e-03 -4.46842829e-03  4.76670103e-03
  7.96089663e-05  3.32775375e-04  5.57791375e-03  5.12339077e-03
  2.42302920e-03 -9.41671310e-03  3.20900213e-03 -3.78328006e-03
  1.81156220e-04  9.16734437e-03 -4.06778795e-03  1.41470689e-04
  4.55803510e-03 -5.38484895e-03  1.37611698e-02  3.41724943e-03
 -1.28749668e-02 -3.04689131e-03 -1.05689745e-02 -4.65744631e-03
  9.96216414e-01 -1.09652888e-01  1.19362318e+00  6.86710117e-01], Best Fitness: 1.2807624340896087e-07
Generation 461: Best Individual: [ 3.33978115e-03  5.67524516e-03  6.41955975e-03 -5.13876290e-03
 -8.52005429e-03 -1.10895976e-02  2.93306619e-03 -7.86710818e-03
 -3.83779835e-04  1.81522969e-02 -6.29017640e-03  1.13566519e-03
  1.08539596e-03 -1.62275428e-02  5.39259924e-03  5.37659929e-03
 -1.73826713e-03  1.37755751e-02 -2.44228265e-03  2.56110040e-03
 -9.65717329e-03  2.00380018e-03 -5.44682822e-03  5.24706720e-03
 -6.09659888e-05  1.27043421e-02 -8.05615276e-03  2.72934064e-03
 -7.24046124e-03  3.20455245e-03 -5.57212632e-03  1.13174701e-03
  9.43694276e-03  1.39053801e-04 -4.35896195e-03 -7.86384811e-03
 -6.66867594e-03 -8.90139539e-04  7.26755820e-04  5.31978582e-03
  7.50243262e-03  3.76492483e-03 -4.86264713e-03 -6.16504666e-03
  4.93987130e-03  1.08262395e-02  1.16549442e-02  4.14601365e-03
 -6.47089689e-03 -7.89573647e-03 -2.63196269e-03 -1.07710486e-02
  4.58648598e-03  2.01300726e-03  1.85604060e-03 -1.64864494e-02
  1.82289043e-03 -6.08821999e-03  4.58517353e-03  4.47437287e-03
  6.26834164e-03  1.37543069e-03 -9.62015850e-03  8.48304281e-03
 -2.04205997e-03  7.22139028e-03  1.01130549e-02 -6.82113960e-05
  3.00621613e-03 -9.15955102e-04  8.38829205e-03 -7.17486854e-03
 -6.18629474e-03  6.92317606e-03 -7.95257696e-04  1.37875920e-03
 -7.48706233e-03 -6.17412938e-03 -6.91799762e-03 -9.45253871e-04
  9.64439862e-03  7.31687435e-03  7.08573287e-03  4.83829301e-03
 -7.12527566e-03 -8.28346627e-03  4.06383531e-03 -8.54218837e-04
  1.23794989e-03  1.60933620e-02  5.90999584e-03 -5.00845110e-03
  1.01842047e-04  1.11130263e-03 -2.04914010e-03  3.73016197e-03
  2.22749489e-03 -1.83032223e-03 -4.46842829e-03  4.76670103e-03
  7.96089663e-05  3.32775375e-04  5.57791375e-03  5.12339077e-03
  2.42302920e-03 -9.41671310e-03  3.20900213e-03 -3.78328006e-03
  1.81156220e-04  9.16734437e-03 -4.06778795e-03  1.41470689e-04
  4.55803510e-03 -5.38484895e-03  1.37611698e-02  3.41724943e-03
 -1.28749668e-02 -3.04689131e-03 -1.05689745e-02 -4.65744631e-03
  9.96216414e-01 -1.09652888e-01  1.19362318e+00  6.86710117e-01], Best Fitness: 1.2845114711157525e-07
Generation 481: Best Individual: [ 3.39849899e-03  6.11698593e-03  6.01981618e-03 -5.74457956e-03
 -9.21707784e-03 -1.09390566e-02  3.00300446e-03 -7.43710592e-03
 -7.05168607e-04  1.86353213e-02 -6.37824147e-03  1.01048257e-03
  1.56313917e-03 -1.64451739e-02  5.24918094e-03  5.07774869e-03
 -1.84518599e-03  1.04724440e-02 -1.13357305e-03  3.20598865e-03
 -9.99571682e-03  2.35498009e-03 -6.15269551e-03  4.72253234e-03
 -3.89926098e-04  1.26778693e-02 -7.04717215e-03  1.72764033e-03
 -7.13841267e-03  2.88900454e-03 -5.47227384e-03  9.04126937e-04
  8.63293227e-03 -2.83791395e-04 -4.39493792e-03 -8.17389148e-03
 -7.42546527e-03 -5.67102975e-04  1.34985274e-03  6.09307011e-03
  6.87891639e-03  5.42328953e-03 -5.44912046e-03 -6.11503291e-03
  5.14447843e-03  1.10229222e-02  1.13980347e-02  4.48658921e-03
 -6.79355834e-03 -7.75010016e-03 -2.68955088e-03 -1.26378818e-02
  4.42751251e-03  1.89899256e-03  4.88053057e-04 -1.64105702e-02
  2.20523114e-03 -6.12154162e-03  4.65072931e-03  4.59290377e-03
  6.26543345e-03  1.11336717e-03 -8.60862217e-03  8.41985305e-03
 -2.51612295e-03  7.16313389e-03  1.01660156e-02  1.40867375e-04
  2.56968680e-03 -5.71829722e-04  8.55727614e-03 -7.41184076e-03
 -5.87729740e-03  7.47292692e-03 -9.91231291e-04  7.42808725e-04
 -6.97021231e-03 -4.07484086e-03 -6.50996802e-03 -7.40355832e-04
  9.74385510e-03  7.38031321e-03  7.35725359e-03  5.15023006e-03
 -7.20384690e-03 -7.81017014e-03  4.63662415e-03  1.44153842e-04
  6.00599285e-04  1.69449142e-02  5.56212200e-03 -4.66578693e-03
 -1.29653128e-03  3.49126686e-03 -1.72674883e-03  4.09296589e-03
  2.31964904e-03 -1.30176757e-03 -4.69405399e-03  5.15970145e-03
 -1.75642986e-04  2.64313293e-04  5.03697486e-03  4.58632281e-03
  2.32684665e-03 -9.62954172e-03  3.10716502e-03 -3.72917322e-03
 -1.69879546e-03  9.57858739e-03 -3.96754538e-03  7.70463866e-04
  3.96998257e-03 -7.98258845e-03  1.34259415e-02  3.07665540e-03
 -1.15321486e-02 -2.94435633e-03 -1.18970107e-02 -4.85056323e-03
  9.97524518e-01 -1.09586810e-01  1.19343451e+00  6.86234585e-01], Best Fitness: 1.3044309915125148e-07
Generation 484: Best Individual: [ 3.68521546e-03  6.24622420e-03  6.23614246e-03 -5.31329314e-03
 -1.09635697e-02 -1.10181877e-02  2.99866335e-03 -7.74512033e-03
 -5.73212427e-04  1.84042861e-02 -6.28893626e-03  1.14352442e-03
  1.22683688e-03 -1.63761772e-02  5.06398042e-03  5.35475364e-03
 -1.78856889e-03  9.57930624e-03 -2.56858532e-03  2.65307876e-03
 -9.77934162e-03  2.44825460e-03 -5.53958513e-03  5.13139827e-03
 -7.29983325e-05  1.23753172e-02 -6.70450320e-03  2.42182920e-03
 -7.21089295e-03  3.27491866e-03 -5.40527453e-03  1.19862726e-03
  9.08704507e-03  1.30246335e-04 -4.11122045e-03 -5.57659264e-03
 -7.16143909e-03 -7.85054136e-04  9.27606872e-04  5.47953378e-03
  7.08680627e-03  4.24253427e-03 -5.34954435e-03 -6.13849499e-03
  5.38041233e-03  1.09942343e-02  1.15007367e-02  4.15391658e-03
 -6.89418797e-03 -7.90954581e-03 -2.62042420e-03 -1.10433922e-02
  4.54599321e-03  1.97200535e-03  1.89017362e-03 -1.64170408e-02
  1.93144139e-03 -6.13348025e-03  5.08260657e-03  4.47180553e-03
  6.14447988e-03  1.17175642e-03 -9.06540389e-03  7.21033736e-03
 -2.11797577e-03  7.38181251e-03  1.00463318e-02  1.38725935e-04
  2.96497463e-03 -8.91990701e-04  6.55833754e-03 -7.35070088e-03
  3.61543803e-03  7.05439795e-03 -1.33309183e-03  1.21503122e-03
 -7.42265765e-03 -6.04306315e-03 -6.77521647e-03 -9.18066382e-04
  9.30868651e-03  7.53344498e-03  7.24264836e-03  4.83935339e-03
 -7.15148898e-03 -8.00549667e-03  4.15110337e-03  1.36972370e-03
  9.71485731e-04  1.01646011e-02  5.20645139e-03 -4.85386202e-03
  6.97928734e-05  9.68664077e-04 -1.97865047e-03  3.80799722e-03
  1.99070155e-03 -1.84876817e-03 -4.47562764e-03  4.81170191e-03
 -8.43935467e-05  4.14195959e-04  5.29210213e-03  4.75646435e-03
  2.41508307e-03 -1.00274475e-02  3.07255773e-03 -3.95157556e-03
 -1.89570075e-03  8.75796413e-03 -4.03993346e-03  1.37624522e-03
  4.47088664e-03 -5.41895601e-03  1.27571680e-02  3.22381631e-03
 -1.27181735e-02 -3.03101907e-03 -1.06564135e-02 -4.72272475e-03
  9.97887995e-01 -1.09775229e-01  1.19314434e+00  6.86697972e-01], Best Fitness: 1.31699494960166e-07
Generation 485: Best Individual: [ 2.26086179e-03  6.08399844e-03  5.93402499e-03 -5.70455837e-03
 -1.05407489e-02 -1.09110485e-02  6.61016187e-03 -7.46562606e-03
 -1.56145248e-04  1.84627554e-02 -6.37197370e-03  8.13526057e-04
  1.38538636e-03 -2.21917195e-02  5.61017368e-03  5.06990408e-03
 -1.87054653e-03  1.01815977e-02 -1.26056919e-03  2.91979891e-03
 -9.95451202e-03  2.35189195e-03 -6.07081598e-03  4.73837198e-03
 -4.95308837e-04  1.26433866e-02 -6.44110425e-03  1.46152122e-03
 -7.08921976e-03  2.97387360e-03 -4.99718075e-03  9.09074563e-04
  8.71054469e-03 -3.94810801e-04 -4.38017965e-03 -7.35472429e-03
 -7.15559337e-03 -7.00877638e-04  1.14359947e-03  6.05687590e-03
  6.94897414e-03  4.26546405e-03 -5.52071387e-03 -6.31044846e-03
  5.56836181e-03  1.10556489e-02  1.13976043e-02  4.33713781e-03
 -6.79624961e-03 -7.82942631e-03 -2.66602730e-03 -1.25773972e-02
  4.36628580e-03  1.87191747e-03  1.05200210e-03 -1.64055754e-02
  2.10694344e-03 -1.02742601e-02  4.75261513e-03  4.62738692e-03
  6.03460172e-03  1.10258775e-03 -9.19268092e-03  8.10370214e-03
 -2.51311095e-03  7.28281436e-03  1.01759189e-02 -1.92713022e-04
  2.51670090e-03 -6.79938110e-04  8.55260731e-03 -7.32860220e-03
 -5.94369857e-03  7.75120832e-03 -1.05354559e-03  8.08283357e-04
 -7.08449126e-03 -4.08227238e-03 -6.27764163e-03 -7.96945434e-04
  9.68250234e-03  7.39842601e-03  7.21896481e-03  5.16765766e-03
 -7.20088380e-03 -7.80638819e-03  3.43478434e-03  1.48729979e-03
  5.97832304e-04  1.38526119e-02  6.43427597e-03 -4.56964801e-03
 -8.42863696e-04  2.06542179e-03 -1.75779145e-03  3.76160917e-03
  2.39978545e-03 -2.10383486e-03 -4.69488338e-03  5.11327057e-03
 -2.11521220e-04  2.90081535e-05  5.08934503e-03  4.65837209e-03
  2.21627950e-03 -9.63854796e-03  5.49042916e-03 -3.73393715e-03
 -1.18961433e-03  9.52841573e-03 -3.98535465e-03  7.81868753e-04
  3.96899633e-03 -7.31049958e-03  1.31301443e-02  2.96002622e-03
 -1.16149973e-02 -2.94439324e-03 -1.17623447e-02 -4.73593432e-03
  1.00161746e+00 -1.11696392e-01  1.19337240e+00  6.86036748e-01], Best Fitness: 1.3386705330515137e-07
Generation 490: Best Individual: [ 1.72754038e-03  6.13762779e-03  5.75047942e-03 -5.74969077e-03
 -1.01346750e-02 -1.05661161e-02  3.01723029e-03 -7.32986171e-03
 -1.38504497e-03  1.81603303e-02 -6.44260470e-03  5.57080623e-04
  1.14354246e-03 -1.71230079e-02  5.18689062e-03  5.02766939e-03
 -8.27381069e-04  7.50943886e-03 -2.49070921e-03  3.17168010e-03
 -9.65888147e-03  2.40122108e-03 -6.87880691e-03  4.95894704e-03
 -5.43860436e-04  1.20210989e-02 -5.76126206e-03  1.25474579e-03
 -7.28329730e-03  3.05197336e-03 -5.29354828e-03  1.20184195e-03
  8.94171721e-03 -3.71773726e-05 -4.21644324e-03 -7.42212391e-03
 -1.51197547e-02 -3.30008576e-04  1.78362417e-03  2.91307691e-03
  2.96633433e-03  4.22530717e-03 -5.50411704e-03 -6.07857002e-03
  5.16531542e-03  1.09601571e-02  1.10471750e-02  4.01165809e-03
 -1.13470958e-02 -8.00844457e-03 -2.36392734e-03 -1.02937988e-02
  4.45171048e-03  1.79977203e-03  6.83811756e-03 -1.59379042e-02
  1.91310788e-03 -6.03522337e-03  4.96306137e-03  4.59240635e-03
  6.24385894e-03  8.21185585e-04 -9.30712043e-03  8.08842260e-03
 -2.23505564e-03  6.08470915e-03  1.08414770e-02  2.37483413e-04
  2.76232278e-03 -1.14182716e-03  8.27979249e-03 -7.36619102e-03
 -2.67542267e-03  7.28489238e-03 -3.61804886e-03  1.03149930e-03
 -7.32002482e-03 -5.13276880e-03 -6.05560218e-03 -4.62583133e-04
  9.49019976e-03  7.53735898e-03  1.17859604e-02  5.73405121e-03
 -7.07363074e-03 -9.10656134e-03  4.41626155e-03  4.90018317e-03
  7.53790131e-04  9.49479184e-03  5.08950640e-03 -4.73635095e-03
  1.19403049e-04  1.11378132e-03 -1.45187231e-03  3.74863606e-03
  2.19041151e-03 -2.39095510e-03 -4.54305784e-03  5.68048388e-03
  1.35170032e-03 -1.12862020e-04  1.06643386e-02  4.73981529e-03
  2.17164265e-03 -9.83713540e-03  3.28728747e-03 -3.64615042e-03
 -1.19886925e-03  9.20021253e-03 -4.16810125e-03  9.73537386e-04
  3.87338348e-03 -6.15445921e-03  1.25200839e-02  1.93839936e-03
 -1.16202952e-02 -2.76413836e-03 -1.14782362e-02 -4.90285840e-03
  9.96163175e-01 -1.11579150e-01  1.19438831e+00  6.86183271e-01], Best Fitness: 1.3438021569849768e-07
Generation 498: Best Individual: [ 2.33500958e-03  4.42308937e-03  5.74688397e-03 -5.92844636e-03
 -1.01529426e-02 -1.02777940e-02  3.41327216e-03 -6.75929483e-03
 -1.34893603e-03  1.81778643e-02 -6.46910867e-03  4.92385405e-04
 -6.39575574e-04 -1.71001365e-02  5.90690417e-03  5.03148069e-03
 -1.42635026e-03  7.95900370e-03 -1.88675237e-03  3.60906367e-03
 -9.62271295e-03  2.41838555e-03 -6.73707780e-03  5.09714393e-03
 -1.02655190e-03  1.21174557e-02 -5.75959797e-03  1.31844758e-03
 -7.48747329e-03  3.01909070e-03 -5.16933683e-03  1.13236328e-03
  8.93639224e-03 -2.10310532e-04 -4.23289598e-03 -7.42755030e-03
 -9.17047447e-03 -4.78003115e-04  1.65287422e-03  9.96598878e-03
  3.94735308e-03 -1.12866665e-03 -5.51001941e-03 -5.33281702e-03
  5.24578054e-03  1.08979012e-02  1.14803673e-02  4.11271229e-03
 -1.04702703e-02 -8.09054902e-03 -2.24258040e-03 -1.04171420e-02
  4.46974588e-03  2.00797103e-03  5.82742416e-03 -1.59741705e-02
  1.90859441e-03 -6.14805938e-03  5.12615433e-03  4.51424086e-03
  9.83224210e-04  8.43568861e-04 -9.18481709e-03  7.85783522e-03
 -2.43455968e-03  6.51037643e-03  1.01802398e-02  2.11772294e-04
  2.61849221e-03 -1.10376590e-03  8.40114978e-03 -6.89617967e-03
 -2.88672976e-03  7.46587991e-03 -3.10211350e-03  1.01573661e-03
 -7.34533809e-03 -4.97467532e-03 -5.78032958e-03 -6.84786912e-04
  9.32510310e-03  7.53109936e-03  1.07374790e-02  5.67511957e-03
 -7.06647530e-03 -8.88465843e-03  4.35452313e-03  3.67052749e-03
  4.56056134e-04  9.82128641e-03  5.43564188e-03 -4.70315632e-03
 -2.43659687e-04  1.22398022e-03 -1.46853525e-03  3.61548699e-03
  2.21415980e-03 -2.36452544e-03 -5.03967037e-03  5.46087043e-03
 -2.78321324e-08  8.68374501e-05  7.24452222e-03  4.46956100e-03
  2.18527716e-03 -9.81031030e-03  3.29891747e-03 -3.66290053e-03
 -1.33225055e-03  9.34110528e-03 -3.52221551e-03  1.05842592e-03
  3.86645273e-03 -6.45663219e-03  1.29220500e-02  5.14219986e-03
 -1.16061659e-02 -2.73335325e-03 -1.92119533e-02 -5.07281185e-03
  1.00172780e+00 -1.10231488e-01  1.19353712e+00  6.85998607e-01], Best Fitness: 1.352949750515362e-07
Generation 503: Best Individual: [ 3.51377105e-03  5.87170475e-03  5.55578686e-03 -5.67444565e-03
 -1.02970575e-02 -1.08666200e-02  3.70851768e-03 -6.99099071e-03
 -1.05697102e-03  1.82234500e-02 -6.50366999e-03  4.31768275e-04
  9.67906872e-04 -1.72640592e-02  5.03080904e-03  4.42149828e-03
 -1.61913923e-03  7.37107900e-03 -1.85058454e-03  4.17826909e-03
 -1.25119870e-02  2.31452445e-03 -6.32644106e-03  4.94119866e-03
  3.63996626e-03  1.22197073e-02 -5.72700386e-03  2.43581654e-03
 -7.35851861e-03  3.05360997e-03 -5.19405806e-03  9.90511182e-04
  8.99110465e-03 -3.06115954e-04 -4.88924028e-03 -7.36715656e-03
 -9.24584158e-03 -8.97354760e-04  1.57355593e-03  3.92344352e-03
  5.18744919e-03  3.26796734e-03 -5.61594498e-03 -6.35693240e-03
  5.86480882e-03  1.01692041e-02  1.13198213e-02  4.23770752e-03
 -1.09127283e-02 -8.26166962e-03 -1.86173901e-03 -1.06487471e-02
  4.18323846e-03  1.99449324e-03  4.85941726e-03 -1.56471644e-02
  1.95312669e-03 -7.28086914e-03  5.06837114e-03  4.48453584e-03
  6.51641657e-03  1.37834989e-03 -9.60965704e-03  7.69199516e-03
 -2.46228193e-03  6.91279038e-03  9.88673114e-03  9.10828131e-04
  2.85826901e-03 -7.31029058e-04  9.84097063e-03 -7.14032035e-03
 -4.37993602e-03  5.55758968e-03 -2.63844248e-03  1.27069929e-03
 -7.34003003e-03 -5.24362345e-03 -6.06649540e-03 -6.73993185e-04
  1.17748541e-02  7.62003680e-03  9.42128416e-03  5.05576072e-03
 -6.97023219e-03 -8.42148205e-03  3.94334112e-03  3.48016421e-03
  3.76662104e-04  1.01093825e-02  5.74020395e-03 -5.86152771e-03
 -7.48481626e-04  1.19723679e-03 -1.33936408e-03  3.56861244e-03
  2.13542085e-03 -2.26107325e-03 -5.35025004e-03  5.32362709e-03
  3.17964982e-06  1.58983164e-04  6.97317516e-03  4.49059204e-03
  2.31441807e-03 -9.77852527e-03  3.35909167e-03 -3.62465163e-03
 -1.34635105e-03  9.39889125e-03 -3.92656945e-03  1.01431302e-03
  3.84528024e-03 -6.49989984e-03  7.40037971e-03  3.05850536e-03
 -1.37165671e-02 -3.20034561e-03 -1.45358709e-02 -5.08780819e-03
  1.00433995e+00 -1.10946887e-01  1.19377279e+00  6.86076639e-01], Best Fitness: 1.361403538256353e-07
Generation 505: Best Individual: [ 3.27394003e-03  5.92616534e-03  5.97275955e-03 -5.95831677e-03
 -1.14606281e-02 -9.81481424e-03  2.22777522e-03 -6.99760871e-03
 -1.02435689e-03  1.82658814e-02 -6.55114637e-03  3.11890316e-04
  2.95600499e-03 -1.72161935e-02  4.84762282e-03  4.45603093e-03
 -1.54903231e-03  8.50615681e-03 -1.83244470e-03  3.88086095e-03
 -9.62411513e-03  2.25505748e-03 -6.58159167e-03  4.92593940e-03
  4.57577388e-04  1.19417982e-02 -5.21472517e-03  1.98298918e-03
 -6.87332999e-03  3.06567704e-03 -5.26594378e-03  1.12359606e-03
  8.98521321e-03  1.43638503e-03 -4.56755858e-03 -7.21777217e-03
 -1.05388040e-02  3.66712551e-04  1.35268769e-03  4.71551466e-03
  5.40297236e-03  3.35373124e-03 -5.17282256e-03 -5.68333594e-03
  5.77723439e-03  1.05999192e-02  1.13123576e-02  4.19711872e-03
 -9.28236600e-03 -8.22944928e-03 -1.89733549e-03 -1.08607819e-02
  4.42975010e-03  2.29831277e-03  3.11426488e-03 -1.52965693e-02
  1.82651809e-03 -5.75671546e-03  4.94109324e-03  4.48504689e-03
  6.53855229e-03  1.20619987e-03 -9.35033899e-03  7.75449680e-03
 -2.33711322e-03  6.97113052e-03  9.89392994e-03  7.47961664e-04
  2.84179077e-03 -5.80565059e-04  9.65560406e-03 -7.13761560e-03
 -4.56398590e-03  7.47979407e-03 -2.56337880e-03  7.44105726e-04
 -7.50365042e-03 -4.91786634e-03 -6.10243722e-03 -4.62429546e-04
  1.81531041e-02  7.73908805e-03  7.47232265e-03  4.08611316e-03
 -6.96283433e-03 -8.61754406e-03  4.49473433e-03 -2.19466201e-03
  2.87596702e-04  1.00356042e-02  5.51007931e-03 -5.33666747e-03
 -2.39829241e-04  1.22085813e-03 -7.87853997e-04  3.61867470e-03
  2.24727618e-03 -5.96718943e-03 -4.74170373e-03  5.09849224e-03
 -9.89258046e-05  2.24759254e-04  7.30794975e-03  4.66993649e-03
  2.68112304e-03 -9.75550129e-03  3.40909123e-03 -3.63889147e-03
 -1.42559737e-03  9.44926098e-03 -3.83190406e-03  1.00288493e-03
  3.86179002e-03 -6.43841339e-03  1.06841088e-02  2.68384895e-03
 -1.22738877e-02 -3.58114488e-03 -1.31488153e-02 -5.13671551e-03
  9.99659043e-01 -1.11510087e-01  1.19365403e+00  6.86318753e-01], Best Fitness: 1.3677959698783526e-07
Generation 510: Best Individual: [ 3.46329978e-03  5.06304195e-03  5.66512745e-03 -5.81196653e-03
 -1.03048915e-02 -1.05196040e-02  3.08656342e-03 -7.00701357e-03
 -1.05083175e-03  1.82508445e-02 -6.52154028e-03  4.39043579e-04
  1.51104966e-03 -1.72640006e-02  4.87288705e-03  4.47579824e-03
 -1.64411171e-03  8.62196953e-03 -1.83517723e-03  4.18328212e-03
 -1.11918309e-02  1.93266581e-03 -6.39163406e-03  4.82944083e-03
  9.63649304e-04  1.20424813e-02 -1.52446245e-02  2.26745221e-03
 -7.35414535e-03  3.18635398e-03 -5.15389910e-03  9.93856261e-04
  8.87902724e-03 -2.72163809e-05 -4.89528676e-03 -7.65398618e-03
 -8.92619076e-03 -7.18838779e-04  1.57686722e-03  4.39986703e-03
  5.23892812e-03  3.27622220e-03 -5.55676120e-03 -6.10746634e-03
  5.67266901e-03  1.08053363e-02  1.13198909e-02  4.09268428e-03
 -9.09233898e-03 -8.20100640e-03 -1.86240479e-03 -1.07328999e-02
  4.32520904e-03  2.19680348e-03  4.50157077e-03 -1.54820012e-02
  1.90671199e-03 -6.59099255e-03  5.06601515e-03  4.44761359e-03
  6.25914268e-03  1.32549410e-03 -9.53417307e-03  7.68155249e-03
 -2.42081514e-03  3.96062827e-03  9.50314208e-03  8.94788418e-04
  2.78241388e-03 -7.27092048e-04  9.69339229e-03 -7.25172718e-03
 -4.47646948e-03  6.78469228e-03 -2.60506034e-03  5.08711089e-04
 -9.13456954e-03 -4.71922351e-03 -6.08927338e-03 -5.95909609e-04
  1.31592778e-02  7.65654721e-03  8.91230029e-03  4.82892547e-03
 -7.00398963e-03 -8.46746962e-03  4.11233295e-03  2.10730325e-03
  3.53116346e-04  1.00892233e-02  5.70249810e-03 -5.85784876e-03
 -6.07829870e-04  1.19194927e-03 -8.78134508e-04  3.61421526e-03
  1.94150530e-03 -3.78609215e-03 -4.87461376e-03  5.31075229e-03
 -1.34427418e-05  2.04308226e-04  8.41920592e-03  4.60023507e-03
  2.38204625e-03 -9.77191188e-03  3.32709828e-03 -3.64770524e-03
 -1.32664081e-03  9.41506001e-03 -3.94669029e-03  1.07333628e-03
  3.90162021e-03 -6.48976981e-03  1.12423245e-02  3.01475983e-03
 -1.30772332e-02 -3.19210640e-03 -1.35033868e-02 -5.11804096e-03
  1.00441562e+00 -1.14716895e-01  1.19360007e+00  6.86091169e-01], Best Fitness: 1.3732951236882774e-07
Generation 514: Best Individual: [ 3.46329978e-03  5.06304195e-03  5.66512745e-03 -5.81196653e-03
 -1.03048915e-02 -1.05196040e-02  3.08656342e-03 -7.00701357e-03
 -1.05083175e-03  1.82508445e-02 -6.52154028e-03  4.39043579e-04
  1.51104966e-03 -1.72640006e-02  4.87288705e-03  4.47579824e-03
 -1.64411171e-03  8.62196953e-03 -1.83517723e-03  4.18328212e-03
 -1.11918309e-02  1.93266581e-03 -6.39163406e-03  4.82944083e-03
  9.63649304e-04  1.20424813e-02 -1.52446245e-02  2.26745221e-03
 -7.35414535e-03  3.18635398e-03 -5.15389910e-03  9.93856261e-04
  8.87902724e-03 -2.72163809e-05 -4.89528676e-03 -7.65398618e-03
 -8.92619076e-03 -7.18838779e-04  1.57686722e-03  4.39986703e-03
  5.23892812e-03  3.27622220e-03 -5.55676120e-03 -6.10746634e-03
  5.67266901e-03  1.08053363e-02  1.13198909e-02  4.09268428e-03
 -9.09233898e-03 -8.20100640e-03 -1.86240479e-03 -1.07328999e-02
  4.32520904e-03  2.19680348e-03  4.50157077e-03 -1.54820012e-02
  1.90671199e-03 -6.59099255e-03  5.06601515e-03  4.44761359e-03
  6.25914268e-03  1.32549410e-03 -9.53417307e-03  7.68155249e-03
 -2.42081514e-03  2.15180251e-03  9.50314208e-03  8.94788418e-04
  2.78241388e-03 -7.27092048e-04  9.69339229e-03 -7.25172718e-03
 -4.47646948e-03  6.78469228e-03 -2.60506034e-03  5.08711089e-04
 -9.13456954e-03 -4.71922351e-03 -6.08927338e-03 -5.95909609e-04
  1.31592778e-02  7.65654721e-03  8.91230029e-03  4.82892547e-03
 -7.00398963e-03 -8.46746962e-03  4.11233295e-03  2.10730325e-03
  3.53116346e-04  1.00892233e-02  5.70249810e-03 -5.85784876e-03
 -6.07829870e-04  1.19194927e-03 -8.78134508e-04  3.61421526e-03
  1.94150530e-03 -3.78609215e-03 -4.87461376e-03  5.31075229e-03
 -1.34427418e-05  2.04308226e-04  8.41920592e-03  4.60023507e-03
  2.38204625e-03 -9.77191188e-03  3.32709828e-03 -3.64770524e-03
 -1.32664081e-03  9.41506001e-03 -3.94669029e-03  1.07333628e-03
  3.90162021e-03 -6.48976981e-03  1.12423245e-02  3.01475983e-03
 -1.30772332e-02 -3.19210640e-03 -1.35033868e-02 -5.11804096e-03
  1.00441562e+00 -1.14716895e-01  1.19360007e+00  6.86091169e-01], Best Fitness: 1.381786002877801e-07
Generation 524: Best Individual: [ 3.43763781e-03  5.16267414e-03  5.66302587e-03 -5.77757314e-03
 -1.03365811e-02 -1.05258626e-02  3.08976991e-03 -7.00654145e-03
 -1.06203449e-03  1.82502872e-02 -6.51842616e-03  4.55945870e-04
  1.66244993e-03 -1.72818090e-02  3.82876639e-03  5.30487556e-03
 -1.64235008e-03  8.65039582e-03 -1.88972865e-03  4.29141896e-03
 -1.11873347e-02  1.96347694e-03 -6.16630973e-03  4.83840548e-03
  9.60062462e-04  1.20425824e-02 -1.43852297e-02  2.26744642e-03
 -7.26393041e-03  3.20508528e-03 -5.16193812e-03  9.58536717e-04
  8.86200347e-03 -7.43060505e-05 -4.90250649e-03 -7.93290155e-03
 -8.05110040e-03 -7.21345866e-04  1.59075014e-03  4.40215024e-03
  5.24675225e-03  3.21327928e-03 -5.55477670e-03 -6.10748253e-03
  5.67108991e-03  1.07997264e-02  1.12941648e-02  4.00701953e-03
 -9.03459761e-03 -8.17305492e-03 -1.86356056e-03 -1.07280923e-02
  4.64405711e-03  2.27833949e-03  4.50113687e-03 -1.54851104e-02
  1.90536021e-03 -6.42881243e-03  5.06329864e-03  1.24372472e-02
  6.29423518e-03  1.32643387e-03 -9.57737714e-03  7.38085211e-03
 -2.41663793e-03  2.34248378e-03  9.42188106e-03  8.93332309e-04
  2.76407520e-03 -7.33082541e-04  9.66829158e-03 -7.25550467e-03
 -4.63273624e-03  6.49004112e-03 -2.60630318e-03  5.87034498e-04
 -7.49867899e-04 -4.73721581e-03 -6.15381084e-03 -6.15431804e-04
  1.29783347e-02  7.65106553e-03  8.73733651e-03  5.13461542e-03
 -7.00331007e-03 -8.46830688e-03  4.15024880e-03  2.08512025e-03
  3.92836335e-04  1.00902709e-02  5.59605628e-03 -5.69826293e-03
 -6.04193814e-04  1.19354213e-03 -7.57428835e-04  3.61894634e-03
  1.93405450e-03 -3.77548207e-03 -4.87946062e-03  5.35018024e-03
  2.17301822e-04  2.82812784e-04  8.40987694e-03  4.59406613e-03
  2.39935217e-03 -9.72398009e-03  3.23460387e-03 -3.75867419e-03
 -1.16265631e-03  9.33443843e-03 -4.02325430e-03  1.07395683e-03
  3.89915741e-03 -6.46974037e-03  1.12430053e-02  3.02004633e-03
 -1.29752033e-02 -3.18700945e-03 -1.33556964e-02 -5.17068366e-03
  1.00678408e+00 -1.13724461e-01  1.19364610e+00  6.86229896e-01], Best Fitness: 1.4315353265645901e-07
Generation 531: Best Individual: [ 3.32440750e-03  5.35489718e-03  5.50909054e-03 -5.53686631e-03
 -1.07857232e-02 -1.04851115e-02  3.71369295e-03 -6.55802340e-03
 -1.40664844e-03  1.82165465e-02 -6.47825288e-03  4.54234682e-04
  2.88101307e-03 -1.74730358e-02  5.39151929e-03  5.18790465e-03
 -1.55543220e-03  8.87547568e-03 -3.03389125e-03  4.64154296e-03
 -1.01296025e-02  1.92533471e-03 -6.18795388e-03  5.18259074e-03
  4.76748244e-03  1.13054485e-02 -1.12902530e-02  2.04557771e-03
 -7.42022195e-03  3.58741281e-03 -4.66539978e-03  1.13220901e-03
  8.63570070e-03 -1.88649258e-04 -4.96471722e-03 -8.47284669e-03
 -8.67170238e-03 -1.58899642e-03  1.75769630e-03  3.87702720e-03
  5.73609785e-03  2.86742233e-03 -5.83352358e-03 -6.05496669e-03
  5.83107665e-03  1.12598275e-02  1.15604295e-02  3.76346173e-03
 -8.20387828e-03 -7.53829050e-03 -1.04883501e-03 -1.91798122e-02
  4.40717103e-03  2.30410384e-03  3.02452376e-03 -1.55892088e-02
 -1.22914596e-03 -5.58837159e-03  4.81161728e-03  4.08391748e-03
  6.29994475e-03  1.27934558e-03 -9.91495420e-03  7.27786459e-03
 -2.44258470e-03  4.62722739e-03  9.34898871e-03 -1.51910326e-04
  1.90449322e-03 -1.12888544e-03  8.97493679e-03 -8.31983892e-03
 -4.79668130e-03  6.56221682e-03 -2.66208402e-03  9.10833388e-04
 -3.81545937e-03 -5.57401911e-03 -6.48298354e-03 -1.04467528e-03
  1.09868301e-02  7.11145363e-03  8.67470657e-03  3.06665023e-03
 -6.94666973e-03 -1.02453820e-02  4.73057065e-03  3.50465536e-03
  2.98876732e-04  1.00765795e-02  5.47148074e-03 -6.15707609e-03
 -3.76710693e-04  1.81773354e-03 -7.37275091e-04  3.59295107e-03
  1.02604025e-03 -3.95115724e-03 -4.19702466e-03  5.53048368e-03
  3.74602395e-05  1.47438270e-03  8.17248204e-03  4.73997505e-03
  2.44336656e-03 -1.03398515e-02  3.77039011e-03 -4.01372131e-03
 -5.53262140e-03  9.11522962e-03 -3.47169455e-03  1.18136320e-03
  3.98951394e-03 -5.99048144e-03  1.15777964e-02  1.01081032e-02
 -1.18669280e-02  2.96922039e-03 -1.26051502e-02 -4.66858987e-03
  9.99464134e-01 -1.12242595e-01  1.19382571e+00  6.86378502e-01], Best Fitness: 1.4357823875494284e-07
Generation 554: Best Individual: [ 3.50003200e-03  5.84208051e-03  5.48402859e-03 -7.80591756e-03
 -1.07808112e-02 -1.04943695e-02  3.43282832e-03 -6.50675769e-03
 -1.51496229e-03  1.82613401e-02 -6.56146862e-03 -6.17392038e-04
  2.15329104e-03 -1.72457601e-02  5.21847439e-03  5.23005131e-03
 -1.37682869e-03  8.74909581e-03 -2.89063234e-03  4.64886363e-03
 -1.01505255e-02  1.93239640e-03 -6.25168851e-03  5.17903768e-03
  3.82305841e-03  1.14532002e-02 -1.10494811e-02  1.97782351e-03
 -7.40266333e-03  3.19953404e-03 -4.68889985e-03  9.76673189e-04
  8.83970066e-03 -2.85105105e-04 -4.83491083e-03 -8.45379582e-03
 -1.57910418e-02 -1.24178395e-03  1.28990378e-03  3.46691147e-03
  5.15757252e-03  2.87057315e-03 -5.83742143e-03 -6.19236750e-03
  5.82703972e-03  1.05675188e-02  1.11800020e-02  7.62310360e-03
 -8.13281394e-03 -7.46970403e-03 -1.11543858e-03 -1.67747526e-02
  4.43484569e-03  2.36569055e-03  3.13156570e-03 -1.56069255e-02
 -6.04027427e-04 -5.61933909e-03  4.24068067e-03  3.68409202e-03
  6.78583433e-03  2.84941936e-04 -3.43602336e-03  6.64468745e-03
 -2.51323602e-03  4.71177094e-03  9.60342196e-03  2.43785107e-05
  2.30197342e-03 -8.57000893e-04  8.87112752e-03 -8.29465382e-03
 -4.90922072e-03  6.54953650e-03 -2.68710348e-03  1.13914243e-03
 -4.29919963e-03 -5.73332831e-03 -6.38173382e-03 -1.07721473e-03
  1.10002369e-02  7.24069943e-03  8.76376212e-03  3.88466126e-03
 -6.93982440e-03 -1.00080728e-02  4.74272045e-03  2.60785403e-03
 -6.58917910e-04  1.01018280e-02  6.01955655e-03 -5.21272266e-03
 -3.84610832e-04  1.79021042e-03 -8.44332001e-04  3.73536675e-03
  1.13693450e-03 -4.57569197e-03 -4.16894808e-03  5.43472398e-03
  3.51323768e-05  1.33442518e-03  7.06901544e-03  5.40679036e-03
  2.28868235e-03 -9.97383986e-03  3.71907723e-03 -3.77585687e-03
 -5.26902347e-03  9.01012691e-03 -3.77702827e-03  1.12182316e-03
  4.06905050e-03 -6.07510456e-03  1.16426409e-02  6.86431107e-03
 -1.18905820e-02  2.65587425e-03 -1.15243159e-02 -4.93964075e-03
  1.00433975e+00 -1.11599734e-01  1.19383262e+00  6.86250260e-01], Best Fitness: 1.460081715653662e-07
Generation 561: Best Individual: [ 3.48800422e-03  5.41152627e-03  5.29869547e-03 -1.16748737e-02
 -1.07485365e-02 -1.09616354e-02  3.21420658e-03 -6.61373861e-03
 -1.57867383e-03  2.00128178e-02 -6.53543657e-03  2.89157440e-04
  2.42253255e-03 -1.72781190e-02  4.65435164e-03  1.19053292e-02
 -1.36288953e-03  8.35832350e-03 -2.72449783e-03  4.93185031e-03
 -1.08493935e-02  1.90073790e-03 -6.66851704e-03  4.82670919e-03
  3.00877654e-03  1.21717870e-02 -1.04905493e-02  1.81033579e-03
 -7.31144180e-03  3.24943202e-03 -4.84087287e-03  5.29236299e-04
  9.17490940e-03 -2.15063111e-04 -4.92236005e-03 -2.02650184e-04
 -9.51536482e-03 -1.38799922e-03  1.41148156e-03  5.21034432e-03
  5.15556843e-03  3.65472366e-03 -6.81140745e-03 -7.10908076e-03
  5.41055874e-03  1.04945209e-02  1.13688744e-02  3.74141593e-03
 -8.04885081e-03 -7.28672748e-03 -1.14120628e-03 -1.58462636e-02
  4.56226859e-03  1.85890802e-03  3.10770763e-03 -1.54989109e-02
 -2.43783378e-04 -5.46289641e-03  4.74470834e-03  3.99444324e-03
  6.67823116e-03  9.81129338e-04 -9.87286606e-03  7.12498991e-03
 -2.53544829e-03  5.16121509e-03  9.79516421e-03 -2.99085665e-03
  2.00290996e-03 -7.70882312e-04  9.06494716e-03 -1.43057850e-02
 -4.43648498e-03  6.59705089e-03 -2.31875520e-03  1.11940332e-03
 -4.91588999e-03 -5.75594308e-03 -5.42485641e-03 -4.63322298e-04
  1.05832021e-02  6.69421782e-03  8.65423681e-03  3.60041365e-03
 -7.35058939e-03 -1.01436505e-02  4.77253320e-03  2.17793865e-03
  1.31390623e-06  1.02717403e-02  5.19710196e-03 -5.93412771e-03
  1.71091913e-04  2.64980767e-03 -7.50251184e-04  3.79896098e-03
  1.85272153e-03 -4.44648455e-03 -4.20559407e-03  5.75852896e-03
 -3.11004617e-03  1.19622521e-03  7.27809302e-03  5.64949523e-03
  2.35091945e-03 -1.01251859e-02  3.76701477e-03  4.33504234e-03
 -2.84712939e-03  9.15576948e-03 -4.04310095e-03  1.16926015e-03
  5.06742645e-03 -6.51990066e-03  1.16299685e-02  7.87612920e-03
 -1.19447981e-02  2.02138280e-04 -1.21419566e-02 -5.14147595e-03
  1.00975221e+00 -1.11329650e-01  1.19383406e+00  6.85878893e-01], Best Fitness: 1.4641154942929317e-07
Generation 564: Best Individual: [ 3.49585950e-03  5.51855848e-03  5.45782767e-03 -1.13591841e-02
 -1.07701068e-02 -1.05338068e-02  3.29728912e-03 -4.84769498e-03
 -1.54061823e-03  1.99942505e-02 -6.55503009e-03  2.66416969e-04
  2.39661238e-03 -1.72706934e-02  4.88468767e-03  6.46998253e-03
 -1.36565043e-03  8.41839735e-03 -2.81895762e-03  4.90101363e-03
 -1.04594598e-02  1.92365983e-03 -6.53455218e-03  5.76970502e-04
  3.79991607e-03  1.19245221e-02 -1.05939104e-02  1.83188711e-03
 -7.35492744e-03  3.23094257e-03 -4.71250716e-03  8.23352026e-04
  9.08159188e-03 -2.73092889e-04 -4.91879479e-03 -7.10324738e-03
 -1.06411909e-02 -1.24614169e-03  1.32172788e-03  3.75369831e-03
  5.15611446e-03  3.20829453e-03 -6.59484764e-03 -6.91696104e-03
  5.54188276e-03  1.05049387e-02  1.12134298e-02  5.80843081e-03
 -8.07865854e-03 -7.33781988e-03 -1.12111725e-03 -1.62176909e-02
  4.54578578e-03  2.06221656e-03  3.11580962e-03 -1.55277190e-02
 -4.60782360e-04 -5.61050636e-03  4.25377844e-03  3.97355789e-03
  6.72341817e-03  8.26944211e-04 -6.28824994e-03  6.95377682e-03
 -2.53466667e-03  4.89879180e-03  9.68996932e-03 -2.80023753e-03
  2.22070819e-03 -8.02131458e-04  8.98098773e-03 -1.27855357e-02
 -4.44393708e-03  6.58737847e-03 -2.63141935e-03  1.13470932e-03
 -4.71704814e-03 -5.74373490e-03 -6.25654827e-03 -9.77061683e-04
  1.06761361e-02  6.78637978e-03  8.71850317e-03  3.77004664e-03
 -7.02444337e-03 -1.00799001e-02  4.75833853e-03  2.29779876e-03
 -3.65440260e-04  1.02417207e-02  5.65716897e-03 -5.78360552e-03
 -3.66033214e-04  2.16057595e-03 -7.90168758e-04  3.77286060e-03
  1.23521476e-03 -4.56807189e-03 -4.17407952e-03  5.58760258e-03
 -1.86209689e-03  1.30818647e-03  7.10098059e-03  5.51656179e-03
  2.31060929e-03 -1.00599515e-02  3.75335478e-03 -1.00585703e-03
 -4.89004665e-03  9.14448946e-03 -3.84574762e-03  1.13074733e-03
  4.75692245e-03 -6.40301146e-03  1.16376800e-02  7.24778727e-03
 -1.19390562e-02  1.83279793e-03 -1.19275405e-02 -5.08215707e-03
  1.00538747e+00 -1.11348239e-01  1.19383311e+00  6.86060123e-01], Best Fitness: 1.4901021984429916e-07
Generation 567: Best Individual: [ 3.56138644e-03  6.43523609e-03  5.14536848e-03 -5.15782129e-03
 -1.07803133e-02 -1.10653094e-02  2.67079854e-03 -5.67364698e-03
 -1.46280977e-03  1.89771367e-02 -6.44067261e-03  1.54164044e-04
  3.20825583e-03 -1.55531455e-02  4.57587501e-03  6.11539332e-03
 -1.35904286e-03  7.42829939e-03 -1.72719662e-03  4.70306175e-03
 -1.05947638e-02  1.80123356e-03 -6.15309279e-03  5.09717065e-03
  2.51670320e-03  1.30033663e-02 -9.15712113e-03  1.65287406e-03
 -7.34394041e-03  2.99749090e-03 -3.54605314e-03  3.03834656e-04
  9.24603687e-03  1.41138915e-04 -4.77195546e-03 -8.30503022e-03
 -8.67012670e-03 -1.56359656e-04  1.32002840e-03  2.29908494e-03
  2.91345505e-03  3.48888782e-03 -6.30364694e-03 -6.57742235e-03
  3.92657016e-03  1.04379877e-02  1.12744420e-02  4.49814382e-03
 -8.09009835e-03 -7.24180622e-03 -1.54868871e-03 -1.47152718e-02
  9.41523947e-03  2.76388537e-03  3.00125817e-03 -1.52946431e-02
 -3.91113950e-04  3.17657780e-03  4.46858970e-03  4.89524711e-03
  6.74657841e-03  7.11919168e-04 -9.40005141e-03  5.72159201e-03
 -2.34968726e-03  5.89752672e-03  9.28925487e-03 -4.46488506e-04
  2.16172167e-03 -7.13310688e-04  9.35941831e-03 -7.81479546e-03
 -4.33426817e-03  6.72836717e-03 -3.72085989e-03  7.94764404e-04
 -5.72262367e-03 -7.50448974e-03 -6.33138247e-03 -5.22346570e-04
  1.07461457e-02  6.84894201e-03  8.71073783e-03 -1.74191909e-03
 -8.30802429e-03 -1.00418580e-02  5.42514141e-03  1.94394478e-03
 -3.87617716e-04  1.02345470e-02  1.01339574e-02 -5.61108963e-03
  2.80624343e-05  3.19596395e-03  4.76461041e-03  3.60730473e-03
  1.67063965e-03 -4.47319535e-03 -3.26419606e-03  6.39800009e-03
 -1.36981158e-03  1.54967456e-03  8.83975179e-03  5.20445920e-03
  2.37847545e-03 -1.00394364e-02  3.82222934e-03 -3.19308286e-03
 -2.53083389e-03  9.92465175e-03 -1.58118160e-02  1.78731123e-03
  5.08738351e-03 -7.24381028e-03  1.17386515e-02  6.36163919e-03
 -1.19253326e-02 -9.44312192e-04 -1.18041148e-02 -5.40442439e-03
  9.84860914e-01 -1.11587918e-01  1.19441242e+00  6.85379420e-01], Best Fitness: 1.496977728455681e-07
Generation 574: Best Individual: [ 3.56138644e-03  6.43523609e-03  5.14536848e-03 -5.15782129e-03
 -1.07803133e-02 -1.10653094e-02  2.67079854e-03 -5.67364698e-03
 -1.46280977e-03  1.89771367e-02 -6.44067261e-03  1.54164044e-04
  3.20825583e-03 -1.55531455e-02  4.57587501e-03  6.11539332e-03
 -1.35904286e-03  7.42829939e-03 -1.72719662e-03  4.70306175e-03
 -1.05947638e-02  1.80123356e-03 -6.15309279e-03  5.09717065e-03
  2.51670320e-03  1.30033663e-02 -9.15712113e-03  1.65287406e-03
 -7.34394041e-03  2.99749090e-03 -3.54605314e-03  3.03834656e-04
  9.24603687e-03  1.41138915e-04 -4.77195546e-03 -8.30503022e-03
 -8.67012670e-03 -1.56359656e-04  1.32002840e-03  2.29908494e-03
  2.91345505e-03  3.48888782e-03 -6.30364694e-03 -6.57742235e-03
  3.92657016e-03  1.04379877e-02  1.12744420e-02  4.49814382e-03
 -8.09009835e-03 -7.24180622e-03 -1.54868871e-03 -1.47152718e-02
  9.41523947e-03  2.76388537e-03  3.00125817e-03 -1.52946431e-02
 -3.91113950e-04  3.17657780e-03  4.46858970e-03  4.89524711e-03
  6.74657841e-03  7.11919168e-04 -9.40005141e-03  5.72159201e-03
 -2.34968726e-03  5.89752672e-03  9.28925487e-03 -4.46488506e-04
  2.16172167e-03 -7.13310688e-04  9.35941831e-03 -7.81479546e-03
  4.40616425e-03  6.72836717e-03 -3.72085989e-03  7.94764404e-04
 -5.72262367e-03 -7.50448974e-03 -6.33138247e-03 -5.22346570e-04
  1.07461457e-02  6.84894201e-03  8.71073783e-03 -1.74191909e-03
 -8.30802429e-03 -1.00418580e-02  5.42514141e-03  1.94394478e-03
 -3.87617716e-04  1.02345470e-02  1.01339574e-02 -5.61108963e-03
  2.80624343e-05  3.19596395e-03  4.76461041e-03  3.60730473e-03
  1.67063965e-03 -4.47319535e-03 -3.26419606e-03  6.39800009e-03
 -1.36981158e-03  1.54967456e-03  8.83975179e-03  5.20445920e-03
  2.37847545e-03 -1.00394364e-02  3.82222934e-03 -3.19308286e-03
 -2.53083389e-03  9.92465175e-03 -1.58118160e-02  1.78731123e-03
  5.08738351e-03 -7.24381028e-03  1.17386515e-02  6.36163919e-03
 -1.19253326e-02 -9.44312192e-04 -1.45529807e-02 -5.40442439e-03
  9.84860914e-01 -1.11587918e-01  1.19441242e+00  6.85379420e-01], Best Fitness: 1.5457569188794552e-07
Generation 580: Best Individual: [ 3.55589883e-03  5.65723529e-03  5.20441597e-03 -5.46654098e-03
 -1.07744303e-02 -1.11245369e-02  2.80912391e-03 -5.73899340e-03
 -1.31287240e-03  1.89709683e-02 -6.38365516e-03  1.13892874e-04
  2.96104355e-03 -1.57302718e-02  4.57831675e-03  6.07639732e-03
 -1.35907433e-03  7.44909739e-03 -2.04604728e-03  4.70305765e-03
 -1.05182958e-02  1.78694984e-03 -6.22235199e-03  5.07277637e-03
  2.50262259e-03  1.29822756e-02 -9.16131927e-03  1.92286490e-03
 -5.59425350e-03  3.15184782e-03 -3.64864941e-03  3.86677113e-04
  9.39334505e-03  1.50808537e-04 -4.78044280e-03 -8.32227132e-03
 -8.72708107e-03 -7.95491695e-03  1.34083384e-03  2.87498616e-03
  5.08801060e-03  3.51468792e-03 -6.29656255e-03 -6.53958169e-03
  4.00594262e-03  1.04485204e-02  1.13044546e-02  4.50029326e-03
 -7.56673750e-03 -7.24078824e-03 -1.88496147e-03 -1.47153041e-02
  9.07442840e-03  2.76312291e-03  3.02387766e-03 -1.51711023e-02
 -7.17313351e-04 -1.25097490e-03  4.42129937e-03  2.83854591e-03
  6.76343092e-03  7.21310950e-04 -9.13441770e-03  5.86898540e-03
 -2.50612696e-03  5.88302806e-03  9.30421801e-03 -5.33183567e-04
  2.13923075e-03 -7.13948606e-04  9.35716094e-03 -8.02991136e-03
  3.83919580e-03  6.79282647e-03 -3.66786624e-03  7.80486755e-04
 -5.69317758e-03 -6.81667165e-03 -6.42293455e-03 -5.21291173e-04
  1.07491977e-02  6.84200284e-03  9.01343316e-03 -1.68720025e-03
 -8.20267796e-03 -1.00066548e-02  5.36592948e-03  1.87368247e-03
 -4.91941046e-04  1.02245970e-02  7.46084760e-03 -5.51523184e-03
 -5.53124123e-05  3.22617895e-03  4.59890246e-03  3.59263988e-03
  1.72532460e-03 -4.48827274e-03 -3.31569778e-03  6.38976606e-03
 -1.34703720e-03  1.51381839e-03  8.83771997e-03  5.21460888e-03
  2.24195842e-03 -1.21299510e-03  3.24735767e-03 -3.00740615e-03
 -2.55220602e-03  1.00121945e-02 -1.52341658e-02  1.71591421e-03
  8.69757876e-03 -7.18415261e-03  1.18937383e-02  6.28787507e-03
 -1.36810056e-02 -9.21380864e-04 -1.31773150e-02 -6.10917812e-03
  9.89518204e-01 -1.11865804e-01  1.19345928e+00  6.85068955e-01], Best Fitness: 1.56702118148324e-07
Generation 586: Best Individual: [ 3.53247931e-03  6.41097544e-03  5.68755014e-03 -5.43294183e-03
 -1.07837792e-02 -1.11290262e-02  2.39488452e-03 -5.74432556e-03
 -1.45728892e-03  1.89222685e-02 -6.34906812e-03  8.42541975e-05
  3.73070559e-03 -1.53943891e-02  4.64704770e-03  6.61437216e-03
 -1.43584495e-03  7.68134088e-03 -1.86046613e-03  4.68797063e-03
 -1.04598957e-02  2.17453703e-03 -6.24831605e-03  5.11611355e-03
  2.39642384e-03  1.28065096e-02 -9.45800616e-03  1.71794428e-03
 -6.75577686e-03  3.09486607e-03 -3.77506922e-03  7.68337667e-04
  9.30263790e-03  5.00433988e-05 -4.80496235e-03 -8.46797786e-03
 -8.68695933e-03 -3.00132631e-04  1.44217754e-03  2.50376894e-03
  4.09587759e-03  3.55394018e-03 -5.82646426e-03 -6.33950411e-03
  3.79074310e-03  1.05361886e-02  1.11163701e-02  4.89738983e-03
 -8.21397750e-03 -6.56308083e-03 -1.52012510e-03 -1.47231988e-02
  9.10642926e-03  2.79622399e-03  2.95266120e-03 -1.51322609e-02
 -2.54094093e-04 -1.49324532e-03  4.45146108e-03  4.75794742e-03
  5.88361307e-03  6.35957810e-04 -9.31171417e-03  7.07571061e-03
 -2.40330949e-03  5.42347811e-03  9.30663355e-03 -6.32372394e-04
  1.81082770e-03 -8.55344936e-04  9.35172136e-03 -7.82647435e-03
  2.95782208e-03  7.03638838e-03 -3.28315739e-03  8.49158964e-04
 -4.85669240e-03 -6.51303686e-03 -5.93203020e-03 -5.41597423e-04
  1.07509579e-02  6.28376591e-03  8.70936064e-03 -1.65295090e-03
 -8.52928869e-03 -9.45668767e-03  5.20164824e-03  1.86173745e-03
 -9.33648491e-04  1.02126970e-02  8.94491577e-03 -6.08741575e-03
  2.52922127e-05  3.10763163e-03  2.67352320e-03  3.59887347e-03
  1.75918453e-03 -4.81075526e-03 -3.26405732e-03  6.36186450e-03
 -1.25635514e-03  1.43293893e-03  7.74593827e-03  4.06351068e-04
  2.43787311e-03 -1.00758147e-02  3.82644790e-03 -2.94614452e-03
 -1.76327594e-03  1.02727203e-02 -1.55230782e-02  1.60993757e-03
  4.90323738e-03 -7.30427063e-03  1.17785485e-02  6.31270523e-03
 -1.19348454e-02 -8.42109679e-04 -1.18403107e-02 -5.81556279e-03
  9.98398908e-01 -1.11769759e-01  1.19437338e+00  6.84945354e-01], Best Fitness: 1.5710501596527997e-07
Generation 590: Best Individual: [ 3.24717029e-03  5.95040450e-03  5.63010120e-03 -5.50693584e-03
 -1.08171065e-02 -1.12813970e-02  2.03135819e-03 -6.14341077e-03
 -2.14216085e-03  1.86493572e-02 -2.52209984e-04  2.06905325e-03
  2.83703819e-03 -1.58903700e-02  4.65644302e-03  6.35288353e-03
 -1.53118506e-03  7.70354624e-03 -5.14505348e-03  4.50839743e-03
 -9.87442918e-03  1.85487690e-03 -6.55014695e-03  5.40877515e-03
  2.47389598e-03  1.26440243e-02 -9.88413055e-03  1.88506205e-03
 -5.93081142e-03  3.67466363e-04 -6.51579893e-03 -4.53913429e-03
  9.61458133e-03 -8.84592317e-05 -4.81419824e-03 -8.32149425e-03
 -8.71695053e-03 -2.69936647e-03  1.69480230e-03  2.91865108e-03
  4.64605337e-03  3.66548888e-03 -5.30090460e-03 -6.23499728e-03
  3.64800776e-03  1.03927835e-02  1.14563469e-02  4.65510983e-03
 -7.94133746e-03 -7.00781242e-03 -1.26640542e-03 -1.48851973e-02
  6.45359695e-03  2.75409389e-03  2.94700387e-03 -1.53575973e-02
 -3.38588675e-04 -2.76146673e-03  4.40990221e-03  4.10537123e-03
  6.07242066e-03  5.19845070e-04 -9.04544860e-03  6.24638376e-03
 -2.04204064e-03  5.19643053e-03  9.80985231e-03 -6.01136399e-04
  1.64638565e-03 -9.34292757e-04  9.32529162e-03 -8.74046630e-03
 -8.01721661e-05  6.97836287e-03 -3.47192592e-03  9.20694806e-04
 -5.36137024e-03 -1.19496682e-02 -6.56737658e-03  1.05090322e-03
  1.08344537e-02  4.59688795e-03  8.74093681e-03  1.23817207e-03
 -8.22928892e-03 -9.81568724e-03  5.78875108e-03  4.19433677e-03
 -1.29637304e-03  9.93759395e-03  8.23003341e-03 -5.89880775e-03
 -1.95944681e-04  3.42563030e-03  1.92393798e-03  3.55522848e-03
  1.02566915e-03 -4.60646442e-03 -3.78847643e-03  6.27370896e-03
 -1.01317202e-03  1.36223729e-03  9.89660772e-03  5.08091222e-03
  2.21729494e-03 -9.64200552e-03  3.62557210e-03 -2.87649627e-03
 -2.79089576e-03  1.00584690e-02 -1.23024656e-02  2.08973617e-03
  4.68424568e-03 -7.20293678e-03  1.19962206e-02  6.20163483e-03
 -1.26921860e-02 -7.51675150e-04 -1.19975436e-02 -5.88108181e-03
  9.97106533e-01 -1.11890582e-01  1.19418574e+00  6.84881811e-01], Best Fitness: 1.571529303272809e-07
Generation 591: Best Individual: [ 3.15910357e-03  5.89700016e-03  5.74617379e-03 -5.47306148e-03
 -1.08268765e-02 -1.12356874e-02  2.08052758e-03 -6.23951673e-03
 -1.81890336e-03  1.87340750e-02 -6.89933506e-04  1.79581436e-03
  2.92757230e-03 -1.59386141e-02  4.66684984e-03  6.41169714e-03
 -1.47762589e-03  7.93128953e-03 -3.04375485e-03  4.56091139e-03
 -9.85305165e-03  2.03949270e-03 -6.48495933e-03  5.42437086e-03
  2.48062987e-03  1.26897708e-02 -9.60166417e-03  1.59106351e-03
 -6.30769245e-03  2.16105689e-03 -5.84761534e-03 -3.20673354e-03
  9.67100563e-03 -3.01633049e-05 -4.84333582e-03 -8.38317840e-03
 -8.73868090e-03 -2.35357892e-03 -2.50039274e-03  2.86139204e-03
  4.34911099e-03  3.51941687e-03 -5.45649692e-03 -6.17727627e-03
  3.87148274e-03  1.03927052e-02  1.05727873e-02  4.12164113e-03
 -8.01389361e-03 -6.99334913e-03 -1.80965440e-03 -1.48837985e-02
  6.76104692e-03  2.91404619e-03  2.92524254e-03 -1.53457882e-02
 -3.11601307e-04 -2.26793277e-03  4.44286096e-03  4.43809451e-03
  6.00851338e-03  4.55614612e-04 -9.14486590e-03  6.62331170e-03
 -2.08803724e-03  5.50827962e-03  9.69362395e-03 -6.04630650e-04
  3.90014583e-03 -9.30294166e-04  9.35603882e-03 -9.19643454e-03
  1.07227524e-03  7.00894999e-03 -3.32731330e-03  9.17685687e-04
 -5.35479866e-03 -7.81880083e-03 -6.61214121e-03  8.41881102e-04
  1.08406626e-02  5.64811681e-03  8.88647037e-03  8.39210551e-04
 -8.16113339e-03 -9.45012510e-03  4.91510924e-03  2.28583617e-03
 -1.05769925e-03  9.43121157e-03  7.96238218e-03 -6.01610470e-03
  1.11716636e-05  3.19648741e-03  1.78366414e-03  3.58514683e-03
  1.71533171e-03 -4.60405200e-03 -3.82986322e-03  6.27672066e-03
 -5.84576327e-04  1.38029700e-03  7.70845908e-03  4.57190211e-03
  2.35791910e-03 -1.02713530e-02  3.89457308e-03 -2.87315189e-03
 -2.20018224e-03  1.02598201e-02 -1.30898432e-02  1.75378965e-03
  4.56167896e-03 -7.46524170e-03  1.18379024e-02  6.15065797e-03
 -1.24884892e-02 -7.27129761e-04 -1.19389749e-02 -5.85119140e-03
  9.97828563e-01 -1.11764330e-01  1.19431343e+00  6.84994142e-01], Best Fitness: 1.5720749485464304e-07
Generation 601: Best Individual: [ 3.06239003e-03  5.24565101e-03  5.74743692e-03 -5.46899535e-03
 -1.08780210e-02 -1.12301381e-02  6.94765855e-04 -6.26225981e-03
 -1.53135545e-03  1.90281097e-02 -8.85709984e-04  1.19479361e-03
  2.94256083e-03 -1.59474540e-02  4.66574782e-03  8.91955501e-03
 -7.00532981e-04  7.93192919e-03 -2.80570408e-03  4.58535363e-03
 -9.86476100e-03  2.03919879e-03 -6.47377004e-03  5.42492445e-03
  2.50619032e-03  1.26897671e-02 -9.66932323e-03  3.75425910e-03
 -6.29097450e-03  2.18980053e-03 -5.79067628e-03 -3.17205722e-03
  9.49749808e-03 -3.21171039e-05 -4.87337807e-03 -8.38278781e-03
 -8.25300170e-03 -2.11360008e-03 -2.22099609e-03  2.87816555e-03
  4.32542300e-03  3.15841768e-03 -5.50249703e-03 -6.18688137e-03
  3.89792041e-03  1.04095615e-02  1.07587119e-02  4.19251354e-03
 -8.01006543e-03 -6.99231692e-03 -1.80421202e-03 -1.49094602e-02
  6.78183305e-03  2.91544803e-03  2.87666108e-03 -1.53337760e-02
 -2.84636605e-04 -2.34969436e-03  4.38322256e-03  4.36740173e-03
  6.00873847e-03  2.33765845e-03 -9.06999202e-03  6.69500467e-03
 -5.59898452e-03  5.44821698e-03  1.16130677e-02 -6.19809286e-04
  3.44655058e-03 -9.21602365e-04  9.36189569e-03 -9.40669194e-03
  6.89697371e-04  7.06802882e-03 -3.32644460e-03  9.20159854e-04
 -5.35451356e-03 -7.31708077e-03 -6.61553811e-03  8.06009462e-04
  1.08509702e-02  5.66352090e-03  8.66197081e-03  2.33482628e-03
 -8.17627282e-03 -9.46165409e-03  4.96598036e-03  2.22151089e-03
 -1.02725654e-03  9.40912157e-03  7.92911134e-03 -6.00125369e-03
 -3.38042614e-05  3.18741379e-03  1.74735053e-03  3.58553209e-03
  1.71676934e-03 -4.67841314e-03 -3.80984086e-03  6.11089835e-03
 -5.84997167e-04  1.38854398e-03  7.73140249e-03  4.59343933e-03
  2.35415209e-03 -1.04469131e-02  3.87286959e-03 -2.82950129e-03
 -2.20370784e-03  9.85634257e-03 -2.03955504e-02  1.75064065e-03
  4.30537615e-03 -1.13864966e-02  1.18383218e-02  6.00692447e-03
 -1.23773032e-02 -7.19653695e-04 -1.19396349e-02 -5.86447049e-03
  9.97884013e-01 -1.11765295e-01  1.19431552e+00  6.85641018e-01], Best Fitness: 1.581376274656752e-07
Generation 602: Best Individual: [ 3.51455780e-03  5.82080750e-03  3.39953243e-03 -5.20417703e-03
 -1.08448743e-02 -1.11246257e-02  2.16869471e-03 -6.51626558e-03
 -1.68158644e-03  1.89891055e-02 -9.14031130e-04  1.44851389e-03
  2.72089528e-03 -1.60094514e-02  4.73946992e-03  6.53855237e-03
 -1.64295320e-03  7.56277795e-03 -2.78332430e-03  5.03918942e-03
 -9.94937136e-03  2.21981396e-03 -6.46166900e-03  5.41493537e-03
  2.48637882e-03  1.25986386e-02 -9.76126870e-03  1.80336537e-03
 -5.68482374e-03  2.37155112e-03 -5.23347934e-03  9.78765454e-05
  9.64081183e-03 -1.00690893e-04 -4.87666193e-03 -8.39379839e-03
 -8.80344408e-03 -2.30056678e-03 -1.80482035e-03  3.06188710e-03
  4.49999708e-03  3.90065312e-03 -5.42360009e-03 -9.11491017e-03
  4.31001666e-03  1.05558266e-02  1.06437925e-02  4.18859202e-03
 -7.73355250e-03 -7.14055214e-03 -1.78485226e-03 -1.49463274e-02
  6.98365056e-03  3.20203477e-03  1.39410446e-03 -1.51578288e-02
 -2.92619141e-05 -3.46752694e-03  4.44761861e-03  4.37742496e-03
  5.37967947e-03  4.02476579e-04 -9.17889476e-03  2.74117489e-03
 -2.09476846e-03  5.44979858e-03  9.64045111e-03 -6.15388831e-04
  2.98356386e-03 -7.12053792e-04  9.05450788e-03 -8.96786519e-03
  2.78914482e-04  7.32975193e-03 -3.16890627e-03  9.83198991e-04
 -5.43354056e-03 -7.18154312e-03 -1.09225040e-02  8.29768854e-05
  1.90319395e-02  5.52562495e-03  8.88326960e-03  1.18233876e-03
 -8.23698934e-03 -9.52120234e-03  4.89333005e-03  2.05196850e-03
 -1.05320136e-03  9.42684177e-03  7.48277407e-03 -6.00987011e-03
  6.83885051e-05  3.09291218e-03  1.44129416e-03  3.37771930e-03
  1.55224570e-03 -4.50445864e-03 -3.75773170e-03  6.27670381e-03
 -5.91420419e-04  1.37875922e-03  7.88857224e-03  4.63541936e-03
  4.87900906e-04 -1.02423969e-02  3.78866680e-03 -2.55555819e-03
 -2.23695814e-03  1.03187009e-02 -1.04848948e-02  1.75382029e-03
  4.78141801e-03 -7.72329010e-03  1.18281193e-02  6.14600826e-03
 -1.25730779e-02 -8.94610324e-04 -1.22804053e-02 -5.93585624e-03
  1.00179643e+00 -1.11950969e-01  1.19446739e+00  6.85062142e-01], Best Fitness: 1.6107361118053895e-07
Generation 617: Best Individual: [ 3.56961111e-03  5.73183381e-03  2.96483447e-03 -5.17369773e-03
 -1.12743742e-02 -1.10848154e-02  2.14478818e-03 -6.50801048e-03
  1.60996331e-04  1.89879184e-02 -3.10540701e-03  1.30512305e-03
  2.34764840e-03 -1.59706574e-02  2.65492295e-03  6.30903260e-03
 -1.64489830e-03  7.70796709e-03 -2.71936021e-03  5.01725265e-03
 -1.09486493e-02  2.24219497e-03 -6.45015689e-03  5.39330776e-03
  2.44722020e-03  1.26150900e-02 -1.00813304e-02  1.75063233e-03
 -5.57436651e-03  2.87303349e-03 -5.14196766e-03  1.07257954e-04
  9.25050187e-03  3.12978535e-04 -5.11720892e-03 -8.44995018e-03
 -8.89417093e-03 -2.25279195e-03 -1.52117873e-03  6.02121292e-03
 -3.05538184e-04  3.93880283e-03 -5.43369184e-03 -8.99013221e-03
  3.79791186e-03  1.05317617e-02  4.88929378e-03  4.27999573e-03
 -8.10118738e-03 -7.31250502e-03 -1.52653546e-03 -1.49734851e-02
  6.98354383e-03  3.20095826e-03  2.10720340e-03 -1.72956027e-02
  1.14527198e-05 -3.47133161e-03  4.43637575e-03  4.38430699e-03
  5.54898775e-03  4.05856946e-04 -9.22118468e-03  6.05153118e-03
 -2.10316093e-03  5.41782595e-03  1.03177017e-02 -2.57916304e-04
  4.19507206e-03 -9.46699387e-04  9.07196862e-03 -9.06159248e-03
  3.95357865e-06  7.35198736e-03 -2.95848793e-03  9.18469207e-04
 -5.31439472e-03 -7.04121588e-03 -1.06802240e-02  4.24071834e-04
  1.75392745e-02  5.52535802e-03  8.88504627e-03  1.29213961e-03
 -8.63474630e-03 -9.69706237e-03  4.90571948e-03  2.11566832e-03
 -1.11479939e-03  9.26227482e-03  7.42438685e-03 -5.97611378e-03
  5.21048203e-05  2.93523132e-03  1.50833915e-03  3.73959225e-03
  1.45924236e-03 -4.50452671e-03 -3.86093441e-03  6.22547621e-03
 -6.13054287e-04  1.36235372e-03  8.35689791e-03  4.78253735e-03
  7.85580219e-04 -1.01921233e-02  3.68720590e-03 -3.40791367e-03
 -3.79725178e-03  1.02980344e-02 -1.10541818e-02  1.75788507e-03
  3.74441654e-03 -7.79991928e-03  1.18666188e-02  6.09414440e-03
 -1.25778749e-02 -7.16231972e-04 -1.22772042e-02 -5.62930619e-03
  1.00176932e+00 -1.11911112e-01  1.19478191e+00  6.85371159e-01], Best Fitness: 1.6247121033500504e-07
Generation 630: Best Individual: [ 3.57472972e-03  5.53897778e-03  3.61392099e-03 -5.15047307e-03
 -1.12596517e-02 -1.12539047e-02  9.36887787e-03 -6.47382586e-03
  1.60328365e-04  1.89720619e-02 -3.87185393e-03  4.20839268e-04
  2.28835458e-03 -1.58756845e-02  2.95745654e-03  6.30379125e-03
 -2.78587220e-03  7.73992471e-03 -2.91102577e-03  4.94646456e-03
 -9.56335669e-03  1.83993477e-03 -6.44353688e-03  5.39491289e-03
  2.46218139e-03  1.25276948e-02 -1.01574619e-02  1.82214410e-03
 -5.25785988e-03  1.10696163e-02 -5.11603721e-03  8.60239683e-05
  8.93472854e-03  1.24990007e-04 -5.17652947e-03 -8.59806512e-03
 -8.94618815e-03 -2.23930052e-03 -1.46353956e-03  4.29290942e-03
  2.94084168e-03  4.01180239e-03 -5.48392550e-03 -8.40905431e-03
  3.71762306e-03  1.02701929e-02  6.67699129e-03  4.59553159e-03
 -8.16846400e-03 -7.37614230e-03 -1.52790612e-03 -1.52376642e-02
  6.95569392e-03  3.21109703e-03  2.14739022e-03 -1.70864588e-02
  2.65976217e-05 -3.38146400e-03  4.23188738e-03  4.40838103e-03
  5.59001656e-03  3.61694504e-04 -9.24216152e-03  6.09317465e-03
 -2.13017105e-03  5.22260723e-03  1.01027622e-02 -3.35623397e-04
  4.14950496e-03 -1.14160534e-03  9.13822743e-03 -9.11920376e-03
 -7.04270102e-05  7.40637066e-03 -2.12743373e-03  1.19457135e-03
 -5.30230164e-03 -6.96342099e-03 -9.31165345e-03  5.24720897e-04
  1.74513540e-02  5.40826940e-03  8.77411895e-03  1.76156026e-03
 -8.42541592e-03 -9.74415224e-03  4.87251859e-03  2.14614775e-03
 -9.69168799e-04  9.25793611e-03  7.39649153e-03 -5.86424822e-03
  1.81031417e-03  3.00770114e-03  1.69489047e-03  4.29714920e-03
  1.34404965e-03 -4.66886943e-03 -3.89068844e-03  6.18326940e-03
 -8.41791385e-04  1.65074868e-03  8.43118039e-03  4.70398956e-03
 -4.18753039e-03 -9.72716374e-03  3.76653177e-03 -3.07397874e-03
 -3.40511321e-03  1.00473875e-02 -1.05153478e-02  1.73604792e-03
  2.02653059e-03 -7.90616801e-03  1.48857762e-02  6.03271819e-03
 -1.21063563e-02 -8.35069927e-04 -1.21033946e-02 -5.42963258e-03
  1.00111407e+00 -1.11917745e-01  1.19478407e+00  6.85903223e-01], Best Fitness: 1.673542061196801e-07
Generation 641: Best Individual: [ 3.54709472e-03  3.86091356e-03  4.33587376e-03 -5.04606687e-03
 -1.12529866e-02 -8.80584283e-03  8.26657433e-03 -6.71778383e-03
  1.91849504e-04  1.89625777e-02 -3.89931373e-03  4.20634889e-04
  2.24733502e-03 -1.58313895e-02  4.26520693e-03  6.29927960e-03
 -2.83555963e-03  7.88913697e-03 -3.01298853e-03  3.88910285e-03
 -9.84459466e-03  1.75451734e-03 -6.40771705e-03  5.40302593e-03
  2.31488206e-03  1.27834223e-02 -1.04028773e-02  2.92844232e-03
 -5.13652567e-03  8.20420457e-03 -4.87299697e-03  1.59329172e-04
  8.92587230e-03  6.98842681e-04 -5.80331573e-03 -8.83999754e-03
 -9.14652590e-03 -1.71070076e-03 -1.34778931e-03  4.00812466e-03
  3.18426449e-03  3.85673385e-03 -5.40374591e-03 -8.32075633e-03
  3.74522390e-03  1.00556331e-02  9.60537505e-03  4.60046609e-03
 -8.20959603e-03 -1.03914434e-02 -1.64150408e-03 -1.63952839e-02
  6.75875621e-03  3.08686649e-03  2.06221364e-03 -1.61121632e-02
  1.46143361e-04 -3.39794026e-03  4.15258712e-03  4.55248878e-03
  5.65798606e-03  1.97951517e-05 -9.29517097e-03  6.11221444e-03
 -1.94829203e-03  5.19473825e-03  1.01092489e-02 -2.89749578e-04
  3.59359423e-03 -1.13979702e-03  8.31894039e-03 -9.45416612e-03
  2.08972888e-05  7.99919611e-03 -2.41344546e-03  1.30481426e-03
  3.09781146e-03 -6.82042488e-03 -8.43899527e-03 -2.98303941e-04
  1.70569122e-02  5.43287210e-03  8.87343399e-03  2.10632489e-03
 -8.64236104e-03 -1.02869429e-02  6.19940948e-03  2.28063268e-03
 -1.01111215e-03  9.00765034e-03  7.26357668e-03 -5.94713410e-03
  1.58622249e-04  3.11877876e-03  2.51463277e-03 -8.02224686e-04
  1.10305640e-03 -4.49268180e-03 -3.91781468e-03  6.22766877e-03
 -9.37587514e-04  2.44952771e-03  8.51349782e-03  3.65976129e-03
 -2.99866541e-03 -9.82391821e-03  3.91614863e-03 -2.84379325e-03
 -2.87654361e-03  1.00642795e-02 -1.06060018e-02  2.06254304e-03
  3.31653099e-03 -7.62761916e-03  1.47626461e-02  8.15952214e-03
 -1.24597432e-02 -7.32238067e-04 -1.19112563e-02 -5.42291922e-03
  9.99993417e-01 -1.11918880e-01  1.19490562e+00  6.85895103e-01], Best Fitness: 1.6830874625157586e-07
Generation 645: Best Individual: [ 2.51032126e-03  4.75653899e-03  4.31806504e-03 -5.02968556e-03
 -1.12377249e-02 -9.32438546e-03  6.71005767e-03 -6.72379602e-03
 -3.28643168e-04  1.88798559e-02 -4.23589229e-03  1.56192824e-03
  2.10348257e-03 -1.60345577e-02  4.07517719e-03  6.11601605e-03
 -2.80017673e-03  7.92749766e-03 -2.80401629e-03  3.91685859e-03
 -9.85498614e-03  1.67218794e-03 -6.35661409e-03  5.57248720e-03
  5.96879177e-03  1.15532544e-02 -1.00213746e-02  2.90252919e-03
 -5.43203034e-03  4.70875404e-03 -5.01445310e-03  1.97559070e-04
  8.74386891e-03  6.22011989e-04 -5.74631725e-03 -8.82096234e-03
 -9.06533063e-03 -1.81719877e-03 -1.06093719e-03  3.77956064e-03
  3.16107603e-03  4.04596348e-03 -5.20623768e-03 -7.68658216e-03
  3.88627618e-03  1.00841089e-02  9.65772333e-03  4.63607832e-03
 -8.37857210e-03 -9.34653870e-03 -1.77189842e-03 -1.59181597e-02
  6.52956548e-03  3.10219816e-03  1.95672394e-03 -1.56272946e-02
  3.61133863e-04 -3.35261699e-03  3.46166703e-03  4.45950138e-03
  5.90448011e-03 -2.14709287e-04 -9.51275670e-03  6.09966659e-03
 -1.94289607e-03  5.36742637e-03  9.97425163e-03 -4.43970659e-04
  3.29418153e-03 -1.08386626e-03  8.53730009e-03 -9.72276293e-03
  2.09710838e-05  8.20028913e-03 -2.32988949e-03  1.49835769e-03
  3.16617518e-04 -7.21991405e-03 -8.21535471e-03  3.56904860e-05
  1.50332892e-02  5.46121408e-03  8.82420230e-03  2.07942559e-03
 -8.68455792e-03 -1.06128934e-02  6.76955427e-03  2.23301362e-03
 -8.36863018e-04  9.04934491e-03  7.32420103e-03 -5.95251967e-03
  5.07897726e-04  3.08350494e-03  2.30515505e-03  4.65423064e-03
  1.53799259e-03 -4.42291007e-03 -4.07034667e-03  6.23324248e-03
 -1.39180458e-03  2.17069360e-03  8.18279293e-03  3.75297906e-03
 -1.45104150e-03 -9.84977487e-03  3.91713421e-03 -2.83934057e-03
 -2.87009741e-03  1.01407687e-02 -1.03790451e-02  2.08123119e-03
  3.40057768e-03 -7.59586675e-03  1.43659812e-02  7.15065431e-03
 -1.24633531e-02 -6.97193219e-04 -1.27426777e-02 -5.36503353e-03
  9.96171045e-01 -1.11934772e-01  1.19230103e+00  6.85548769e-01], Best Fitness: 1.6885598749343162e-07
Generation 649: Best Individual: [ 2.64227341e-03  5.49655248e-03  3.97779768e-03 -4.89342612e-03
 -1.10405104e-02 -1.03314252e-02  5.48690876e-03 -6.40986415e-03
 -3.27460552e-04  1.95246878e-02 -3.84282405e-03  9.88385284e-04
  8.12905837e-03 -1.60337512e-02  3.64943004e-03  6.06855469e-03
 -2.81217318e-03  7.46022563e-03 -2.83287858e-03  4.03420290e-03
 -9.87195815e-03  1.67210437e-03 -5.94533834e-03  5.41967583e-03
  5.60056357e-03  1.17607721e-02 -1.07473463e-02  2.80324595e-03
 -5.27167814e-03  3.36968834e-03 -4.34702234e-03  1.90065128e-04
  8.71681448e-03  5.89935076e-04 -5.72471906e-03 -8.63352821e-03
 -9.72924937e-03 -1.29847670e-03 -1.03299956e-03  4.42550765e-03
  4.21788242e-03  4.01617081e-03 -4.88631361e-03 -7.46327061e-03
  3.69409981e-03  1.00671913e-02  9.69657729e-03  4.69688984e-03
 -8.45504848e-03 -8.62927936e-03 -1.91013303e-03 -1.59895625e-02
  6.36574021e-03  3.01057511e-03  2.02861008e-03 -1.73639186e-02
  2.62413390e-04 -3.73506358e-03  3.48829344e-03  4.26360264e-03
  5.90606711e-03 -2.19764057e-04 -4.54794894e-04  6.15660907e-03
 -1.06861098e-03  5.22784459e-03  9.86786503e-03 -5.28191331e-04
  3.09604236e-03 -1.02076835e-03  8.54135424e-03 -1.02134461e-02
  2.45917728e-05  8.19708949e-03 -4.12702862e-03  1.51930259e-03
 -1.97448828e-03 -7.36601071e-03 -8.22549232e-03 -1.85967636e-06
  1.43723157e-02  5.85326479e-03  8.81106310e-03  2.20434275e-03
 -8.68514649e-03 -9.97870842e-03  5.61115100e-03  2.22580969e-03
 -9.18114781e-04  9.04119792e-03  7.28012911e-03 -5.19610221e-03
  4.60677909e-04  2.68524656e-03  2.12795540e-03  5.40340133e-03
  1.72548257e-03 -3.19425425e-03 -4.06609450e-03  6.25638704e-03
 -1.70324365e-03  2.38711040e-03  8.41984251e-03 -4.20589675e-03
 -7.15326027e-04 -1.04912402e-02  3.47763123e-03 -2.77282291e-03
 -2.90103015e-03  1.04005211e-02 -1.03807209e-02  2.18173406e-03
  3.86061162e-03 -7.72249865e-03  1.29891862e-02  6.62650267e-03
 -1.20752547e-02 -3.60943213e-04 -1.25048680e-02 -5.36450658e-03
  1.00491404e+00 -1.13093555e-01  1.19246528e+00  6.85562322e-01], Best Fitness: 1.6985451908032377e-07
Generation 658: Best Individual: [ 2.64227341e-03  5.49655248e-03  3.97779768e-03 -4.89342612e-03
 -1.10405104e-02 -1.03314252e-02  5.48690876e-03 -6.40986415e-03
 -3.27460552e-04  1.95246878e-02 -3.84282405e-03  9.88385284e-04
  8.12905837e-03 -1.60337512e-02  3.64943004e-03  6.06855469e-03
 -2.81217318e-03  7.46022563e-03 -2.83287858e-03  4.03420290e-03
 -9.87195815e-03  1.67210437e-03 -5.94533834e-03  5.41967583e-03
  5.60056357e-03  1.17607721e-02 -1.07473463e-02  2.80324595e-03
 -5.27167814e-03  3.36968834e-03 -4.34702234e-03  1.90065128e-04
  8.71681448e-03  5.89935076e-04 -5.72471906e-03 -8.63352821e-03
 -9.72924937e-03 -1.29847670e-03 -1.03299956e-03  4.42550765e-03
  4.21788242e-03  4.01617081e-03 -4.88631361e-03 -7.46327061e-03
  3.69409981e-03  1.00671913e-02  9.69657729e-03  4.69688984e-03
 -8.45504848e-03 -8.62927936e-03 -1.91013303e-03 -1.59895625e-02
  6.36574021e-03  3.01057511e-03  2.02861008e-03 -1.73639186e-02
  2.62413390e-04 -3.73506358e-03  3.48829344e-03  4.26360264e-03
  5.90606711e-03 -2.19764057e-04  7.34280885e-04  6.15660907e-03
 -1.06861098e-03  5.22784459e-03  9.86786503e-03 -5.28191331e-04
  3.09604236e-03 -1.02076835e-03  8.54135424e-03 -1.02134461e-02
  2.45917728e-05  8.19708949e-03 -4.12702862e-03  1.51930259e-03
 -1.97448828e-03 -7.36601071e-03 -8.22549232e-03 -1.85967636e-06
  1.43723157e-02  5.85326479e-03  8.81106310e-03  2.20434275e-03
 -8.68514649e-03 -9.97870842e-03  5.61115100e-03  2.22580969e-03
 -9.18114781e-04  9.04119792e-03  7.28012911e-03 -5.19610221e-03
  4.60677909e-04  2.68524656e-03  2.12795540e-03  5.40340133e-03
  1.72548257e-03 -3.19425425e-03 -4.06609450e-03  6.25638704e-03
 -1.70324365e-03  2.38711040e-03  8.41984251e-03 -4.20589675e-03
 -7.15326027e-04 -1.04912402e-02  3.47763123e-03 -2.77282291e-03
 -2.90103015e-03  1.04005211e-02 -1.03807209e-02  2.18173406e-03
  3.86061162e-03 -7.72249865e-03  1.29891862e-02  6.62650267e-03
 -1.20752547e-02 -3.60943213e-04 -1.25048680e-02 -5.36450658e-03
  1.00491404e+00 -1.13093555e-01  1.19246528e+00  6.85562322e-01], Best Fitness: 1.7012335635057867e-07
Generation 679: Best Individual: [ 2.79110666e-03  5.60215979e-03  4.11824049e-03 -4.70768684e-03
 -1.11634050e-02 -1.08489232e-02  4.68387823e-03 -6.42981426e-03
 -2.24987333e-04  1.86882723e-02 -4.37684448e-03  9.39745695e-04
  5.42758260e-03 -1.60965652e-02  3.63987740e-03  6.07805568e-03
 -2.73301906e-03  8.12260556e-03 -2.59126925e-03  4.26195580e-03
 -9.94590018e-03  1.35590441e-03 -5.88580954e-03  5.59017392e-03
  4.92422419e-03  1.17854815e-02 -1.02473368e-02  2.86265755e-03
 -5.06214704e-03  3.45427037e-03 -4.76338805e-03  3.52637276e-04
  8.50969141e-03  2.34498013e-04  2.24080324e-03 -9.05615299e-03
 -9.96603982e-03 -1.45946087e-03 -1.08641579e-03  3.86136914e-03
  4.08174161e-03  3.71766894e-03 -4.93407611e-03 -7.24045609e-03
  3.82004330e-03  1.02555034e-02  6.15960785e-03  5.04035444e-03
 -8.72454708e-03 -7.90860943e-03 -1.66150438e-03 -1.58824638e-02
  6.08519357e-03  5.11130607e-03  1.49489117e-03 -1.65764430e-02
  2.16853605e-04 -3.76556816e-03  3.35570958e-03  4.63232123e-03
  6.06624486e-03  3.54993528e-04 -4.01519401e-03  5.52814250e-03
 -1.16403079e-03  4.47556239e-03  1.00039973e-02 -4.82391283e-04
  2.91709120e-03 -1.11132028e-03  8.62106412e-03 -1.00849450e-02
 -7.93640730e-05  8.43867561e-03 -3.60153435e-03  1.71675193e-03
 -2.45812594e-03 -7.34220820e-03 -8.27969921e-03 -2.47483869e-05
  2.02419304e-02  5.81772289e-03  8.13388824e-03 -7.37884880e-03
 -8.21297546e-03 -1.04079987e-02  5.30590385e-03  2.19822826e-03
 -1.54682161e-03  8.73613070e-03  4.54384966e-03 -3.94348522e-03
 -3.28304110e-05  3.35016078e-03  2.19882834e-03  4.83533027e-03
  1.51205508e-03 -3.38168812e-03 -3.81241238e-03  7.03594691e-03
 -2.15554062e-03  2.28256601e-03  8.34292250e-03 -1.40877855e-03
 -1.13792312e-03 -1.05802252e-02  3.50059851e-03 -2.63040878e-03
 -2.91885739e-03  1.21562121e-02 -1.03516804e-02  2.57246309e-03
  4.09554665e-03 -7.63262110e-03  1.30288919e-02  6.50467500e-03
 -1.23415270e-02 -3.15124759e-04 -1.18886779e-02 -5.06725970e-03
  1.00348960e+00 -1.13261784e-01  1.19423913e+00  6.85400599e-01], Best Fitness: 1.7674484317431287e-07
Generation 688: Best Individual: [ 3.01475052e-03  5.72193086e-03  4.23551651e-03 -4.34567398e-03
 -1.09374031e-02 -1.08722833e-02  6.18483989e-03 -2.08692692e-03
 -1.47444787e-03  1.93097571e-02 -4.24627462e-03  4.82761921e-04
  3.99847066e-03 -1.66442883e-02  4.06065252e-03  8.57372373e-03
 -2.72201673e-03  6.73011412e-03 -3.00151163e-03  3.84968643e-03
 -9.89125076e-03  1.97070884e-03 -6.46543584e-03  5.45165823e-03
  4.63721255e-03  1.12112149e-02 -1.99141495e-02  2.61421154e-03
 -5.42849049e-03  3.56691162e-03 -4.79829612e-03  3.94982092e-04
  7.73233152e-03 -2.44166190e-03 -3.14743633e-03 -7.06679945e-03
 -1.04165636e-02 -1.53721933e-03 -7.88338779e-04  3.61883561e-03
  3.16879681e-03  3.96767733e-03 -4.94665328e-03 -7.29415463e-03
  3.77660101e-03  1.02709007e-02  8.20200587e-03  4.81679561e-03
 -8.61513427e-03 -7.89599809e-03 -1.44561772e-03 -1.55266158e-02
  4.08829607e-03  4.77601164e-03  2.33722940e-03 -1.66800476e-02
 -2.13422564e-04 -3.65799229e-03  3.29566412e-03  4.22998776e-03
  6.17950671e-03  3.68035232e-04 -8.57173878e-04  5.69564549e-03
 -1.08357381e-03  4.65299561e-03  9.13460064e-03 -8.54605871e-04
  3.23476169e-03 -1.20197700e-03  8.46759778e-03 -1.05695991e-02
 -2.79833359e-04  8.36648782e-03 -2.14568661e-03  1.75304339e-03
 -2.89625040e-03 -7.29263131e-03 -8.32326187e-03 -1.11231643e-04
  2.22722659e-02  5.66613975e-03  7.88998898e-03 -1.89870625e-03
 -8.63357306e-03 -1.01888204e-02  5.00930966e-03  3.78515948e-04
 -2.25020332e-03  8.53738909e-03  6.86977916e-03 -5.13173573e-03
  6.63940252e-06  2.55035666e-03  2.25018331e-03  4.64552786e-03
  1.96086285e-03 -5.51932242e-03 -3.79506792e-03  6.98758940e-03
 -2.15750566e-03  2.28703823e-03  9.50652314e-03  7.40139683e-04
 -1.22491620e-03 -1.03306787e-02  3.35254147e-03 -2.21089542e-03
 -3.21345775e-03  1.07276742e-02 -1.03391154e-02  2.10345564e-03
  4.34472630e-03 -6.90990413e-03  1.31328810e-02  9.65002051e-03
 -1.25159915e-02 -3.04498471e-04 -1.21306147e-02 -4.88204177e-03
  1.00598355e+00 -1.13549601e-01  1.19394457e+00  6.85003884e-01], Best Fitness: 1.8416684643257886e-07
Generation 702: Best Individual: [ 2.98975035e-03  5.80405255e-03  6.20481953e-03 -4.44818314e-03
 -1.39801596e-02 -1.10517668e-02  6.14166588e-03 -4.46976303e-03
 -1.17825173e-03  1.92134544e-02 -4.65673628e-03  5.12521299e-04
  4.53238086e-03 -1.38932835e-02  3.81722679e-03  6.70302735e-03
 -2.79152903e-03  6.74233175e-03 -3.06852608e-03  3.84793941e-03
 -1.09875313e-02  1.40879173e-03 -5.97519706e-03  5.46145620e-03
  4.77823078e-03  1.12189245e-02 -1.83431259e-02  2.64221498e-03
 -5.78432485e-03  3.42934321e-03 -4.82168649e-03  7.94557946e-05
  7.78174300e-03  1.44964308e-04  1.08573234e-03 -8.19498614e-03
 -1.03504639e-02 -1.56169682e-03 -1.40484695e-03  4.55837053e-03
  3.41363052e-03  3.88328678e-03 -4.88113476e-03 -7.27298865e-03
  3.24019386e-03  1.02962367e-02  8.58974383e-03  3.07134989e-03
 -8.62076084e-03 -7.86069834e-03  1.38865801e-03 -1.54116091e-02
  4.25288971e-03  4.69682207e-03  2.34979028e-03 -1.66530530e-02
  2.08322536e-04 -3.56414689e-03  3.42082820e-03  3.87200769e-03
  6.15260254e-03  2.53813913e-04 -4.60462606e-03  5.57888017e-03
 -5.45179472e-04  4.69376100e-03  9.35529523e-03  1.34257395e-03
  3.41612244e-03 -1.11974310e-03  8.42357217e-03 -1.05667852e-02
  9.51331901e-05  8.15126568e-03 -2.52556260e-03  1.75819226e-03
 -2.94734573e-03 -7.43481677e-03 -8.20874477e-03 -1.86989423e-04
  2.21630524e-02  5.66198448e-03  7.96137875e-03 -1.49240343e-03
 -8.61817905e-03 -1.01825246e-02  4.97922011e-03  6.94639093e-04
 -1.86788763e-03  8.52162357e-03  6.85341606e-03 -5.06512430e-03
 -4.80787206e-04  2.66740149e-03  2.32477659e-03  3.95401939e-03
  1.93701469e-03 -4.44116198e-03 -3.64058091e-03  6.94387743e-03
 -2.15517831e-03  2.22274980e-03  8.82357914e-03  1.15183761e-03
 -9.64757637e-04 -1.03516802e-02  3.40336565e-03 -2.22370360e-03
 -3.24020511e-03  1.07507510e-02 -1.03412609e-02  2.60112659e-03
 -2.55612243e-03 -6.91923667e-03  1.31429300e-02  7.55880536e-03
 -1.26386794e-02 -3.10884674e-04 -1.20342353e-02 -4.47084334e-03
  1.00401699e+00 -1.13011975e-01  1.19395545e+00  6.85324645e-01], Best Fitness: 1.8430941742218218e-07
Generation 703: Best Individual: [ 1.65899392e-03  6.47273950e-03  4.76350017e-03 -4.26293756e-03
 -1.13179701e-02 -1.12055958e-02  5.56404423e-03  8.45881571e-04
 -1.19436964e-03  1.91615646e-02 -4.12339488e-03  6.26009516e-03
  2.99134898e-03 -1.50783403e-02  3.42595633e-03  6.89954591e-03
 -2.73967370e-03  7.43544382e-03 -3.78430928e-03  3.59704924e-03
 -1.04411385e-02  1.45218101e-03 -5.67530742e-03  5.02974601e-03
  4.87119899e-03  1.11374909e-02 -1.31346152e-02  3.60669234e-03
 -5.67170287e-03  3.21576455e-03 -5.47432202e-03  4.24008584e-04
  8.17234556e-03  1.22261265e-04 -3.18868750e-03 -5.60981091e-03
 -1.03645793e-02 -1.61688855e-03 -1.71845286e-03  4.10640615e-03
  4.48434501e-03  4.19682639e-03 -4.08060773e-03 -7.26668394e-03
  4.12244682e-03  1.08188270e-02  8.66070474e-03  5.25674056e-03
 -8.66627965e-03 -8.26647178e-03 -1.27216439e-03 -1.56778009e-02
  5.27766379e-03  4.72323679e-03  2.25201349e-03 -1.65291321e-02
 -3.33961414e-04 -2.94801712e-03  4.08827688e-03  3.54951101e-03
  6.12696156e-03 -3.07189658e-04 -3.61985359e-03  5.71175749e-03
  4.24810876e-04  4.59532291e-03  8.26240134e-03 -2.50357605e-05
  2.81417773e-03 -1.19131614e-03  6.93570819e-03 -1.03589761e-02
 -3.03385151e-04  8.03684172e-03 -2.66886574e-03  2.04686181e-03
  2.20652267e-03 -7.61644314e-03 -8.47963197e-03  1.04249026e-03
  1.79824972e-02  6.10593674e-03  8.46473282e-03 -2.08735438e-04
 -8.26990929e-03 -1.01688570e-02  4.77493404e-03  9.94311751e-04
 -1.68397432e-03  8.26623970e-03  6.40602104e-03 -4.95704350e-03
 -7.94304367e-04  3.14038261e-03  2.59358999e-03  3.87203539e-03
  2.10419905e-03  4.97526727e-03 -3.14741013e-03  7.02930154e-03
 -1.88847632e-03  2.12865729e-03  9.11482883e-03  2.11777902e-03
 -9.83459975e-04 -1.17322848e-02  1.93698769e-03 -1.09173380e-03
 -3.53597365e-03  1.06146887e-02 -1.03198181e-02  2.52609835e-03
  4.52392671e-03 -7.10785522e-03  1.30631848e-02  7.52862023e-03
 -1.26800143e-02 -3.29632181e-04 -1.10254184e-02 -5.31677914e-03
  1.00453923e+00 -1.13018568e-01  1.19381323e+00  6.85140446e-01], Best Fitness: 1.8696615536375805e-07
Generation 718: Best Individual: [ 2.63331244e-03  1.31849650e-02  4.65001068e-03 -4.09833658e-03
 -1.21516612e-02 -1.13743495e-02  5.42597612e-03 -3.63444486e-03
 -9.17753318e-04  1.91806590e-02 -3.90504721e-03  1.06167180e-03
  4.56479411e-03 -1.47880622e-02  4.37555366e-03  6.98229928e-03
 -3.06087132e-03  7.22797955e-03 -3.44494695e-03  4.00262708e-03
 -1.04389218e-02  1.81071529e-03 -5.61912095e-03  5.65411965e-03
  4.75029014e-03  1.12094592e-02 -1.34321069e-02  3.29281219e-03
 -5.39733401e-03  3.41909015e-03 -6.01136890e-03  5.73789167e-04
  7.98301477e-03 -2.74870736e-04 -3.94813326e-03 -8.04738840e-03
 -1.06208775e-02 -1.73992619e-03 -1.50995440e-03  3.95095490e-03
  3.96265979e-03  3.96549388e-03 -4.44106955e-03 -6.68105312e-03
  2.01558315e-03  1.06341771e-02  8.41827367e-03  5.00686810e-03
 -1.76973001e-02 -1.01042641e-02 -1.69606923e-03 -1.57372663e-02
  5.15407493e-03  4.69157277e-03  2.70734044e-03 -1.65195259e-02
 -5.86699129e-04 -2.83515395e-03  3.90658021e-03  3.79432662e-03
  6.44320425e-03 -9.58622032e-04 -3.63885360e-03  5.96222185e-03
 -6.60734102e-04  4.62283429e-03  9.07689328e-03 -4.69040726e-04
  2.65731303e-03 -1.05140713e-03  8.22210994e-03 -1.05168040e-02
 -1.44691057e-04  7.96774242e-03 -3.27491503e-03  2.21523538e-03
 -7.99726840e-05 -7.27440754e-03 -8.57058440e-03  5.89658747e-04
  1.83057709e-02  5.64448514e-03  8.55484449e-03 -6.87720907e-04
 -7.72076082e-03 -9.53948863e-03  4.93192545e-03  6.54006959e-04
 -1.67010359e-03  8.42982218e-03  6.41398770e-03 -4.99597408e-03
 -2.85472625e-04  3.37877846e-03  1.74089032e-03  4.00694381e-03
  2.06443686e-03 -3.40480787e-03 -3.18103177e-03  7.17259174e-03
 -1.70227496e-03  3.26852585e-03  8.76995192e-03  3.30863436e-04
 -8.33649885e-04 -1.11958877e-02  3.49149320e-03 -2.46786922e-03
 -3.32003970e-03  1.09334007e-02 -9.95941326e-03  2.60834863e-03
  5.32411155e-03 -7.35709206e-03  1.28458123e-02  7.79661276e-03
 -1.23404451e-02 -3.55700972e-04 -1.19475127e-02 -5.13607723e-03
  1.00061800e+00 -1.12568015e-01  1.19376152e+00  6.85092697e-01], Best Fitness: 1.8837185394581397e-07
Generation 733: Best Individual: [ 2.56142868e-03  1.19607664e-02  4.66078158e-03 -4.11442334e-03
 -1.20817006e-02 -1.13707349e-02  5.33636453e-03 -3.61429995e-03
 -7.72150843e-04  1.94041484e-02 -3.67010413e-03  1.38477990e-03
  4.87408651e-03 -1.30439737e-02  4.19723382e-03  7.25003948e-03
 -3.69756935e-03  7.05122060e-03 -3.47607748e-03  4.34389440e-03
 -1.03133952e-02  2.99782431e-03 -5.51518833e-03  5.62945496e-03
  4.66173602e-03  1.12269139e-02 -1.36696809e-02  3.62522812e-03
 -5.31657013e-03  3.59998395e-03 -5.72274518e-03  3.27410571e-04
  8.17762521e-03 -3.23566617e-04 -3.92666415e-03 -7.30097621e-03
 -1.06335046e-02 -1.68176837e-03 -1.83199841e-03  4.02031249e-03
  4.13412988e-03  3.77443432e-03 -4.52615455e-03 -6.76480089e-03
  3.09444498e-03  1.05797623e-02  7.94015513e-03  5.07141569e-03
 -1.40134132e-02 -9.77423984e-03 -1.54591975e-03 -1.58191171e-02
  5.49886744e-03  4.86493847e-03  2.42224976e-03 -1.65190751e-02
 -4.59465692e-04 -2.78246452e-03  3.74873111e-03  3.79208945e-03
  6.68229292e-03 -6.80572954e-04 -3.66391616e-03  5.73524573e-03
 -8.25443323e-04  4.63054722e-03  9.28611631e-03 -4.94108860e-04
  2.49115148e-03 -1.07879220e-03  8.40408471e-03 -1.04016812e-02
  7.23662340e-04  7.79360829e-03 -3.12170672e-03  2.33202701e-03
 -5.58577771e-04 -7.24605021e-03 -7.89995903e-03  2.69427642e-04
  1.83172415e-02  5.72397905e-03  7.14918339e-03 -3.84324805e-04
 -8.14696286e-03 -9.69284086e-03  5.66341314e-03  6.13402154e-04
 -1.67097707e-03  1.32303218e-02  6.38617607e-03 -5.18508253e-03
 -7.92557097e-05  3.46828862e-03  2.18950718e-03  3.80165618e-03
  1.86860342e-03 -2.10245721e-03 -3.17108592e-03  7.23801357e-03
 -1.75126584e-03  2.48771813e-03  8.48830354e-03  6.59410653e-04
 -2.10886711e-03 -1.13153300e-02  3.32196832e-03 -2.36956466e-03
 -1.23575435e-02  1.08027124e-02 -9.96469266e-03  3.28664466e-03
  4.58100755e-03 -6.98793399e-03  1.28518962e-02  7.74568686e-03
 -1.21880133e-02  9.19728091e-04 -1.25232783e-02 -5.41493119e-03
  1.00075347e+00 -1.12477167e-01  1.19382999e+00  6.85048115e-01], Best Fitness: 1.9076637159824981e-07
Generation 742: Best Individual: [ 2.34832725e-03  6.76807340e-03  4.96281239e-03 -4.13130825e-03
 -1.19288963e-02 -1.15036946e-02  5.17885223e-03 -3.56627758e-03
 -8.43184246e-04  1.94763476e-02 -4.03341923e-03 -2.24272144e-04
  4.76610196e-03 -1.55184062e-02  3.83835552e-03  7.71226971e-03
 -3.61569174e-03  9.19540923e-03 -3.99871434e-03  3.65023964e-03
 -9.97908469e-03  1.88411578e-03 -4.44928388e-03  4.95034763e-03
  5.07106225e-03  1.17723888e-02 -1.41421902e-02  3.65307319e-03
 -5.34102399e-03  3.52365108e-03 -5.42258353e-03  1.93879100e-04
  8.61211811e-03 -5.34605657e-04  2.45386962e-03 -7.18361073e-03
 -1.04942283e-02 -1.42037614e-03 -1.93621741e-03  3.91672110e-03
  2.63965016e-03  3.81988086e-03 -5.44674048e-03 -4.90611908e-03
  3.38328076e-03  1.04666632e-02  8.08745711e-03  5.55776729e-03
 -9.77173900e-03 -9.21753391e-03 -1.36590980e-03 -1.76074281e-02
  5.72941598e-03  4.70429482e-03 -1.67997033e-03 -1.88361994e-02
 -3.98270410e-04 -2.49187060e-03  3.67805893e-03  3.96674849e-03
  6.38794691e-03 -3.58544587e-04 -4.94604006e-03  5.74658906e-03
 -7.51658576e-04  4.37634800e-03  7.66584870e-03  1.66614575e-03
  2.47152249e-03 -2.08205124e-03  8.22609492e-03 -9.29049186e-03
  6.84962001e-03  7.58385604e-03 -2.77555051e-03  2.53021787e-03
 -1.51039114e-03 -7.50783092e-03 -8.05859371e-03  1.04702957e-03
  2.82686282e-02  5.91864380e-03  7.84682365e-03  1.59923357e-04
 -8.06365656e-03 -1.07451889e-02  7.43058548e-03 -8.74392155e-04
 -1.89938208e-03  9.35129718e-03  6.59477304e-03 -5.40004064e-03
 -1.80978392e-03  3.70510918e-03  2.23251464e-03  2.19920248e-03
  1.70052201e-03 -7.24435980e-04 -3.15082813e-03  7.91519871e-03
 -1.56165681e-03  2.46662445e-03  8.78930076e-03  4.57808260e-03
 -1.09292768e-03 -1.23562986e-02  2.86105759e-03 -1.76541559e-03
 -3.63328564e-03  1.07458422e-02 -1.02014642e-02  2.71276356e-03
  5.06689210e-03 -6.77995150e-03  1.27179180e-02  7.36777943e-03
 -1.22614443e-02 -6.22419440e-04 -1.43632881e-02 -5.80517672e-03
  1.00888151e+00 -1.12778591e-01  1.19349806e+00  6.85098258e-01], Best Fitness: 1.9175155165064266e-07
Generation 745: Best Individual: [ 2.38098958e-03  6.69196787e-03  4.96570166e-03 -4.12879268e-03
 -1.19528274e-02 -1.15232834e-02  5.32136601e-03 -3.56545827e-03
 -8.34062464e-04  1.94503410e-02 -4.02038696e-03  9.83615748e-03
  4.80593345e-03 -1.55020611e-02  5.27204599e-03  7.73005269e-03
 -3.80399740e-03  7.55924437e-03 -3.82866930e-03  3.69748674e-03
 -1.03699504e-02  1.33368909e-03 -4.57746358e-03  4.97480905e-03
  5.05831252e-03  1.16472112e-02 -1.34875147e-02  3.66251260e-03
 -5.32943593e-03  3.66407641e-03 -5.41326028e-03 -1.05783690e-04
  8.67972544e-03 -1.12955339e-04 -2.92410779e-04 -7.00023539e-03
 -1.02249880e-02 -1.39306281e-03 -1.78354335e-03  3.89888680e-03
  3.57525855e-03  3.23594241e-03 -5.30355298e-03 -6.45331663e-03
  3.41637356e-03  1.03579109e-02  7.91992118e-03  5.51589325e-03
 -9.67321156e-03 -8.92580982e-03 -1.49861019e-03 -1.75846920e-02
  5.72110134e-03  4.76716779e-03 -8.67305714e-04 -1.73972194e-02
  2.21014860e-04 -2.48787997e-03  3.27334958e-03  4.01403050e-03
  6.46279128e-03  3.69948380e-04 -3.93982124e-03  5.42722156e-03
 -7.40431555e-04  4.40234359e-03  8.79619745e-03  1.05968017e-03
  2.44911382e-03 -2.25397765e-03  8.10074426e-03 -9.94623126e-03
  6.28137249e-03  7.64903839e-03 -2.55801267e-03  2.78075109e-03
 -1.94154833e-03 -7.47660222e-03 -7.92112472e-03  1.97073119e-04
  2.75419814e-02  6.02272138e-03  7.57310625e-03  2.51884861e-04
 -7.81426782e-03 -1.07715027e-02  6.85003361e-03  2.79399325e-05
 -1.89875721e-03  9.35319940e-03  6.56313290e-03 -5.31843021e-03
 -1.23432274e-03  3.77042988e-03  1.69747650e-03  2.62204929e-03
  1.74704697e-03 -9.74496817e-04 -3.15386023e-03  7.94926632e-03
 -1.59656625e-03  1.91166578e-03  8.07758764e-03  4.12508540e-04
 -1.07872866e-03 -1.22140191e-02  2.85198353e-03 -1.96988925e-03
 -3.82265972e-03  1.06340952e-02 -1.01787283e-02  2.80881969e-03
  4.89130666e-03 -6.74806496e-03  1.28292609e-02  7.29842586e-03
 -1.23166070e-02 -4.01144822e-04 -1.28507605e-02 -5.78718980e-03
  1.01127465e+00 -1.12649832e-01  1.19265589e+00  6.85042221e-01], Best Fitness: 1.981823327879825e-07
Generation 762: Best Individual: [ 2.40982897e-03  7.13373768e-03  5.02937580e-03 -4.20807816e-03
 -1.16898489e-02 -1.16445046e-02  5.39164260e-03 -3.58612924e-03
 -4.76374074e-04  1.93816878e-02 -3.34837919e-03  8.52597943e-03
  4.82836192e-03 -1.53708346e-02  4.40783199e-03  7.73426126e-03
 -3.89948172e-03  7.12277029e-03 -3.84709248e-03  3.85163439e-03
 -1.01471187e-02  1.33577906e-03 -4.64658717e-03  4.28827638e-03
  4.40376635e-03  1.17503881e-02 -1.34188480e-02  3.64059809e-03
 -5.32231105e-03  3.66950959e-03 -5.46727893e-03 -2.78962617e-04
  8.44773682e-03 -1.50002476e-04 -7.04496273e-04 -7.04662077e-03
 -1.01366971e-02 -1.23145053e-03 -1.40546729e-03  3.05717100e-03
  3.58642248e-03  3.21543702e-03 -5.11729734e-03 -6.48200218e-03
  3.41600571e-03  1.05415797e-02  8.33137745e-03  5.92749851e-03
 -9.83428158e-03 -8.91830537e-03 -2.13301807e-03 -1.68365444e-02
  5.54133559e-03  1.90826597e-03 -5.86193815e-04 -1.70501245e-02
  8.78256084e-05 -2.46131139e-03  3.04173793e-03  3.98543440e-03
  6.96341608e-03  1.07778093e-03 -2.86656455e-03  5.51196401e-03
 -6.43005976e-04  4.43223906e-03  8.84809666e-03  1.01162982e-03
  2.43179187e-03 -3.07940423e-03  7.66191455e-03 -9.96692337e-03
  5.25978375e-03  7.65878841e-03 -2.37307877e-03  2.78127688e-03
 -1.90637411e-03 -7.52846906e-03 -7.87501375e-03  5.58742724e-04
  2.59438071e-02  6.07355558e-03  7.53996574e-03  2.88262865e-05
 -7.89320664e-03 -1.09648630e-02  6.81712107e-03  7.62205332e-05
 -1.95082239e-03  9.77977737e-03  6.53302359e-03 -5.33181593e-03
 -1.01525985e-03  3.86405502e-03  1.28692548e-03  2.62544057e-03
  1.72672423e-03  4.19393087e-04 -3.54071118e-03  8.02929607e-03
 -1.59783131e-03  2.01936832e-03  8.11342703e-03  4.50774342e-04
 -1.45804277e-03 -1.22220979e-02  2.84713984e-03 -1.99302705e-03
 -3.85216852e-03  1.06562415e-02 -1.00592598e-02  1.11682803e-04
  5.04783577e-03 -6.84704188e-03  1.29895009e-02  6.89283992e-03
 -1.22168294e-02 -2.72588304e-04 -1.28078736e-02 -5.59589601e-03
  1.01164169e+00 -1.12663134e-01  1.19294442e+00  6.85206379e-01], Best Fitness: 1.9931770985643646e-07
Generation 778: Best Individual: [ 2.22599728e-03  7.14322049e-03  5.07367694e-03 -4.12071358e-03
 -1.00381315e-02 -1.16825996e-02  5.10029773e-03 -3.55326792e-03
 -5.04696740e-04  1.92107985e-02 -3.30553458e-03  7.31311473e-03
  5.10459296e-03 -1.52232468e-02  3.42143397e-03  7.83354202e-03
 -3.67791170e-03  7.85656581e-03 -3.87027258e-03  3.90261465e-03
 -1.03016765e-02  1.60131000e-03 -5.21889648e-03  4.55794181e-03
  4.37817878e-03  1.17606170e-02 -1.37336101e-02  3.61306493e-03
 -5.34377737e-03  3.66524579e-03 -5.48650512e-03 -3.94579262e-04
  8.16269669e-03  8.42910195e-05 -1.06320153e-03 -7.79243923e-03
 -1.01264689e-02 -1.25201502e-03 -1.38918659e-03  2.79398670e-03
  3.59439662e-03  3.00492726e-03 -3.85477336e-03 -6.42740616e-03
  3.33377282e-03  1.07624404e-02  8.50018846e-03  5.97906322e-03
 -9.41996165e-03 -8.94623920e-03 -1.80077068e-03 -1.67693289e-02
  3.92148193e-03  2.20070874e-03 -5.53888754e-04 -1.72031088e-02
 -3.72244637e-04 -2.46831276e-03  3.01516685e-03  4.08567663e-03
  7.19444478e-03  9.90005545e-04 -2.95388163e-03  5.33806752e-03
 -6.68880552e-04  4.48209031e-03  8.97428765e-03  9.77217032e-04
  2.46281268e-03 -2.43457056e-03  8.24005291e-03 -9.94342478e-03
  4.09364441e-03  7.77182169e-03 -2.39583561e-03  5.89439500e-03
 -2.06423966e-03 -7.59649264e-03 -7.70410603e-03 -2.60139253e-04
  2.51449989e-02  5.81382993e-03  7.62672540e-03 -1.25772671e-03
 -8.14009664e-03 -1.10585436e-02  6.50972619e-03  9.20851553e-05
 -2.29100481e-03  9.91865462e-03  6.39145980e-03 -5.41025176e-03
 -8.43107076e-04  4.77502408e-03  1.55333847e-03  1.07898351e-03
  1.68520616e-03  2.86552040e-04 -2.10418949e-03  8.23991263e-03
 -1.67165397e-03  3.60753069e-03  8.10599553e-03  9.05209939e-04
 -1.34355426e-03 -1.25665439e-02  2.84769959e-03 -2.11518446e-03
 -4.13880776e-03  1.08785024e-02 -9.79733420e-03  5.89058806e-04
  5.07121725e-03 -7.07822896e-03  1.30351049e-02  6.68080991e-03
 -1.19637162e-02 -2.16232837e-04 -1.28430393e-02 -5.42260031e-03
  1.00851364e+00 -1.12806696e-01  1.19292057e+00  6.85225800e-01], Best Fitness: 1.9965511242078477e-07
Generation 781: Best Individual: [ 2.33457499e-03  7.52289140e-03  5.05271774e-03 -4.38517166e-03
 -1.15850252e-02 -1.15509437e-02  5.97386382e-03 -1.47274225e-03
 -4.93454828e-04  1.91272492e-02 -3.32245945e-03  4.47485205e-03
  5.61319524e-03 -1.50500402e-02  4.58303115e-03  7.98577969e-03
 -3.46579784e-03  6.90769851e-03 -4.09073461e-03  4.32141544e-03
 -1.05977199e-02  2.11488788e-03 -5.51828213e-03  5.13882383e-03
  4.47459820e-03  1.18615285e-02 -1.32028945e-02  3.43431092e-03
 -5.19513079e-03  3.65802107e-03 -7.05959752e-03 -3.45257574e-04
  8.02880499e-03  8.42284154e-04 -1.96819830e-03 -7.74538192e-03
 -1.15909868e-02 -1.02029819e-03 -1.99701881e-03  2.42150084e-03
  2.75859180e-03  2.71947127e-03 -4.33083830e-03 -6.84475134e-03
  3.01333255e-03  1.18629232e-02  7.77397204e-03  5.72938632e-03
 -1.42085395e-02 -1.69385577e-02 -1.58718868e-03 -1.65823786e-02
  5.63055798e-03  3.14304197e-03  1.16891119e-03 -1.68647041e-02
 -3.20908405e-04 -2.12764054e-03  2.96042556e-03  4.13169901e-03
  7.95485259e-03  1.33828366e-03 -2.88453059e-03  5.36333794e-03
 -7.30773342e-04  5.28865091e-03  8.92031266e-03  9.26104821e-04
  2.00375099e-03  6.65142478e-04  6.59896298e-03 -9.69365915e-03
  2.63174313e-03  1.49533194e-02 -2.69290365e-03  3.29768062e-03
  1.37726815e-03 -6.63910440e-03 -7.69512665e-03  2.17174095e-04
  2.36563345e-02  6.03924257e-03  7.82397697e-03 -3.40525336e-04
 -8.57938412e-03 -1.11648684e-02  5.85139757e-03  1.87254452e-04
 -2.30591306e-03  1.00251383e-02  6.13283568e-03 -5.66218819e-03
 -8.14927103e-04  4.61029421e-03  2.36863040e-03  3.15819298e-03
  1.22118426e-03  1.09169508e-03 -2.44184280e-03  8.92234077e-03
 -1.42570987e-03  2.74049163e-03  8.12855888e-03  8.41432652e-04
 -1.20669535e-03 -1.18246464e-02  3.16338920e-03 -2.76564068e-03
 -4.11361168e-03  1.09799616e-02 -9.78069410e-03  1.62346124e-03
  5.07788606e-03 -7.28018368e-03  1.24705805e-02  6.24088516e-03
 -1.23927691e-02 -1.08845655e-04 -1.29933667e-02 -4.80969389e-03
  1.00712110e+00 -1.13251411e-01  1.19288677e+00  6.85236871e-01], Best Fitness: 1.9971272571151127e-07
Generation 783: Best Individual: [ 2.22763618e-03  7.10313071e-03  5.91246049e-03 -3.96510000e-03
 -1.10482218e-02 -1.14666420e-02  5.55060532e-03 -2.28270880e-03
 -5.95459318e-04  1.92445735e-02 -1.98124083e-03  4.78733912e-03
  5.77324795e-03 -1.48860023e-02  3.62631239e-03  7.20336633e-03
 -3.34743532e-03  6.91281861e-03 -3.98996263e-03  4.08634755e-03
 -1.03721358e-02  1.95135723e-03 -3.12157555e-03  5.01088017e-03
  4.36376239e-03  1.20796991e-02 -1.32505782e-02  3.47647746e-03
 -5.27353176e-03  3.39413376e-03 -5.44214922e-03 -1.60836665e-03
  8.08104928e-03  5.12311235e-04 -1.65598244e-03 -7.20686246e-03
 -1.48676075e-02 -1.11190110e-03 -1.47375402e-03  2.48878809e-03
  3.50388405e-03  3.06189305e-03 -4.16752573e-03 -4.35325780e-03
  3.06709591e-03  1.11194503e-02  8.25268905e-03  6.00701891e-03
 -8.86929441e-03 -1.04181633e-02 -1.57222048e-03 -1.65463318e-02
  5.35615160e-03  2.98808675e-03  7.65333836e-05 -1.63565624e-02
 -4.62687669e-04 -1.38279368e-03  3.14927944e-03  3.78282747e-03
  7.56199744e-03  1.52638126e-03 -6.57868157e-03  5.32892619e-03
 -3.19179099e-03  5.20922734e-03  8.93320997e-03  6.40422497e-04
  2.64665643e-03 -1.34418790e-03  8.54163301e-03 -9.61100832e-03
  3.35096649e-03  3.63846507e-03 -2.42917930e-03  5.58118876e-03
  6.27100973e-03 -5.20889222e-03 -8.35120120e-03  4.26610906e-06
  2.32756322e-02  5.96113895e-03  7.89657380e-03 -4.00610354e-04
 -8.40325336e-03 -1.10574367e-02  6.29699528e-03  3.14964685e-05
 -2.13933075e-03  1.15135394e-02  6.01195059e-03 -5.43316488e-03
 -8.33104841e-04  4.72140748e-03  1.96862683e-03  2.50977447e-03
  1.51757486e-03  4.38073844e-04 -3.21825138e-03  8.40261375e-03
 -1.39467745e-03  2.73723249e-03  8.58032812e-03  8.62284678e-04
 -1.09331822e-03 -1.20424133e-02  2.71919451e-03 -2.65114931e-03
 -4.29880478e-03  1.10448719e-02 -9.79401600e-03  1.68349469e-03
  4.98818708e-03 -7.22661588e-03  1.30474509e-02  6.87012776e-03
 -1.23846169e-02  1.90314985e-04 -1.33772547e-02 -5.15544098e-03
  1.00905318e+00 -1.13000340e-01  1.19275216e+00  6.85406640e-01], Best Fitness: 2.0127416675303558e-07
Generation 784: Best Individual: [ 1.80468398e-03  7.22815496e-03  5.21345928e-03 -4.13041513e-03
 -1.18074622e-02 -1.16937910e-02  5.22776184e-03 -3.62602226e-03
 -2.56187338e-04  1.81261043e-02 -2.78318290e-03  4.24939774e-03
  5.75164902e-03 -1.52601025e-02  4.02041890e-03  7.85382825e-03
 -3.26964526e-03  7.12082868e-03 -4.09395110e-03  4.12506388e-03
 -1.03202318e-02  2.05354947e-03 -5.48546236e-03  5.09681509e-03
  3.99141455e-03  1.22646097e-02 -1.31505413e-02  2.38511590e-03
 -5.25709430e-03  3.81334047e-03 -7.04863991e-03 -2.86035227e-04
  2.53378849e-03 -2.13558286e-04 -9.15372623e-04 -7.04871054e-03
 -1.41061860e-02 -1.07752065e-03 -1.90164149e-03  2.46448416e-03
  2.97968047e-03  9.63984402e-04 -5.76339691e-03 -6.42230034e-03
  2.77361182e-03  1.15181435e-02  1.64651666e-03  5.64631535e-03
 -9.27991342e-03 -1.08496824e-02 -1.58687588e-03 -1.65850534e-02
  5.46149886e-03  3.21072804e-03  4.39831815e-05 -1.76313899e-02
 -2.53315554e-04 -1.37539292e-03  3.12302021e-03  3.95077488e-03
  7.78324324e-03  1.11685547e-03 -2.88525847e-03  5.24155634e-03
 -5.29412895e-04  5.27627208e-03  8.80750417e-03  7.34939462e-04
  2.58198679e-03 -2.18672637e-03  8.77050852e-03 -9.97861649e-03
  2.62142781e-03  9.61701123e-03 -2.57594664e-03  7.16426530e-03
 -1.57744115e-03 -7.42517134e-03 -8.25354807e-03  9.60062522e-04
  2.28057967e-02  5.97503048e-03  8.04712167e-03 -3.85098419e-04
 -8.51402690e-03 -1.11527537e-02  6.09288672e-03  6.21712256e-06
 -2.36773403e-03  1.08585087e-02  5.97033371e-03 -5.52003305e-03
 -8.44245552e-04  4.54896026e-03  2.22671371e-03  2.55351672e-03
  1.27314855e-03  8.44596988e-04 -3.11537847e-03  8.87562228e-03
 -1.36940055e-03  2.65966473e-03  8.36556735e-03  9.63581574e-04
 -1.09350972e-03 -1.37705216e-02  1.42668025e-03 -4.41401725e-04
 -4.06422176e-03  1.11363500e-02 -9.73474394e-03  2.30139746e-03
  5.21058224e-03 -7.18358101e-03  1.32013406e-02  6.24165527e-03
 -1.23762591e-02  4.95586696e-04 -1.30028910e-02 -4.47583776e-03
  1.00375235e+00 -1.12885062e-01  1.19255197e+00  6.86058693e-01], Best Fitness: 2.0255971790460148e-07
Generation 791: Best Individual: [ 2.60051454e-03  7.42042514e-03  5.08881796e-03 -4.52189531e-03
 -1.15503248e-02 -1.15225490e-02  4.83811594e-03 -3.51848013e-03
 -4.18736841e-04  1.87353852e-02 -4.88179576e-03  6.49017819e-03
  2.70351289e-03 -1.51441489e-02  4.02561290e-03  8.22021648e-03
 -3.37797885e-03  6.98953098e-03 -4.33167127e-03  3.96959178e-03
 -1.33674173e-02  1.84155525e-03 -5.47158334e-03  5.20031236e-03
  4.49507298e-03  1.18224896e-02 -1.72229962e-02  3.37426700e-03
 -4.96623497e-03  3.56878429e-03 -5.51269510e-03 -5.62722510e-04
  1.03386502e-02 -3.06330793e-05 -1.76776059e-03 -7.16979657e-03
 -1.08452444e-02 -1.18570180e-03 -3.89594315e-03  3.09020660e-03
  3.31670738e-03  3.60817892e-03 -4.46116242e-03 -5.00216467e-03
  2.72636826e-03  1.15369098e-02  7.70426958e-03  6.44392619e-03
 -1.75835129e-02 -8.89610850e-03 -1.53147894e-03 -1.76478124e-02
  5.25793836e-03  3.53343690e-03  1.04891623e-04 -1.68420994e-02
  4.31845418e-04 -2.50634633e-03  3.01249112e-03  5.38792050e-03
  7.55344589e-03 -2.17649145e-03 -2.96473781e-03  5.57835480e-03
 -2.67317958e-04  3.27257189e-03  6.45602935e-03  8.57031397e-04
  2.97024542e-03 -1.53636520e-03  8.22618200e-03 -1.00499828e-02
  3.22353959e-03  7.90791300e-03 -2.16274150e-03  3.46587417e-03
 -9.28243199e-04 -6.17538806e-03 -7.75925784e-03  5.69807172e-04
  2.42481792e-02  4.63326724e-03  8.14514893e-03 -2.93159775e-05
 -7.01081254e-03 -1.11744936e-02  6.46867762e-03  2.48572420e-04
 -2.01218913e-03  1.10438693e-02  4.43327936e-03 -5.42482904e-03
 -2.57126790e-03  4.48932572e-03  1.68938764e-03  2.62048382e-03
  1.51228618e-03  3.61484340e-04 -3.73142894e-03  8.59096410e-03
 -9.06058055e-05  2.55855066e-03  7.87934301e-03 -4.42045821e-05
 -1.11888000e-03 -1.28187772e-02  2.92232744e-03 -2.49423617e-03
 -3.89265768e-03  1.09260049e-02 -9.76465030e-03  2.61775849e-03
  6.59101029e-03 -7.48716676e-03  1.30006458e-02  6.03069243e-03
 -1.21200168e-02 -5.78626010e-05 -1.38772817e-02 -4.95250292e-03
  1.00685092e+00 -1.11497155e-01  1.19337466e+00  6.84887536e-01], Best Fitness: 2.0315738030842e-07
Generation 802: Best Individual: [ 2.32062533e-03  6.71718932e-03  3.62883904e-03 -4.11459730e-03
 -1.19620631e-02 -1.15403880e-02  5.19528100e-03 -3.58934495e-03
 -2.95480972e-04  1.82908950e-02 -3.16087803e-03  5.04861198e-03
  5.14058315e-03 -1.49625399e-02  3.99235803e-03  7.76137651e-03
 -3.44937248e-03  7.10965035e-03 -4.25267908e-03  3.87411130e-03
 -1.12662858e-02  1.94472162e-03 -5.38310346e-03  4.89465938e-03
  4.66457688e-03  1.25958009e-02 -1.47491953e-02  3.29180299e-03
 -5.76838028e-03  3.47650969e-03 -5.62352170e-03 -6.53161986e-04
  5.40331764e-03  5.52585156e-04 -1.21416963e-03 -7.18591166e-03
 -1.09629342e-02 -1.00723199e-03 -2.53185809e-03  2.68111854e-03
  3.34456915e-03  2.89044247e-03 -5.04635597e-03 -6.27091901e-03
  2.62819113e-03  1.15443771e-02  6.35568305e-03  4.46959864e-03
 -1.07349839e-02 -9.98754303e-03 -1.10266403e-03 -1.71259834e-02
  6.15497359e-03 -3.98757214e-03  5.00376723e-04 -1.70393465e-02
 -6.64561773e-04 -2.35142140e-03  3.07295379e-03  1.89779392e-03
  7.67348957e-03  1.19607458e-03 -3.35838680e-03  5.36161172e-03
 -4.72091819e-04  3.22784646e-03  8.14716972e-03  2.05863367e-03
  3.20184972e-03 -1.79869120e-03  7.95263657e-03 -1.05668862e-02
  2.91361588e-03  8.43937828e-03 -1.78868309e-03  4.84786666e-03
 -1.35391373e-03 -6.98284819e-03 -7.85085767e-03  9.50009842e-04
  2.33641379e-02  5.69955212e-03  8.43436756e-03 -2.55573667e-04
 -9.83031767e-03 -1.12824295e-02  6.46885533e-03  2.12341961e-04
 -2.00617844e-03  1.20202603e-02  5.69908296e-03 -5.06069231e-03
 -3.30491954e-03  4.26225411e-03  1.56636310e-03  2.54623030e-03
  1.47458991e-03  1.03517911e-03 -3.61001456e-03  7.23825546e-03
 -1.41329672e-04  2.11712209e-03  8.83111239e-03  4.46743762e-04
 -1.03804420e-03 -1.29025210e-02  2.45085916e-03 -2.73062335e-03
 -4.03942900e-03  1.11401429e-02 -9.87959143e-03  2.29285652e-03
  5.06834159e-03 -7.47836795e-03  1.29720403e-02  7.54226495e-03
 -1.22310119e-02 -7.66448747e-06 -1.34038960e-02 -6.44086204e-03
  1.00303610e+00 -1.11780676e-01  1.19289797e+00  6.84919617e-01], Best Fitness: 2.0393419929152003e-07
Generation 803: Best Individual: [ 1.84157238e-03  7.36237073e-03  4.67549064e-03 -4.30014992e-03
 -1.28707747e-02 -1.14968872e-02  5.14732402e-03 -3.73001570e-03
 -3.08366967e-04  1.76902045e-02 -4.28840309e-03  4.84400465e-03
  4.91141038e-03 -2.01129159e-02 -5.63718286e-03  7.55047439e-03
 -3.47611480e-03  7.22577215e-03 -4.42425549e-03  3.85003680e-03
 -1.23143191e-02  1.97685117e-03 -5.56130246e-03  4.84929875e-03
  4.90299559e-03  1.24390295e-02 -1.39684633e-02  3.40316985e-03
 -6.55427808e-03  3.58932519e-03 -6.50419090e-03 -7.42383784e-04
  8.47085008e-03  4.18887127e-04 -1.40632482e-03 -7.28239055e-03
 -1.11463394e-02 -2.12486797e-03 -2.36428882e-03  2.83540012e-03
  3.14419900e-03  3.35063489e-03 -4.70134751e-03 -6.26803270e-03
  1.97275189e-03  1.19739052e-02  7.85218639e-03  5.14224740e-03
 -1.04084027e-02 -9.40398177e-03 -1.59942150e-03 -1.72418594e-02
  5.77022773e-03  3.41951876e-03  3.66634231e-04 -2.54596066e-02
 -1.35866743e-03 -2.42527688e-03  3.06013327e-03  3.84870970e-03
  7.34915989e-03  4.89225918e-04 -3.80193443e-03  5.34385776e-03
 -6.21457539e-04  2.95162510e-03  9.58577938e-03  1.84032289e-03
  2.93658436e-03 -8.83802573e-03  7.99894606e-03 -1.04809902e-02
  2.80494447e-03  8.42412900e-03 -2.88661739e-03  4.36859140e-03
 -1.28102133e-03 -6.05910278e-03 -7.84529373e-03  7.10155260e-04
  2.34238464e-02  5.04479658e-03  8.39090926e-03 -2.05918539e-04
 -7.93098250e-03 -1.12283094e-02  6.26398232e-03  4.49349781e-04
 -2.00748189e-03  1.13373927e-02  5.72096216e-03 -5.17746447e-03
 -2.20738961e-03  4.21837418e-03  1.85194059e-03  2.73334856e-03
  1.43900735e-03  8.67886104e-04 -4.03711099e-03  8.79513114e-03
 -3.75561813e-04  2.46372155e-03  8.88240260e-03  3.89519792e-04
 -1.03753792e-03 -1.26885311e-02  2.67990202e-03 -2.31194730e-03
 -4.11472246e-03  1.09686341e-02 -1.01138977e-02  2.28157416e-03
  6.01002364e-03 -7.18823230e-03  1.30051495e-02  8.94720076e-03
 -1.21574528e-02  2.45353006e-03 -1.41324340e-02 -7.48383507e-03
  9.99141483e-01 -1.12107276e-01  1.19316490e+00  6.85013045e-01], Best Fitness: 2.0750653921986014e-07
Generation 806: Best Individual: [ 1.99021212e-03  7.22995827e-03  4.66461065e-03 -4.13340331e-03
 -1.25726700e-02 -1.15157431e-02  5.13988019e-03 -3.70684409e-03
 -2.51111333e-04  1.79777738e-02 -2.92971995e-03  4.89072891e-03
  4.52602416e-03 -1.58247839e-02 -4.73278838e-03  7.58470971e-03
 -3.39043782e-03  7.23955786e-03 -4.45689542e-03  3.49449395e-03
 -1.18180299e-02  1.98879414e-03 -5.55057481e-03  2.28324499e-03
  4.91094813e-03  1.23283940e-02 -1.35405314e-02  3.40272064e-03
 -6.33719989e-03  3.55378337e-03 -6.32905951e-03 -7.10452380e-04
  8.12224622e-03  4.33575390e-04 -1.36964178e-03 -7.28364996e-03
 -1.12318762e-02 -1.62903718e-03  4.34598403e-05  4.80319872e-03
  3.22773340e-03  2.95011519e-03 -4.79954182e-03 -6.27104537e-03
  2.50332301e-03  1.17847503e-02  7.15573377e-03  5.73504117e-03
 -1.02404096e-02 -9.53213959e-03 -1.68233594e-03 -1.71914670e-02
  5.81024121e-03  3.34361026e-03  3.66769084e-04 -2.17294767e-02
 -1.02764130e-03 -2.38257520e-03  2.78560420e-03  3.98491477e-03
  7.42441606e-03  9.05438087e-04 -3.96351490e-03  5.31703079e-03
 -5.80438559e-04  3.01617864e-03  9.48400048e-03  1.58677964e-03
  2.90219821e-03 -8.40957169e-03  8.21691685e-03 -1.02518506e-02
  2.77925310e-03  8.70883864e-03 -1.86300954e-03  4.72664655e-03
 -1.42443059e-03 -7.10781593e-03 -8.22328080e-03  8.60679185e-04
  2.32171900e-02  5.29430597e-03  8.47522335e-03 -2.31617430e-04
 -7.91553010e-03 -1.12894085e-02  6.24821655e-03  2.41864098e-05
 -2.02315330e-03  1.11271130e-02  5.56789141e-03 -4.35336936e-03
 -1.46249217e-03  4.53412769e-03  1.77270124e-03  2.71129115e-03
  1.39380410e-03  1.01465085e-03 -3.91081205e-03  7.82256978e-03
 -2.33861394e-04  2.53898866e-03  8.80880908e-03  4.56897402e-04
 -7.11658652e-03 -1.28090666e-02  2.43637082e-03 -2.11902740e-03
 -4.07534733e-03  1.09723086e-02 -9.92181609e-03  2.28191510e-03
  5.83545963e-03 -7.09229843e-03  1.28055107e-02  1.03418829e-02
 -1.21843429e-02  4.08320049e-04 -1.36690439e-02 -6.31109080e-03
  1.00081807e+00 -1.12097359e-01  1.19315774e+00  6.85093596e-01], Best Fitness: 2.0880660606107473e-07
Generation 814: Best Individual: [ 1.98217299e-03  7.68941222e-03  4.71190475e-03 -4.65907907e-03
 -1.25246971e-02 -1.15689652e-02  5.18016070e-03  1.78198332e-04
 -2.53026794e-04  1.80224524e-02 -3.00930643e-03  4.81533568e-03
  5.46096107e-03 -1.60417312e-02 -9.23902813e-05  7.58697929e-03
 -3.40775717e-03  7.35385810e-03 -4.46201899e-03  3.57950643e-03
 -1.18068186e-02  1.97221134e-03 -5.49191184e-03  2.94002664e-03
  4.94269763e-03  1.25237516e-02 -1.37664211e-02  3.12013578e-03
 -6.28308222e-03  3.61266034e-03 -6.33223302e-03 -6.94587600e-04
  8.49068875e-03  4.51889999e-04 -1.34932841e-03 -7.28693277e-03
 -1.12019198e-02 -1.59472469e-03 -2.21767216e-03  3.82525253e-03
  3.49891050e-03  2.92985056e-03 -4.74975717e-03 -6.39031824e-03
  2.24395413e-03  1.18009291e-02  7.44648949e-03  5.44191473e-03
 -1.03008687e-02 -9.58028095e-03 -1.38962681e-03 -1.72071354e-02
  5.96974202e-03  3.32672969e-03  4.16071445e-04 -2.20422221e-02
 -1.00485329e-03 -2.38039689e-03  2.90465938e-03  3.97818552e-03
  7.45137063e-03  8.39035058e-04 -3.90209799e-03  5.33508826e-03
 -5.39049966e-04  3.65193537e-03  9.40908356e-03  4.68192920e-03
  2.96149768e-03 -8.16218953e-03  8.17024128e-03 -1.04160176e-02
  2.77077715e-03  8.56890356e-03 -1.79091216e-03  4.71897334e-03
 -1.39475432e-03 -6.64915830e-03 -8.18358255e-03  8.57087876e-04
  2.39723036e-02  2.34939241e-03  8.44536925e-03 -2.27651036e-04
 -7.97995200e-03 -1.15099556e-02  6.23223258e-03  1.35777542e-04
 -2.41483261e-03  1.10579407e-02  5.66383767e-03 -2.07136386e-03
 -1.90095736e-03  4.40096513e-03  2.19037614e-03  2.59137327e-03
  1.39225003e-03  1.12277004e-03 -3.72921903e-03  1.19102336e-02
 -2.70854972e-04  2.64980573e-03  8.81377469e-03  5.09182648e-04
 -6.17158589e-03 -1.27233867e-02  2.57495046e-03 -2.14953457e-03
 -3.98698633e-03  1.12068289e-02 -9.70870187e-03  2.30010460e-03
  5.59014226e-03 -7.09211030e-03  1.28238064e-02  1.01396594e-02
 -1.21791505e-02  1.00874419e-03 -1.36706008e-02 -6.24778041e-03
  1.00088660e+00 -1.12054518e-01  1.19317892e+00  6.85134702e-01], Best Fitness: 2.1204024922052626e-07
Generation 825: Best Individual: [ 2.02242717e-03  7.44298850e-03  4.56782398e-03 -3.41091692e-03
 -1.22944144e-02 -6.33942007e-03  6.02613299e-03 -3.24698562e-03
 -1.56769787e-04  1.82326118e-02 -3.31518064e-03  5.42492432e-03
  5.68791622e-03 -1.63790610e-02  2.28731203e-03  7.85660077e-03
 -1.97382845e-03  8.15684142e-03 -6.21541515e-03  2.44653403e-03
 -1.38174535e-02  1.81621118e-03 -5.44219540e-03  4.29034564e-03
  5.27298069e-03  1.19548375e-02 -1.29433294e-02  3.21125815e-03
 -5.27215984e-03  3.84188131e-03 -6.47595322e-03 -5.91910021e-05
  8.32951443e-03  2.32624411e-04 -1.26944245e-03 -7.29616500e-03
 -1.09526007e-02 -1.43972594e-03 -2.11657816e-03  1.05636776e-02
  2.92319642e-03  2.52928962e-03 -4.10561848e-03 -6.98693894e-03
  3.24394811e-03  1.20150549e-02  8.01701906e-03  5.62040631e-03
 -1.01376400e-02 -9.02833379e-03 -1.11065336e-03 -1.68724417e-02
  4.96025983e-03  6.48820438e-03  6.23182407e-04 -1.95461538e-02
 -3.53934333e-04 -2.21548926e-03  2.87203803e-03  4.30308113e-03
  7.49926540e-03  7.95204313e-04 -3.20729978e-03  5.41400429e-03
 -5.69312959e-03  3.49480852e-03  9.25635146e-03  2.39409691e-03
  3.21268790e-03 -4.86730625e-03  8.23253841e-03 -1.03158786e-02
  3.09729492e-03  8.20897625e-03 -1.51218633e-03  4.62481762e-03
 -1.89939960e-03 -7.04630464e-03 -8.23485760e-03  1.05228317e-03
  2.35720926e-02  3.61193231e-03  8.68008666e-03  2.35607904e-04
 -8.30325711e-03 -1.17995146e-02  6.45452813e-03 -1.56175400e-03
 -2.05718057e-03  1.05791200e-02  5.57389384e-03 -3.99541198e-03
  4.58753299e-03  4.35293829e-03  2.17178470e-03  2.28185935e-03
  1.29624412e-03  1.06503968e-03 -3.63805855e-03  8.81665568e-03
 -1.80135053e-04  2.67720371e-03  8.77736141e-03  1.05965719e-05
 -3.08629425e-03 -1.28579389e-02  2.60289837e-03 -2.56658058e-03
 -2.91994039e-03  1.14045654e-02 -9.17425532e-03  2.28684290e-03
  5.34072746e-03 -7.52686570e-03  1.28231433e-02  7.64290284e-03
 -1.17425388e-02  6.28363457e-04 -1.35992924e-02 -6.16429217e-03
  1.00304787e+00 -1.12047203e-01  1.19294174e+00  6.85193307e-01], Best Fitness: 2.1322082262303462e-07
Generation 837: Best Individual: [ 2.02242717e-03  7.44298850e-03  4.56782398e-03 -3.41091692e-03
 -1.22944144e-02 -4.89245582e-03  6.02613299e-03 -3.24698562e-03
 -1.56769787e-04  1.82326118e-02 -3.31518064e-03  5.42492432e-03
  5.68791622e-03 -1.63790610e-02  2.28731203e-03  7.85660077e-03
 -1.97382845e-03  8.15684142e-03 -6.21541515e-03  2.44653403e-03
 -1.38174535e-02  1.81621118e-03 -5.44219540e-03  4.29034564e-03
  5.27298069e-03  1.19548375e-02 -1.29433294e-02  3.21125815e-03
 -5.27215984e-03  3.84188131e-03 -6.47595322e-03 -5.91910021e-05
  8.32951443e-03  2.32624411e-04 -2.55720139e-03 -1.71402388e-02
 -1.09526007e-02 -1.43972594e-03 -2.11657816e-03  1.05636776e-02
  2.92319642e-03  2.52928962e-03 -4.10561848e-03 -6.98693894e-03
  3.24394811e-03  1.20150549e-02  8.01701906e-03  5.62040631e-03
 -1.01376400e-02 -9.02833379e-03 -1.11065336e-03 -1.68724417e-02
  4.96025983e-03  6.48820438e-03  6.23182407e-04 -1.95461538e-02
 -3.53934333e-04 -2.21548926e-03  3.11675074e-03  4.30308113e-03
  7.49926540e-03  7.95204313e-04 -3.20729978e-03  5.41400429e-03
 -5.69312959e-03  3.49480852e-03  9.25635146e-03  2.39409691e-03
  3.21268790e-03 -4.86730625e-03  8.23253841e-03 -1.03158786e-02
  3.09729492e-03  8.20897625e-03 -1.51218633e-03  4.62481762e-03
 -1.89939960e-03 -7.04630464e-03 -8.23485760e-03  1.05228317e-03
  2.35720926e-02  3.61193231e-03  8.60589846e-03  2.35607904e-04
 -8.30325711e-03 -1.17995146e-02  6.45452813e-03 -1.56175400e-03
 -2.05718057e-03  1.05791200e-02  5.57389384e-03 -3.99541198e-03
  4.58753299e-03  4.35293829e-03  2.17178470e-03  2.28185935e-03
  1.29624412e-03  1.06503968e-03 -3.63805855e-03  8.81665568e-03
 -1.80135053e-04  2.67720371e-03  8.77736141e-03  1.05965719e-05
 -3.08629425e-03 -1.28579389e-02  2.60289837e-03 -2.56658058e-03
 -2.91994039e-03  1.14045654e-02 -9.17425532e-03  2.28684290e-03
  5.34072746e-03 -7.52686570e-03  1.28231433e-02  7.64290284e-03
 -1.17425388e-02  6.28363457e-04 -1.35992924e-02 -6.16429217e-03
  1.00304787e+00 -1.12047203e-01  1.19294174e+00  6.85193307e-01], Best Fitness: 2.1396686702106716e-07
Generation 838: Best Individual: [ 2.02497783e-03  7.43230404e-03  4.99677455e-03 -3.54273274e-03
 -1.22501034e-02 -6.54340128e-03  9.97518417e-03 -3.24361180e-03
 -4.02899927e-04  1.82466248e-02 -3.23675645e-03  5.40279055e-03
  5.75089489e-03 -1.61738748e-02  1.09295682e-03  7.86338475e-03
 -2.21426801e-03  8.07401454e-03 -5.42681584e-03  2.53778483e-03
 -1.35371316e-02  1.81469356e-03 -4.85527331e-03  4.45386509e-03
  5.35145613e-03  1.18229581e-02 -1.30720362e-02  3.13141760e-03
 -7.69008516e-03  3.70570657e-03 -6.13382542e-03 -5.26247598e-05
  8.31159719e-03  1.15201483e-04 -1.27833297e-03 -7.28825839e-03
 -1.09406826e-02 -1.44268139e-03 -2.45538659e-03  7.41295032e-03
  2.68146913e-03  1.69785394e-03 -3.89018908e-03 -6.94201234e-03
 -5.75965765e-04  1.16206687e-02  6.52998190e-03  9.36474101e-03
 -1.01371958e-02 -8.94605532e-03 -1.22263901e-03 -1.68703711e-02
  4.97436351e-03  5.17781895e-03  6.70286125e-04 -1.89497565e-02
 -3.99983027e-04 -3.39917257e-03  2.85500466e-03  4.30293481e-03
  7.74366569e-03  5.99029619e-04 -4.89237736e-04  5.53634709e-03
 -4.51799680e-03  3.65161045e-03  9.29050096e-03  3.09177674e-03
  3.20416761e-03 -4.01055580e-03  8.22463718e-03 -1.03986373e-02
  5.20911821e-03  8.25619962e-03 -1.87095686e-03  4.67345840e-03
 -2.07137189e-03 -7.08540956e-03 -8.38505861e-03  1.06720033e-03
  2.34751392e-02  4.11527244e-03  8.60300239e-03  2.59347549e-04
 -8.55879150e-03 -1.14149406e-02  6.45008811e-03 -3.02940850e-04
 -2.09065124e-03  1.06051622e-02  5.68139490e-03 -3.98230986e-03
  9.07944209e-04  4.36254032e-03  3.47012985e-03  2.29705213e-03
  1.46360747e-03  1.06746472e-03 -3.59260884e-03  8.84597953e-03
 -7.98592051e-04  2.46261417e-03  9.15777825e-03  3.38270162e-04
 -2.85451719e-03 -1.28623436e-02  2.49272573e-03 -2.56212094e-03
 -3.04399809e-03  1.14146576e-02 -9.37568088e-03  2.30452991e-03
  5.33335252e-03 -7.52496138e-03  1.28122061e-02  7.77329814e-03
 -1.53018441e-02 -3.38741361e-04 -1.33527135e-02 -5.99156875e-03
  1.00345650e+00 -1.11921423e-01  1.19304054e+00  6.85440578e-01], Best Fitness: 2.166199297286254e-07
Generation 847: Best Individual: [ 2.06324703e-03  9.05304736e-03  4.89685020e-03 -5.54862969e-03
 -1.22988220e-02 -9.20282637e-03  9.78586902e-03 -3.12957749e-03
 -3.72356604e-04  1.83872648e-02 -3.36536442e-03  5.15600694e-03
  5.86920870e-03 -1.61295662e-02  6.55706774e-05  7.84022637e-03
 -1.88334703e-03  7.85901139e-03 -5.42738647e-03  1.94377475e-03
 -1.23605649e-02  1.83167739e-03 -4.64909126e-03  5.03055738e-03
  5.24039197e-03  1.18292445e-02 -1.31067776e-02  3.64903039e-03
 -6.51088986e-03  3.40156034e-03 -6.16905468e-03 -9.46995440e-05
  8.41937319e-03  4.27185794e-04 -1.27476290e-03 -7.12762567e-03
 -1.09002533e-02 -1.44453810e-03 -2.90143226e-03  5.77300858e-03
  2.88376633e-03  1.83587515e-03 -3.91285486e-03 -6.08205738e-03
 -2.14456694e-04  1.16029657e-02  6.61411854e-03  8.12130179e-03
 -9.73085167e-03 -8.25135512e-03 -1.20198444e-03 -1.68993648e-02
  5.05857958e-03  4.02332830e-03 -7.16780159e-03 -1.89182208e-02
 -4.72961005e-04 -3.20683811e-03  2.99244322e-03  3.71789130e-03
  7.80771518e-03  6.57739483e-04 -1.23625304e-03  5.55949899e-03
 -2.08885639e-03  3.49080534e-03  9.26905680e-03  3.27478418e-03
  3.27791765e-03 -4.06413120e-03  7.98649777e-03 -1.06094580e-02
  4.93019296e-03  8.23752783e-03 -1.86878024e-03  4.06548971e-03
 -2.08356973e-03 -6.00522706e-03 -8.15010292e-03  1.71696491e-03
  2.35250783e-02  4.67356343e-03  8.59447393e-03  2.48931330e-04
 -9.38830720e-03 -1.17367726e-02  6.46308841e-03 -2.30677871e-04
 -2.07512945e-03  1.05872583e-02  5.96401183e-03 -2.74713954e-03
 -5.84817665e-04  4.06823398e-03  3.81597084e-03  2.89900955e-03
  1.54121712e-03  1.52769836e-03 -3.87939719e-03  8.84994085e-03
 -7.65691043e-04  2.21526604e-03  9.06162084e-03  4.15941611e-04
 -2.84990675e-03 -1.26731711e-02  2.49501727e-03 -2.66633496e-03
 -3.27041705e-03  1.15189265e-02 -1.01850872e-02  2.33061279e-03
  5.28272452e-03 -7.47851056e-03  1.24978529e-02  7.67202192e-03
 -1.47377225e-02  6.00695826e-04 -1.33417217e-02 -5.92030303e-03
  1.00363057e+00 -1.11984891e-01  1.19304678e+00  6.85562919e-01], Best Fitness: 2.1805377253401554e-07
Generation 854: Best Individual: [ 2.02584920e-03  8.51907849e-03  4.67022745e-03 -5.45994761e-03
 -1.28370151e-02 -9.23018453e-03  6.72018425e-03 -2.97624583e-03
  1.57301150e-04  1.83836014e-02  5.42560498e-05  5.11358418e-03
  5.89278346e-03 -1.52185853e-02  2.90858392e-04  7.61431322e-03
 -2.03288825e-03  7.85096902e-03 -6.87926411e-03  2.40945586e-03
 -1.24629495e-02  2.56015045e-03 -5.15408485e-03  4.25485951e-03
  5.18128159e-03  1.18101266e-02 -1.31096764e-02  3.66370752e-03
 -6.36413366e-03  3.54778048e-03 -6.16563066e-03  7.25467325e-05
  8.37530073e-03  1.49713370e-03  1.92634860e-03 -7.56664454e-03
 -8.33189710e-03 -1.15486828e-03 -2.81998559e-03  5.42732655e-03
  3.22692214e-03  1.94774478e-03 -3.96545766e-03 -6.96029166e-03
 -3.17611607e-05  1.14392975e-02  6.68210252e-03  7.29079114e-03
 -1.01010504e-02 -8.43880678e-03 -1.18615518e-03 -1.68893047e-02
  5.54942120e-03  3.94526111e-03 -6.01511054e-03 -1.87800683e-02
 -4.09347183e-04 -3.08195211e-03  2.94944338e-03  3.51799483e-03
  8.10116128e-03  6.71871100e-04 -1.64080030e-03  5.60484837e-03
 -2.05302983e-03  3.34647914e-03  9.43687369e-03  3.31053906e-03
  3.18548426e-03 -4.72342809e-03  8.03699802e-03 -1.06657441e-02
  4.83292848e-03  8.33091257e-03 -1.84608143e-03  4.00114220e-03
 -2.17900015e-03 -6.48958071e-03 -8.58228832e-03  1.56651250e-03
  2.32277226e-02  4.88003287e-03  4.13408569e-03  2.41471751e-04
 -9.23796832e-03 -1.17508312e-02  6.53090585e-03  2.96503602e-04
 -1.95655762e-03  1.05671296e-02  5.86769894e-03 -4.49498301e-03
 -5.94055387e-04  4.11644213e-03  3.71962323e-03  2.74365983e-03
  1.80143726e-03  1.56467030e-03 -3.92450798e-03  8.90761024e-03
 -6.14730997e-04  2.18857810e-03  9.03899609e-03  4.38741433e-04
 -2.94195652e-03 -1.26649781e-02  2.59780398e-04 -2.39877217e-03
 -4.07978415e-03  1.15496093e-02 -1.05516612e-02 -2.66260295e-03
  5.14604536e-03 -8.27515735e-03  1.25266000e-02  8.09156172e-03
 -1.44240934e-02  7.37104049e-04 -1.33126801e-02 -5.83540604e-03
  1.00261922e+00 -1.12040572e-01  1.19313377e+00  6.85537948e-01], Best Fitness: 2.2159095885287977e-07
Generation 880: Best Individual: [ 1.55461301e-03  7.95521865e-03  4.65535838e-03 -4.84437810e-03
 -1.27583541e-02 -1.00161063e-02  8.31038821e-03 -2.32380600e-03
  1.95489701e-04  1.23767102e-02 -1.13171662e-03  4.82373967e-03
  4.75135081e-03 -1.57629814e-02  9.69314298e-04  7.62711382e-03
 -1.31678912e-04  7.44511848e-03 -5.88264652e-03  2.54448244e-03
 -1.34097966e-02  7.34469137e-04 -4.97859512e-03  4.42682957e-03
  5.12363593e-03  1.16042079e-02 -1.33414805e-02  4.40379110e-03
 -8.42247330e-03  4.63120970e-03 -6.34258098e-03  1.41206777e-04
  9.45425870e-03  2.12168427e-03  3.40476676e-03 -1.00687926e-02
 -9.87703451e-03 -1.23029374e-03 -2.83030890e-03  4.40960832e-03
  2.83676993e-03  2.06451628e-03 -4.06575713e-03 -5.23839360e-03
 -2.24581040e-04  1.10949391e-02  7.45789355e-03  7.20572697e-03
 -8.95837371e-03 -8.80416170e-03 -1.20315780e-03 -1.63053342e-02
  6.30733240e-03  4.44311636e-03 -1.90217099e-03 -1.89105743e-02
 -7.40499659e-04 -3.51449455e-03  3.00410657e-03  3.28579439e-03
  8.04702468e-03  9.37634462e-04 -2.79335995e-03  6.53195830e-03
 -1.08082722e-03  3.30935512e-03  9.07696389e-03  3.09815797e-03
  3.58953358e-03 -3.79749475e-03  7.42061360e-03 -1.09252554e-02
  4.00064085e-03  8.91472423e-03 -1.45201459e-03  4.05043562e-03
  2.08751117e-03 -6.52736586e-03 -9.97741826e-03  1.31791008e-03
  2.45334197e-02  4.96671133e-03  6.12853509e-03 -3.11080671e-04
 -9.14569792e-03 -1.16841501e-02  7.44504737e-03  1.23349637e-03
 -1.50750639e-03  1.00730152e-02  4.85626230e-03 -4.47005270e-03
 -3.53450114e-04  4.42294577e-03  2.60802749e-03  2.28412925e-03
  1.51998470e-03  1.62928275e-03 -4.07076483e-03  8.78475803e-03
 -3.23511646e-04  2.29535034e-03  8.55443119e-03  3.98486600e-04
 -3.07540841e-03 -1.22854613e-02  2.09358943e-03 -2.92069516e-03
 -3.43175797e-03  1.07613548e-02 -1.05697374e-02 -4.94979333e-03
  4.84820487e-03 -7.48735463e-03  1.11994397e-02  7.65350947e-03
 -1.27594794e-02  4.90084907e-04 -1.24212754e-02 -1.24741588e-02
  1.00044375e+00 -1.12141584e-01  1.19299805e+00  6.85220791e-01], Best Fitness: 2.2236567996288121e-07
Generation 884: Best Individual: [ 1.72375803e-03  7.99161501e-03  4.90459334e-03 -7.31202990e-03
 -1.28159321e-02 -9.82854497e-03  7.71820798e-03 -2.41231695e-03
  5.61474643e-05  1.82412956e-02 -1.07086560e-03  1.46092257e-02
  7.51890081e-03 -1.57960821e-02  1.08798676e-03  7.08353821e-03
 -2.21676833e-03  4.60603271e-03 -6.14585050e-03  2.07165420e-03
 -1.23791311e-02  1.61254999e-03 -5.09963016e-03  4.11534899e-03
  5.25225055e-03  1.17924098e-02 -1.31967181e-02  4.34688343e-03
 -6.90976304e-03  4.43370351e-03 -6.38499529e-03  5.46007893e-04
  8.83065432e-03  1.52119613e-03  4.12523059e-04 -6.44222349e-03
 -9.74215515e-03 -1.15844446e-03 -2.86002783e-03  4.75193780e-03
  2.99585112e-03  2.18542824e-03 -4.62491418e-03 -1.91413392e-03
  1.43710025e-04  7.01242551e-03  7.13227057e-03  6.66484227e-03
 -9.58181624e-03 -8.41864778e-03 -1.31298276e-03 -1.67886740e-02
  5.39350289e-03  3.90140429e-03 -1.75000460e-04 -1.88573591e-02
 -7.52237291e-04 -3.28139783e-03  2.94497075e-03  2.83496726e-03
  8.33637074e-03  8.50625473e-04 -2.16178706e-03  5.58530962e-03
 -1.42428349e-03  2.57962200e-03  8.97039239e-03  2.79028169e-03
  4.42217585e-03 -4.65270769e-03  7.34601902e-03 -9.89787760e-03
  4.02138264e-03  8.87649369e-03 -1.43011984e-03  5.01481745e-03
 -2.13079581e-03 -6.82571048e-03 -9.77453226e-03  7.09771981e-04
  2.23438980e-02  4.57897418e-03  6.88526764e-03 -3.80399861e-04
 -9.07229505e-03 -1.17095615e-02  6.63424091e-03  9.50297870e-04
 -1.22491956e-03  1.12342029e-02  4.54136752e-03 -3.98939359e-03
 -4.42962447e-04  4.88077736e-03  3.32751078e-03  2.69841127e-03
  1.52500806e-03  2.09495615e-03 -3.84846242e-03  8.85427623e-03
 -3.99806254e-04  2.28857136e-03  8.75093775e-03  4.84248624e-04
 -3.34554943e-03 -1.24167811e-02  1.74079367e-03 -3.02477947e-03
 -3.09379141e-03  1.25443147e-02 -1.04524872e-02  6.99740064e-05
  3.58563167e-03 -1.45404782e-02  1.28593154e-02  8.11454479e-03
 -1.26967735e-02  7.84756488e-04 -1.54302885e-02 -5.33264752e-03
  1.00000933e+00 -1.12095821e-01  1.19372940e+00  6.84884602e-01], Best Fitness: 2.260119151336334e-07
Generation 885: Best Individual: [ 1.76053444e-03  7.94238837e-03  2.88073885e-03 -4.82656838e-03
 -1.29318645e-02 -1.01344300e-02  7.80794693e-03 -2.75355256e-03
 -1.64803226e-04  1.82242484e-02 -1.06730357e-03  5.11368733e-03
  5.60143047e-03 -1.57779260e-02  1.01767721e-03  9.15543722e-03
 -2.17014380e-03  8.18878839e-03 -5.85486650e-03  1.79452292e-03
 -1.20497447e-02  9.84203020e-04 -5.09228495e-03  4.26525365e-03
  9.48512564e-03  1.15120365e-02 -1.32227144e-02  4.50261946e-03
 -7.09735553e-03  4.99079775e-03 -6.54239194e-03  8.35912579e-05
  8.90020256e-03  1.47631606e-03  2.60458557e-04 -8.29516112e-03
 -9.71254896e-03 -1.21608423e-03 -2.86956328e-03  4.75930965e-03
  3.57158583e-03  2.07405708e-03 -4.30850604e-03 -6.59427085e-03
 -7.87639703e-06  1.10988445e-02  7.23988743e-03  7.14479268e-03
 -9.44411902e-03 -8.50720491e-03 -1.24899999e-03 -1.68155668e-02
  7.70436079e-03  4.67735141e-03 -1.48407034e-03 -1.87889227e-02
 -9.06156046e-04 -3.51892111e-03  2.93171873e-03  2.05361045e-03
  8.05815210e-03  2.32997518e-03 -2.55214514e-03  6.18275006e-03
 -1.24330775e-03  1.33781544e-03  1.06787696e-02  3.02952049e-03
  4.00474095e-03 -3.76312282e-03  7.32990667e-03 -1.08723422e-02
  3.71891282e-03  8.80906449e-03 -2.25432445e-03  4.11807717e-03
 -1.68022156e-03 -5.95924181e-03 -1.01638593e-02  9.28297317e-04
  2.29645094e-02  3.89616346e-03  6.81864993e-03 -4.48290936e-04
 -8.86787564e-03 -1.17535297e-02  8.12987057e-03 -7.35045487e-04
 -1.47000138e-03  1.10743796e-02  4.81916350e-03 -5.96031729e-03
 -5.14457149e-04  5.51346165e-03  2.34187847e-03  3.46170832e-03
 -3.67071903e-03  1.82362342e-03 -3.89075719e-03  8.82437733e-03
 -1.20778117e-04  2.27662881e-03  1.02317118e-02  4.91612486e-04
 -3.31448892e-03 -1.26217050e-02  2.14349965e-03 -2.95429958e-03
 -1.68728253e-03  1.23212522e-02 -1.93865736e-02 -7.78838842e-04
  5.04551311e-03 -7.51569535e-03  1.32725910e-02  7.95243596e-03
 -1.07676604e-02  4.68642677e-04 -1.24737269e-02 -5.30411293e-03
  9.99334108e-01 -1.12255283e-01  1.19258281e+00  6.85012974e-01], Best Fitness: 2.269389953405038e-07
Generation 888: Best Individual: [ 1.78947137e-03  6.90369247e-03  4.78339436e-03 -4.82884613e-03
 -1.45318087e-02 -9.89367171e-03  7.67344194e-03 -2.59690498e-03
 -1.10082064e-05  1.75283595e-02 -1.45716606e-03  4.78714279e-03
  4.99813160e-03 -1.57725475e-02  1.01553088e-03  7.73322271e-03
  5.99455760e-03  7.39027358e-03 -5.94209613e-03  1.95241499e-03
 -1.40427911e-02  1.14126926e-03 -5.00566778e-03  4.37187467e-03
 -9.96944616e-04  1.20628949e-02 -1.29080849e-02  4.51234252e-03
 -7.18327273e-03  4.96521646e-03 -6.47956921e-03  3.65065748e-05
  8.79365679e-03  6.36875858e-04 -1.04637851e-04 -7.89204707e-03
 -1.02784007e-02 -1.26784860e-03 -2.74692022e-03  4.94716761e-03
  2.85308306e-03  1.84383272e-03 -4.60730142e-03 -5.91670995e-03
 -1.74797145e-05  1.14824596e-02  7.73915810e-03  8.37466251e-03
 -1.34360857e-02 -8.47759564e-03 -1.23084133e-03 -1.36449438e-02
  6.11979801e-03  4.37847036e-03 -1.59881890e-03 -1.87005891e-02
 -1.00202027e-03 -3.60437447e-03  4.08885921e-03  2.86047069e-03
  8.06942830e-03  1.77097915e-03 -2.58186999e-03  6.89869467e-03
 -1.30754449e-03  2.99165878e-03  9.14131603e-03  2.91143851e-03
  4.31631911e-03 -3.40456958e-03  7.22341275e-03 -1.07842003e-02
  3.47653057e-03  8.90587396e-03  3.60895282e-04  4.49442535e-03
 -3.38555035e-04 -6.85781478e-03 -1.01156415e-02  5.22779204e-04
  2.38049885e-02  3.20988429e-03  7.21239220e-03 -3.50177400e-04
 -1.00764045e-02 -1.18281827e-02  8.04492539e-03  1.04662564e-03
 -1.44178308e-03  1.22097854e-02  4.54502354e-03 -4.40575948e-03
  2.39465022e-03  4.21454302e-03  3.16614069e-03  2.76811642e-03
  9.58770388e-04  1.76499110e-03 -3.74618492e-03  1.18476902e-03
 -9.72676923e-04  6.74484939e-04  8.15446614e-03  5.03645829e-04
 -3.89033278e-03 -1.22514718e-02  1.75533137e-03 -2.69131448e-03
 -4.16740496e-03  1.16765019e-02 -1.54031348e-02 -6.39642144e-05
  4.83155174e-03 -7.44572996e-03  1.40649728e-02  7.81946718e-03
 -1.35372783e-02  5.16887771e-04 -1.26654119e-02 -7.31026685e-03
  9.89792449e-01 -1.12318486e-01  1.19402656e+00  6.85643790e-01], Best Fitness: 2.2805785681784085e-07
Generation 892: Best Individual: [ 1.78947137e-03  6.90369247e-03  4.78339436e-03 -4.82884613e-03
 -1.45318087e-02 -9.89367171e-03  7.67344194e-03 -2.59690498e-03
 -1.10082064e-05  1.75283595e-02 -1.45716606e-03  4.78714279e-03
  4.99813160e-03 -1.57725475e-02  1.01553088e-03  7.73322271e-03
  5.99455760e-03  7.39027358e-03 -5.94209613e-03  1.95241499e-03
 -1.40427911e-02  1.14126926e-03 -5.00566778e-03  4.37187467e-03
 -9.96944616e-04  1.20628949e-02 -1.29080849e-02  4.51234252e-03
 -7.18327273e-03  4.96521646e-03 -6.47956921e-03  3.65065748e-05
  1.90957859e-03  6.36875858e-04 -1.04637851e-04 -7.89204707e-03
 -1.02784007e-02 -1.26784860e-03 -2.74692022e-03  4.94716761e-03
  2.85308306e-03  1.84383272e-03 -4.60730142e-03 -5.91670995e-03
 -1.74797145e-05  1.14824596e-02  7.73915810e-03  8.37466251e-03
 -1.34360857e-02 -8.47759564e-03 -1.23084133e-03 -1.36449438e-02
  6.11979801e-03  4.37847036e-03 -1.59881890e-03 -1.87005891e-02
 -1.00202027e-03 -3.60437447e-03  4.08885921e-03  2.86047069e-03
  8.06942830e-03  1.77097915e-03 -2.58186999e-03  6.89869467e-03
 -1.30754449e-03  2.99165878e-03  9.14131603e-03  2.91143851e-03
  4.31631911e-03 -3.40456958e-03  7.22341275e-03 -1.07842003e-02
  3.47653057e-03  8.90587396e-03  3.60895282e-04  4.49442535e-03
 -3.38555035e-04 -6.85781478e-03 -1.01156415e-02  5.22779204e-04
  2.38049885e-02  3.20988429e-03  7.21239220e-03 -3.50177400e-04
 -1.00764045e-02 -1.18281827e-02  8.04492539e-03  1.04662564e-03
 -1.44178308e-03  1.22097854e-02  4.54502354e-03 -4.40575948e-03
  2.39465022e-03  4.21454302e-03  3.16614069e-03  2.76811642e-03
  9.58770388e-04  1.76499110e-03 -3.74618492e-03  1.18476902e-03
 -9.72676923e-04  6.74484939e-04  8.15446614e-03  5.03645829e-04
 -3.89033278e-03 -1.22514718e-02  1.75533137e-03 -2.69131448e-03
 -4.16740496e-03  1.16765019e-02 -1.54031348e-02 -6.39642144e-05
  4.83155174e-03 -7.44572996e-03  1.40649728e-02  7.81946718e-03
 -1.24057962e-02  5.16887771e-04 -1.26654119e-02 -7.31026685e-03
  9.89792449e-01 -1.12318486e-01  1.19402656e+00  6.85643790e-01], Best Fitness: 2.320411958058669e-07
Generation 914: Best Individual: [ 1.78234394e-03  6.90990719e-03  4.71675140e-03 -4.88635004e-03
 -1.40713578e-02 -9.94799707e-03  7.64609255e-03 -2.66684659e-03
 -3.25918633e-05  1.67906647e-02 -1.45367846e-03  4.89748530e-03
  5.00735826e-03 -1.57690041e-02  1.01254928e-03  8.04188470e-03
  5.86069173e-03  7.62518460e-03 -6.17593932e-03  1.92852038e-03
 -1.31112031e-02  1.12986114e-03 -5.39293462e-03  4.28290901e-03
 -4.76451444e-04  1.20349689e-02 -1.26264374e-02  2.17770774e-03
 -7.18853300e-03  4.96423241e-03 -6.49328581e-03  2.52872382e-04
  2.32380525e-03  6.24604719e-04  1.05758106e-04 -7.89281977e-03
 -1.02786049e-02 -1.25803804e-03 -2.74817151e-03  4.85375827e-03
  2.86138596e-03  1.84316691e-03 -4.49326798e-03 -6.02763763e-03
 -8.49818369e-05  1.14770267e-02  7.66779893e-03  7.48241987e-03
 -1.21181559e-02 -8.44379333e-03 -1.15984736e-03 -1.36738704e-02
  6.13735488e-03  4.34611845e-03 -1.59866107e-03 -2.38640171e-02
 -1.52856510e-03 -3.57578309e-03  3.88425174e-03  1.54265296e-03
  8.08455452e-03  1.60193065e-03 -2.57537562e-03  6.42050761e-03
 -1.29403101e-03  2.95038496e-03  9.04907519e-03  2.89091840e-03
  4.33157553e-03 -3.47854825e-03  7.20181651e-03 -1.05930637e-02
  2.91126471e-03  8.93982354e-03  3.23583760e-04  4.43046849e-03
 -4.72290360e-04 -6.84650642e-03 -1.01249493e-02  6.55645055e-04
  2.34040008e-02  3.21315846e-03  7.20254693e-03 -3.39109118e-04
 -9.63035377e-03 -1.13528824e-02  7.80122854e-03  1.04108744e-03
 -1.57308871e-03  1.18607915e-02  4.53958393e-03 -8.09121753e-03
  9.03253090e-04  4.27231859e-03  3.15547971e-03  2.78927683e-03
  7.43958153e-04  1.80381921e-03 -4.10170075e-03  3.15448992e-03
 -9.98188301e-04  6.81340391e-04  8.25445485e-03  4.69884376e-04
 -3.52172290e-03 -1.22938165e-02  1.55298168e-03 -2.70476201e-03
 -3.90471234e-03  1.21337919e-02 -1.47695686e-02 -4.79746532e-04
  4.87496796e-03 -7.36949950e-03  1.36747562e-02  7.82458599e-03
 -1.24572145e-02  5.19402792e-04 -1.29106885e-02 -7.27815389e-03
  9.90068728e-01 -1.12199196e-01  1.19374972e+00  6.85581410e-01], Best Fitness: 2.3398998250526183e-07
Generation 932: Best Individual: [ 1.77644968e-03  7.32896446e-03  4.35564733e-03 -4.92894261e-03
 -1.37218654e-02 -1.04020733e-02  7.68121520e-03 -5.38449773e-03
  1.66185995e-04  1.70120926e-02  4.17230344e-03  4.93573131e-03
  5.14296202e-03 -1.57875305e-02 -1.88450929e-03  8.33078557e-03
  3.47656680e-03  7.73725400e-03 -6.35190042e-03  1.55337453e-03
 -1.30407120e-02 -6.07671285e-04 -5.19149259e-03  4.06514224e-03
  2.64002269e-03  1.18712055e-02 -1.78948110e-02  2.78836652e-03
 -8.08932887e-03  5.09523917e-03 -6.49118485e-03  6.36507857e-04
  4.29958664e-03  6.80183230e-04 -2.13947787e-04 -7.81333988e-03
 -7.92454192e-03 -1.51489413e-03 -2.08184764e-03  8.15989538e-03
  2.99645743e-03  1.61903772e-03 -4.53309039e-03 -7.21771637e-03
 -1.89558206e-04  1.10871302e-02  7.18675588e-03  7.28420595e-03
 -1.02092905e-02 -8.47374076e-03 -1.32342831e-03 -1.47075515e-02
  6.63677694e-03  3.86128971e-03 -1.48296627e-03 -2.22244532e-02
 -7.73182973e-04 -3.49587799e-03  1.21009423e-03  2.86524280e-03
  7.80939655e-03  5.00886889e-04 -2.84807106e-03  6.35840908e-03
 -1.71984144e-03  2.24755320e-03  9.27526304e-03  2.72268432e-03
  4.56333335e-03 -4.74361027e-03  6.16060507e-03 -1.05122995e-02
  3.52779273e-03  9.16143909e-03 -9.75081145e-04  4.44716681e-03
 -6.82631523e-04 -6.74925250e-03 -1.03921371e-02  8.16139611e-04
  2.29998619e-02  3.48350926e-03  7.18979264e-03 -1.19513609e-03
 -1.02563930e-02 -9.57504249e-03  7.78347946e-03 -2.56908551e-03
 -2.03782697e-03  1.18281926e-02  4.42698849e-03 -6.34713324e-03
  3.88800732e-04  6.59994852e-03  3.20500093e-03  3.07206073e-03
 -3.15318098e-05  1.85839005e-03 -4.23960401e-03  5.27699948e-03
 -1.03121304e-03  1.76481266e-03  8.54162713e-03  6.84802287e-04
 -3.41750179e-03 -1.29796927e-02  1.57738585e-03 -2.69567516e-03
 -3.01713996e-03  1.18861557e-02 -1.42887889e-02 -6.15757165e-04
  4.02225989e-03 -7.37474260e-03  1.29140248e-02  8.02913638e-03
 -9.74139633e-03 -1.56872538e-03 -1.29821850e-02 -6.86003789e-03
  9.92962008e-01 -1.12402653e-01  1.19374541e+00  6.85508139e-01], Best Fitness: 2.3841756640501801e-07
Generation 934: Best Individual: [ 1.73349749e-03  1.10004627e-02  4.17426342e-03 -4.66412248e-03
 -1.29072558e-02 -1.12635637e-02  7.77578142e-03  2.46494017e-03
  2.01091825e-04  1.74137886e-02 -1.67727953e-03  4.79533185e-03
  5.22407811e-03 -1.54514587e-02  5.63967685e-04  8.20817948e-03
  1.73202965e-03  8.07125654e-03 -6.36012414e-03  1.83760425e-03
 -1.31316103e-02  1.27488826e-03 -5.18619349e-03  3.25285999e-03
  3.50292484e-03  1.14520573e-02 -1.30332716e-02  3.07482425e-03
 -7.75748587e-03  5.94192398e-03 -5.68538485e-03  1.42393582e-03
  3.31021715e-03  6.43908801e-04  1.29017743e-03 -7.86156413e-03
 -9.39455344e-03 -1.47376859e-03 -2.20937327e-03  4.36779050e-03
  3.07991827e-03  1.27365155e-03 -4.88320913e-03 -5.98696013e-03
  1.83749364e-03  1.11082295e-02  7.45057495e-03  7.09182769e-03
 -9.81699517e-03 -8.70083709e-03 -1.22266695e-03 -1.48643850e-02
  7.15276954e-03  3.90226443e-03 -1.31424203e-03 -2.07400033e-02
 -5.46361576e-04 -3.64765205e-03  2.72254175e-03  3.13452335e-03
  7.56340589e-03  1.79772870e-03 -2.66378410e-03  6.28710705e-03
 -1.81836997e-03  2.26942122e-03  9.23583589e-03  2.65979066e-03
  3.44444902e-03 -3.42603399e-03  6.97381701e-03 -1.00730299e-02
  3.68821844e-03  8.91841025e-03 -8.00185884e-03  9.93104115e-03
 -9.56960396e-04 -7.48001637e-03 -1.07381530e-02  5.97121300e-04
  2.31296052e-02  3.16059861e-03  7.29662018e-03 -3.46132273e-04
 -1.04075675e-02 -8.36782086e-03  7.63989611e-03  2.28997126e-04
 -2.50193871e-03  1.20241523e-02  2.96115342e-03 -4.77388826e-03
  4.10786199e-04  4.89839127e-03  2.90866369e-03  3.40354042e-03
 -1.48175344e-03 -7.40246287e-04 -4.30937701e-03  6.58368687e-03
 -1.18390395e-03  1.86699930e-03  8.37962762e-03  8.41983504e-04
 -3.29276857e-03 -1.29027215e-02  1.50527541e-03 -5.67040825e-03
 -3.34063676e-03  1.18946239e-02 -1.67024598e-02 -7.87769459e-04
  4.10967020e-03 -9.13655634e-03  1.26104786e-02  7.53170695e-03
 -1.27638168e-02  6.09307339e-04 -1.31821580e-02 -6.46146763e-03
  9.94390311e-01 -1.12039246e-01  1.19422771e+00  6.85596612e-01], Best Fitness: 2.3927403390622225e-07
Generation 938: Best Individual: [-8.11732614e-03  1.08368368e-02  4.30201086e-03 -4.65864285e-03
 -1.30238704e-02 -1.09456104e-02  7.78295683e-03  1.88972442e-03
  2.39492026e-04  1.70666056e-02 -1.66274065e-03  4.80699644e-03
  6.04080079e-03 -1.54716495e-02  5.87532362e-04  8.62299393e-03
  1.73077149e-03  7.97134944e-03 -6.79109940e-03  1.75991436e-03
 -1.31111450e-02  1.26853673e-03 -5.20510370e-03  3.40753167e-03
  3.74699890e-03  1.14574915e-02 -1.30803697e-02  3.04794558e-03
 -7.68150480e-03  5.87515192e-03 -5.70835015e-03  1.28641902e-03
  3.42435596e-03  6.47281090e-04  1.58001929e-04 -7.02649107e-03
 -9.38751343e-03 -1.47346760e-03 -1.03171934e-02  4.26988590e-03
  3.07193242e-03  1.29122925e-03 -4.69674398e-03 -6.06392074e-03
  1.87029915e-03  1.11558081e-02  7.48766669e-03  7.09396549e-03
 -9.81592678e-03 -8.70142636e-03 -1.18605954e-03 -1.46152419e-02
  7.05516835e-03  3.90039173e-03 -2.43791477e-03 -2.07396426e-02
 -6.87069188e-04 -3.64722477e-03  2.72087923e-03  3.11717949e-03
  7.60757857e-03  1.97480425e-03 -2.72335303e-03  6.29421610e-03
 -1.81863473e-03  2.37918885e-03  9.37771501e-03  2.69738298e-03
  3.53399910e-03 -3.48612829e-03  6.98593013e-03 -9.57868461e-03
  3.76201691e-03  8.88454005e-03 -7.84001767e-03  8.56787419e-03
 -9.68689775e-04 -7.48255807e-03 -1.05368581e-02  1.73536438e-04
  2.31764216e-02  5.03685004e-03  7.32212000e-03 -1.25359604e-04
 -1.01376642e-02 -8.62302932e-03  7.64438181e-03  1.79851130e-04
 -2.48906667e-03  1.22465113e-02  2.99334449e-03 -4.77848091e-03
  4.64932217e-04  4.87114633e-03  2.87891130e-03  3.39352960e-03
 -1.10505088e-03 -6.51119423e-04 -4.27942359e-03  5.89143875e-03
 -1.20603303e-03  1.87733651e-03  8.07531658e-03  1.24541972e-03
 -2.87314253e-03 -1.28391743e-02  1.51580162e-03 -5.07041462e-03
 -3.22475540e-03  1.19099183e-02 -1.60367023e-02 -7.87536973e-04
  4.25605316e-03 -8.93781185e-03  1.27053302e-02  7.53880228e-03
 -1.27826423e-02  6.04193758e-04 -1.31557351e-02 -6.27480043e-03
  9.94434209e-01 -1.12065379e-01  1.19433019e+00  6.85908293e-01], Best Fitness: 2.4354248257105476e-07
Generation 956: Best Individual: [ 1.17269832e-03  8.69968242e-03  4.20632144e-03 -4.96671970e-03
 -1.34526704e-02 -9.84779080e-03  8.75335787e-03 -2.08461154e-03
  2.64328530e-04  1.68852812e-02 -1.43558558e-03  4.99892846e-03
  5.22414638e-03 -1.54483721e-02  3.93188443e-04  8.22016283e-03
  1.69790652e-03  7.78700600e-03 -6.80687842e-03  2.49941777e-03
 -2.00402406e-02  1.40329394e-05 -4.97757273e-03  3.80142749e-03
  3.89753212e-03  1.12609919e-02 -1.27318614e-02  3.04865667e-03
 -7.75302650e-03  5.83655069e-03 -6.44747736e-03  1.26094521e-03
  4.87002660e-03  3.97460089e-04  4.03736834e-04 -1.36132783e-02
 -9.76769050e-03 -1.45515549e-03 -3.95276882e-03  4.48156898e-03
  3.37658159e-03  1.87694678e-03 -4.56116563e-03 -5.89654120e-03
  1.83208202e-03  1.14468569e-02  7.75529928e-03  7.42972658e-03
 -9.79626796e-03 -8.11673100e-03 -9.14899424e-04 -1.51252070e-02
  7.00015089e-03  3.93860452e-03 -1.98168039e-03 -2.20753316e-02
 -1.06782028e-03 -4.31299088e-03  2.73086874e-03  3.39275652e-03
  7.69476099e-03  1.93967326e-03 -4.49539903e-03  6.03049352e-03
 -2.28802644e-03  3.62351500e-03  1.00119739e-02  4.31771705e-03
  3.98377825e-03 -3.23552183e-03  6.93676834e-03 -9.31104396e-03
  3.78910761e-03  9.01124041e-03 -4.06785784e-03  1.17522478e-02
  2.69092472e-03 -7.75720960e-03 -1.19631488e-02  1.00303800e-03
  2.34755633e-02  4.41684040e-03  9.89640495e-03 -1.87363046e-04
 -1.07366310e-02 -9.21731842e-03  7.52830070e-03  1.24392532e-03
 -2.30730810e-03  1.23610272e-02  3.68410001e-03 -6.53076794e-03
  1.34597729e-02  5.34418021e-03  2.78064917e-03  3.06650379e-03
 -1.02402384e-03  5.32003033e-04 -4.56229700e-03  5.82982027e-03
 -9.24531674e-04  1.47787998e-03  8.21590265e-03  1.26647030e-03
 -2.99106184e-03 -1.27848811e-02  2.12572322e-03 -3.41315782e-03
 -3.68951298e-03  1.15882353e-02 -1.41291268e-02 -7.08825881e-04
  4.16579982e-03 -7.74460263e-03  1.11837596e-02  7.35692614e-03
 -1.25683405e-02  6.00760487e-05 -1.35158837e-02 -6.72540196e-03
  9.94590986e-01 -1.12756169e-01  1.19405729e+00  6.87187731e-01], Best Fitness: 2.4356808651782496e-07
Generation 957: Best Individual: [ 1.17269832e-03  8.69968242e-03  4.20632144e-03 -4.96671970e-03
 -1.34526704e-02 -9.84779080e-03  8.75335787e-03 -2.08461154e-03
  2.64328530e-04  1.68852812e-02 -1.43558558e-03  4.99892846e-03
  5.22414638e-03 -1.54483721e-02  3.93188443e-04  8.22016283e-03
  1.69790652e-03  7.78700600e-03 -6.80687842e-03  2.49941777e-03
 -2.00402406e-02  1.40329394e-05 -4.97757273e-03  3.80142749e-03
  3.89753212e-03  1.12609919e-02 -1.27318614e-02  3.04865667e-03
 -7.75302650e-03  5.83655069e-03 -6.44747736e-03  1.26094521e-03
  4.87002660e-03  3.97460089e-04  4.03736834e-04 -1.36132783e-02
 -9.76769050e-03 -1.45515549e-03 -3.95276882e-03  4.48156898e-03
  3.37658159e-03  1.87694678e-03 -4.56116563e-03 -5.89654120e-03
  1.83208202e-03  1.14468569e-02  7.75529928e-03  7.42972658e-03
 -9.79626796e-03 -8.11673100e-03 -9.14899424e-04 -1.51252070e-02
  7.00015089e-03  3.93860452e-03 -1.98168039e-03 -2.20753316e-02
 -1.06782028e-03 -4.31299088e-03  2.73086874e-03  3.39275652e-03
  7.69476099e-03  8.49522728e-03 -4.49539903e-03  6.03049352e-03
 -2.28802644e-03  3.62351500e-03  1.00119739e-02  4.31771705e-03
  3.98377825e-03 -3.23552183e-03  6.93676834e-03 -9.31104396e-03
  3.78910761e-03  9.01124041e-03 -4.06785784e-03  1.17522478e-02
  2.69092472e-03 -7.75720960e-03 -1.19631488e-02  1.00303800e-03
  2.34755633e-02  4.41684040e-03  9.89640495e-03 -1.87363046e-04
 -1.07366310e-02 -9.21731842e-03  7.52830070e-03  1.24392532e-03
 -2.30730810e-03  1.23610272e-02  3.68410001e-03 -6.53076794e-03
  1.34597729e-02  5.34418021e-03  2.78064917e-03  3.06650379e-03
 -1.02402384e-03  5.32003033e-04 -4.56229700e-03  5.82982027e-03
 -9.24531674e-04  1.47787998e-03  8.21590265e-03  1.26647030e-03
 -2.99106184e-03 -1.27848811e-02  2.12572322e-03 -3.41315782e-03
 -3.68951298e-03  1.15882353e-02 -1.41291268e-02 -7.08825881e-04
  4.16579982e-03 -7.74460263e-03  1.11837596e-02  7.35692614e-03
 -1.25683405e-02  6.00760487e-05 -1.70715505e-02 -6.72540196e-03
  9.94590986e-01 -1.12756169e-01  1.19405729e+00  6.87187731e-01], Best Fitness: 2.4422313917392424e-07
Generation 959: Best Individual: [-2.70879780e-03  9.83231001e-03  4.24876727e-03 -6.37659683e-03
 -1.36283797e-02 -1.00056725e-02  8.17408563e-03 -1.59318949e-03
  2.48128603e-04  1.69878175e-02 -1.28289058e-03  5.78550794e-03
  5.38140340e-03 -9.30402102e-03  5.37121797e-04  8.32225643e-03
  1.70069004e-03  7.86467305e-03 -6.80891496e-03  2.06374295e-03
 -1.68367933e-02  1.68775939e-04 -5.17174084e-03  1.21565092e-02
  3.68057893e-03  1.12748529e-02 -1.28860194e-02  3.00420084e-03
 -7.73497246e-03  5.83968991e-03 -6.07388167e-03  1.44346314e-03
  4.87239588e-03  6.30874643e-04  3.44015691e-04 -1.19736699e-02
 -9.66701427e-03 -1.38881853e-03 -5.19632467e-03  4.48075987e-03
  3.28856813e-03  1.75232013e-03 -4.55833215e-03 -5.88593294e-03
  2.09141898e-03  1.11530205e-02  7.75445081e-03  7.34496683e-03
 -9.78994791e-03 -8.52799149e-03 -9.17246686e-04 -1.49723182e-02
  6.94477298e-03  6.37387066e-03 -1.99536980e-03 -2.15968756e-02
 -9.99621574e-04 -4.39582402e-03  2.76267696e-03  2.92911279e-03
  7.85033914e-03  1.92191186e-03 -4.44105401e-03  5.98929559e-03
 -2.07013011e-03  3.61846293e-03  9.85929985e-03  3.82007303e-03
  3.56283224e-03 -3.25188552e-03  6.95044370e-03 -9.27157410e-03
  3.81096605e-03  9.00859226e-03 -5.59999968e-03  9.93426529e-03
  2.02250408e-03 -7.75262355e-03 -1.15076204e-02  1.00459248e-03
  2.32612751e-02  4.46399102e-03  9.69747162e-03 -3.24861081e-04
 -1.07104241e-02 -8.93424355e-03  8.38775650e-03  8.80253012e-04
 -2.37707465e-03  1.59392666e-02  3.61991120e-03 -6.10960950e-03
  1.29603577e-02  5.34379751e-03  2.76250417e-03  3.24287084e-03
 -9.10710551e-04  4.96584390e-04 -4.62213495e-03  5.82251481e-03
 -9.34425939e-04  1.51430806e-03  8.16030278e-03  1.34532752e-03
 -2.95127317e-03 -1.29050890e-02  7.75299175e-04 -3.42883248e-03
 -3.50000369e-03  1.15808132e-02 -1.42441674e-02 -7.09747819e-04
  4.11784478e-03 -7.74206688e-03  1.24191809e-02  7.40006806e-03
 -1.27330927e-02  3.43547249e-04 -1.50812602e-02 -5.87270100e-03
  9.94179999e-01 -1.12607109e-01  1.19407151e+00  6.86927938e-01], Best Fitness: 2.4503740434717676e-07
Generation 960: Best Individual: [-1.33260761e-04  8.93161161e-03  4.19839833e-03 -5.05257030e-03
 -1.35729516e-02 -9.95715856e-03  8.04925903e-03 -1.42324505e-03
  2.02336465e-04  1.68659582e-02 -1.35900421e-03  4.87694808e-03
  4.99053244e-03 -1.55791014e-02  9.07506979e-04  8.17315627e-03
  2.01033815e-03  7.59126217e-03 -6.84688170e-03  2.58252525e-03
 -1.30693391e-02  1.21303651e-03 -4.94578663e-03  3.78363431e-03
  3.44239825e-03  1.15348474e-02 -1.68096269e-02  4.85882928e-03
 -7.52864817e-03  5.97436404e-03 -6.08779635e-03  1.94839432e-03
  4.47863014e-03  8.40011063e-04  1.73299669e-04 -7.51099077e-03
 -9.70209962e-03 -7.38787409e-04 -4.60111642e-03  4.41451076e-03
  3.26547905e-03  1.93950611e-03 -4.68961777e-03 -5.89262797e-03
  1.51819609e-03  1.10728748e-02  8.37095173e-03  6.33004343e-03
 -9.69119508e-03 -8.56855669e-03  3.18659110e-04 -1.45856614e-02
  6.56787956e-03  3.71672612e-03 -3.12182564e-03 -2.07313239e-02
 -1.03190195e-03 -2.65593856e-03  3.28776822e-03  2.01526830e-03
  5.34106888e-03  1.92391710e-03 -3.37474664e-03  6.01267404e-03
 -2.02714872e-03  3.81877325e-03  9.99810296e-03  2.01914781e-03
  3.51701755e-03 -3.16432036e-03  6.65679960e-03 -9.13990641e-03
  3.77109628e-03  9.56550135e-03 -4.27471396e-03  8.20906566e-03
 -8.40910722e-04 -7.77510718e-03 -1.16450384e-02  7.96554440e-04
  2.33882227e-02  4.25063017e-03  7.96803059e-03 -1.99870621e-04
 -1.07626583e-02 -7.20288731e-03  8.34218969e-03  6.24867848e-04
 -8.20639517e-03  1.34259419e-02  3.18125553e-03 -5.50699808e-03
  2.61830259e-04  4.97118792e-03  2.82870834e-03  3.13238121e-03
 -5.79506016e-04  4.88268034e-04 -4.56850304e-03  5.91545426e-03
 -1.07055238e-03  1.43986026e-03  1.83692117e-03  7.80068570e-04
 -3.45896866e-03 -1.30441411e-02  1.57419228e-03 -3.85286270e-03
 -3.28896851e-03  1.12566873e-02 -2.22020295e-02 -3.88814956e-04
  3.68340202e-03 -8.00760319e-03  1.25992962e-02  7.43338301e-03
 -1.27593136e-02  2.28847429e-04 -1.37493155e-02 -7.74314215e-03
  9.96298037e-01 -1.12743953e-01  1.19381219e+00  6.86967861e-01], Best Fitness: 2.4716534546199767e-07
Generation 973: Best Individual: [-3.40822546e-04  1.08234141e-02  4.20284047e-03 -5.07744521e-03
 -1.35752556e-02 -9.72430464e-03  8.10774035e-03 -1.37732690e-03
  5.11747109e-05  1.70801824e-02 -1.22402429e-03  5.00107368e-03
  5.71255827e-03 -1.55660154e-02  8.58529435e-04  8.07959699e-03
  2.22296745e-03  7.53245684e-03 -7.08089337e-03  2.60140710e-03
 -1.31204982e-02  1.32521346e-03 -4.99767926e-03  5.90937522e-03
  3.44881175e-03  1.08031309e-02 -1.58528705e-02  4.11848312e-03
 -7.97798975e-03  6.08461617e-03 -6.07608354e-03  1.45993082e-03
  4.50251507e-03  1.08210034e-03  8.39644410e-03 -8.37450289e-03
 -9.67317955e-03 -2.31380053e-03 -4.63477306e-03  4.49076623e-03
  3.22810928e-03  3.15848744e-03 -4.69217312e-03 -5.49017653e-03
  1.54336186e-03  1.10520450e-02  8.48438321e-03  6.76779746e-03
 -9.76501725e-03 -8.52907121e-03 -6.20495506e-04 -1.47080163e-02
  6.64515795e-03  3.84469656e-03 -2.46089770e-03 -2.04150835e-02
 -1.12814364e-03 -3.47459951e-03  3.38398588e-03  2.18439636e-03
  6.85758785e-03  1.99322817e-03 -3.46271889e-03 -2.54327678e-03
 -1.98401767e-03  4.03810721e-03  9.74942945e-03  2.19839473e-03
  3.44031186e-03 -3.41582306e-03  6.86972844e-03 -9.02935499e-03
  3.91948810e-03  9.45078261e-03 -5.68190097e-03  7.38497686e-03
 -2.36123549e-04 -7.67579772e-03 -1.13238515e-02  9.04785007e-04
  2.34572662e-02  3.75669847e-03  8.21272884e-03 -9.15063427e-03
 -9.99345662e-03 -9.44947465e-03  8.18549544e-03  6.05894527e-04
 -4.37486143e-03  1.36090112e-02  3.22818409e-03 -5.60239157e-03
  1.53840600e-03  5.05197822e-03  2.90892833e-03  2.61127234e-03
 -6.28977678e-04  5.45883947e-04 -4.56647506e-03  6.08824374e-03
 -1.14937903e-03  8.72024093e-04  4.61572109e-03  8.29555026e-04
 -5.38345412e-03 -1.29149891e-02  1.57378358e-03 -3.42883947e-03
 -3.28236913e-03  1.15814330e-02 -2.10875671e-02 -3.58363578e-04
  3.76571775e-03 -8.01101931e-03  1.37490911e-02  7.08979835e-03
 -1.28006450e-02  2.01670122e-04 -1.41901095e-02 -6.38055894e-03
  9.96999093e-01 -1.12668088e-01  1.19389318e+00  6.87044232e-01], Best Fitness: 2.5479397836212993e-07
Generation 980: Best Individual: [-1.96458829e-03  9.88748634e-03  4.48052488e-03 -5.15262703e-03
 -1.33687057e-02 -9.55903881e-03  8.08881624e-03  7.63453401e-03
 -1.22612813e-04  1.52427344e-02 -1.23554236e-03  5.16700676e-03
  5.32233007e-03 -1.53766171e-02  7.21948305e-04  8.24385947e-03
  2.18394399e-03  8.02341752e-03 -7.02068551e-03  3.09349172e-03
 -1.40000332e-02  6.13878881e-04 -4.65029756e-03  5.28928800e-03
  5.32039469e-03  1.07091968e-02 -1.30138243e-02  3.63871457e-03
 -7.88377016e-03  6.61900019e-03 -6.01165861e-03  1.93690550e-03
  5.17208767e-03  1.61197288e-03  5.97809614e-04 -8.66212708e-03
 -9.65089699e-03 -1.51136449e-03 -5.40026268e-03  4.43305727e-03
  3.46670293e-03  8.51271910e-03 -4.39326132e-03 -5.77257634e-03
  2.42383697e-03  1.13585171e-02  8.68494244e-03  7.59399266e-03
 -9.95664356e-03 -8.10440260e-03 -5.85824365e-03 -1.50603017e-02
  7.64918058e-03  4.17512175e-03 -2.23072364e-03 -2.04798084e-02
 -1.11716307e-03 -3.46314569e-03  3.12952419e-03  1.51484342e-03
  7.17318294e-03  9.08992329e-04 -3.60202512e-03  4.13962677e-03
 -1.55571248e-03  4.32845443e-03  9.67451757e-03  3.32718646e-03
  3.30788623e-03 -3.50993496e-03  6.68187538e-03 -8.57156468e-03
  3.73206321e-03  8.59342961e-03 -5.13443928e-03  7.08005899e-03
 -8.83841586e-04 -7.98514640e-03 -1.11377292e-02  8.78153457e-04
  2.35201993e-02  3.85354963e-03  8.24168039e-03 -4.21317299e-03
 -1.06222429e-02 -8.11169212e-03  7.72475746e-03  9.04984075e-04
 -2.99018210e-03  1.38486306e-02  3.51385580e-03 -5.54589015e-03
  2.97240477e-03  4.87091602e-03  2.61397882e-03 -1.82767665e-03
 -7.11357227e-04  6.35595847e-04 -4.14822812e-03  6.92533118e-03
 -1.70895631e-03  1.18346167e-03  7.07178690e-03  1.50406444e-03
 -3.58537909e-03 -1.30872536e-02  9.89167210e-04 -3.47978370e-03
 -3.30838137e-03  1.18453305e-02 -2.07602417e-02 -6.24661503e-04
  5.04340363e-03 -8.02071396e-03  1.28142232e-02  6.20661130e-03
 -1.26601368e-02  4.20693678e-04 -1.45885828e-02 -5.68882245e-03
  9.97154891e-01 -1.09784603e-01  1.19394333e+00  6.86819628e-01], Best Fitness: 2.591294921628328e-07
Generation 981: Best Individual: [-1.56194961e-03  9.90952392e-03  4.37169412e-03 -5.15168910e-03
 -1.34361915e-02 -9.62445724e-03  7.97996685e-03  2.38151303e-03
  2.89251486e-05  1.55299388e-02 -1.70388329e-03  5.13138005e-03
  5.24672786e-03 -1.54296453e-02  1.18088696e-03  8.19901129e-03
  2.32324363e-03  7.94784505e-03 -6.51955805e-03  4.27316948e-03
 -1.41613718e-02  5.71395824e-04 -4.63494705e-03  5.02880578e-03
  5.15149069e-03  1.10094789e-02 -1.37940577e-02  3.63889559e-03
 -7.79570632e-03  6.07459997e-03 -5.99314175e-03  1.12989129e-03
  5.54281947e-03  1.40075771e-03  8.53887351e-04 -8.70941103e-03
 -9.76431975e-03 -1.66460040e-03 -5.13812502e-03  4.43568908e-03
  2.82356457e-03  8.29709910e-03 -4.38910534e-03 -7.10430599e-03
  1.61734661e-03  1.10991218e-02  8.75803951e-03  6.69030597e-03
 -1.01366365e-02 -8.10478097e-03 -3.30776642e-03 -1.51264252e-02
  6.94971634e-03  4.19940836e-03 -2.20436185e-03 -2.00980738e-02
 -1.15693803e-03 -3.42705729e-03  3.16601841e-03  1.96956030e-03
  7.22851274e-03  1.34909757e-03 -3.60929042e-03  4.59306629e-03
 -5.35917752e-03  4.19729305e-03  9.91075433e-03  3.21874225e-03
  3.30643970e-03 -3.53327448e-03  6.87601098e-03 -8.63138413e-03
  3.87727610e-03  7.90936054e-03 -5.14120089e-03  7.23453204e-03
  6.74045351e-04 -7.70593328e-03 -1.09711170e-02  8.11146437e-04
  2.34902443e-02  3.81263579e-03  8.24386410e-03 -3.52590444e-03
 -1.06048011e-02 -7.99614339e-03  7.79062125e-03  9.66257388e-04
 -3.22658731e-03  1.36747490e-02  3.27871458e-03 -5.56622124e-03
  2.14180618e-03  4.57348755e-03  2.75420309e-03  3.04165782e-03
 -6.80303789e-04  6.35337577e-04 -4.08462025e-03  6.87089389e-03
 -3.29980352e-03  8.71742036e-04  6.99997506e-03  1.49235485e-03
 -3.44598986e-03 -1.30242572e-02  1.09975424e-03 -3.30071566e-03
 -1.02930501e-03  1.19048648e-02 -1.95316631e-02 -5.90839205e-04
  4.94327660e-03 -8.02066573e-03  1.27307928e-02  6.47075842e-03
 -1.26072505e-02  8.43005341e-04 -1.45197655e-02 -6.09812632e-03
  9.90622557e-01 -1.10290044e-01  1.19395424e+00  6.86873941e-01], Best Fitness: 2.5923224779574904e-07
Generation 986: Best Individual: [-5.10719217e-03  9.84559407e-03  4.35270108e-03 -5.15251325e-03
 -1.39088531e-02 -9.76675294e-03  7.95290708e-03  1.16176544e-03
  5.36058829e-06  1.58938784e-02 -1.68366978e-03  1.41298706e-02
  5.24351847e-03 -1.55766451e-02  9.75918550e-04  8.21952210e-03
  1.76228550e-03  7.93007243e-03 -8.65723951e-03  4.02486827e-03
 -1.41344142e-02  7.05344274e-04 -4.59311021e-03  5.06654115e-03
  4.43993786e-03  1.09277338e-02 -1.35009224e-02  3.67064078e-03
 -7.80094186e-03  6.14425524e-03 -6.12110270e-03  1.16975641e-03
  5.20868942e-03  1.41547085e-03  1.12453776e-03 -8.57128226e-03
 -1.00229247e-02 -1.68847989e-03 -4.69311642e-03  4.42105478e-03
  3.22828588e-03  3.25617703e-03 -4.32205181e-03 -5.73742797e-03
  1.00522159e-03  1.09973178e-02  9.31166265e-03  6.92044521e-03
 -1.00908340e-02 -9.03660990e-03 -1.74855688e-03 -1.51165807e-02
  6.95634378e-03  4.49197993e-03 -2.08425673e-03 -2.00997406e-02
 -1.24549104e-03 -3.33600765e-03  3.63342266e-03  1.95534370e-03
  7.36014894e-03  2.44586854e-03 -3.58045163e-03  4.75158960e-03
 -2.51284492e-03  4.34126710e-03  9.94438568e-03  3.16644304e-03
  3.15425312e-03 -3.57332507e-03  7.15408019e-03 -1.78658093e-03
  3.91474285e-03  8.30507977e-03 -5.15515457e-03  7.20931134e-03
  5.07169550e-04 -7.70554056e-03 -1.03422720e-02  7.78915019e-04
  2.34847191e-02  5.31996701e-03  8.23909730e-03 -2.41241065e-03
 -1.06327477e-02 -7.29784110e-03  7.81062677e-03  8.74609141e-04
 -3.35797353e-03  1.38087774e-02  3.06378121e-03 -5.47559620e-03
  2.26284216e-03  4.55146726e-03  1.05273264e-03  3.52545511e-03
 -5.30225659e-04  6.63989644e-04 -3.37671229e-03  6.58589246e-03
 -2.13909367e-03 -2.18224081e-03  7.26936369e-03  1.32871291e-03
 -3.43615320e-03 -1.31782119e-02  2.13909242e-03 -3.27375899e-03
 -1.67344118e-03  1.19655077e-02 -1.84059530e-02 -6.43881974e-04
  4.87010031e-03 -8.34245167e-03  1.26654975e-02  6.44283958e-03
 -1.24269617e-02  9.83548133e-04 -1.45036949e-02 -6.41574463e-03
  9.92378407e-01 -1.11674338e-01  1.19346428e+00  6.86895308e-01], Best Fitness: 2.598742312253046e-07
Generation 990: Best Individual: [-4.28451451e-03  9.94168407e-03  4.34836446e-03 -5.20357957e-03
 -1.39145594e-02 -9.77363912e-03  7.96267071e-03  1.13939138e-03
  1.25179622e-04  1.61206287e-02 -1.39302899e-03  2.19211506e-02
  5.24210592e-03 -1.55779852e-02  9.74876625e-04  8.27750839e-03
  1.92676857e-03  7.93078205e-03 -8.47161302e-03  3.98359615e-03
 -1.39834965e-02  6.81973779e-04 -4.54643875e-03  5.08431879e-03
  3.74252624e-03  1.09120722e-02 -1.35016758e-02  3.69024556e-03
 -7.75666638e-03  6.07006977e-03 -6.13812100e-03  1.17185434e-03
  5.20813549e-03  1.45661857e-03  1.04481145e-03 -8.40692793e-03
 -1.00201370e-02 -1.66434443e-03 -4.69008753e-03  4.41718298e-03
  3.52208996e-03  3.25590751e-03 -4.27609024e-03 -5.74283995e-03
  1.19917424e-03  1.09693118e-02  9.26127234e-03  7.07979146e-03
 -9.93762711e-03 -8.92817441e-03 -3.24616451e-03 -1.50957715e-02
  6.93620805e-03  4.38983390e-03 -2.09018943e-03 -2.01000282e-02
 -1.42198670e-03 -3.34699001e-03  3.70591260e-03  2.03037197e-03
  7.36022689e-03  3.13793396e-03 -3.61159595e-03  5.00072528e-03
 -2.50884999e-03  4.30741592e-03  9.88319768e-03  3.31265865e-03
 -1.77496494e-03 -3.56134483e-03  7.13480839e-03 -3.57766533e-03
  3.92382654e-03  8.26463914e-03 -5.42639674e-03  7.21202111e-03
  2.94334770e-04 -7.57880798e-03 -1.06578541e-02  7.16065716e-04
  2.35768764e-02  5.30455540e-03  7.87850616e-03 -2.05577560e-03
 -1.06319919e-02 -7.73173185e-03  7.81548024e-03  8.87976756e-04
 -3.55937018e-03  1.32222086e-02  2.99452759e-03 -5.75491600e-03
  2.16122639e-03  4.55845418e-03  1.09596958e-03  3.53751680e-03
 -4.73632501e-04  5.85114285e-04 -3.39076324e-03  6.64942641e-03
 -2.12587878e-03 -2.09907273e-03  7.23048196e-03  1.25059733e-03
 -3.43680938e-03 -1.31247920e-02  1.80490727e-03 -3.27625624e-03
 -2.15079816e-03  1.20582496e-02 -1.80888073e-02 -6.07299586e-04
  4.87354432e-03 -1.02887211e-02  1.26529795e-02  6.46728219e-03
 -1.47222364e-02  9.80018204e-04 -1.45433328e-02 -6.39064518e-03
  9.87599212e-01 -1.11793830e-01  1.19346416e+00  6.86841466e-01], Best Fitness: 2.6547924177257475e-07
Generation 992: Best Individual: [-4.14111673e-03  9.94761572e-03  4.35186905e-03 -5.31742524e-03
 -1.44906956e-02 -9.75022066e-03  8.01928885e-03  8.04868176e-04
  1.28115970e-04  1.61313697e-02 -1.20841556e-03  2.08871428e-02
  5.24216725e-03 -1.55478290e-02  1.00548333e-03  7.76287846e-03
  1.16574967e-03  7.92971328e-03 -8.46506687e-03  3.76150247e-03
 -1.37462655e-02  5.21732526e-04 -4.54612583e-03  1.35400607e-02
  3.73321909e-03  1.18940266e-02 -1.35041527e-02  3.86593931e-03
 -7.84665151e-03  6.06979857e-03 -3.88093738e-03  1.24192344e-03
  4.88515738e-03  1.50183224e-03  1.04477479e-03 -8.34950694e-03
 -1.00212107e-02 -1.67565569e-03 -6.43858700e-03  4.32062448e-03
  3.52246533e-03  3.27691030e-03 -4.27946610e-03 -5.74332586e-03
  1.24032877e-03  1.09351806e-02  9.29320389e-03  7.08390380e-03
 -9.97583988e-03 -8.39533142e-03 -2.13179541e-03 -1.50936527e-02
  6.86912624e-03  4.03125080e-03 -2.04718992e-03 -2.06909238e-02
 -1.37095483e-03 -3.41463617e-03  3.51577327e-03  2.05285230e-03
  7.29432664e-03  3.04049935e-03 -3.67797401e-03  4.90749349e-03
 -2.48261829e-03  4.07853278e-03  9.88908261e-03  3.36948093e-03
  6.03313550e-04 -3.55223781e-03  7.28997818e-03 -3.60181043e-03
  4.02214112e-03  8.25790540e-03 -5.44634228e-03  7.17122402e-03
  7.07079559e-03 -7.86904384e-03 -1.04714086e-02  5.15289027e-04
  2.38511773e-02  5.11204578e-03  8.15629251e-03 -2.05668095e-03
 -1.06400505e-02 -7.84741922e-03  7.95018356e-03  5.73294233e-04
 -3.56868592e-03  1.34449038e-02  3.00335291e-03 -5.69131671e-03
  2.10722174e-03  4.56412172e-03  1.11959496e-03  3.54097636e-03
 -4.73626827e-04  6.55660583e-04 -3.39856953e-03  6.67478316e-03
 -2.12591153e-03 -1.96486156e-03  7.31098943e-03  1.22611911e-03
 -3.20223507e-03 -1.32625621e-02  1.70184061e-03 -3.31289705e-03
 -2.57907937e-03  1.20582790e-02 -1.73457520e-02 -5.92027520e-04
 -1.03220622e-03 -1.02775888e-02  1.25640504e-02  6.54882173e-03
 -1.39445947e-02  9.90450804e-04 -1.45527022e-02 -6.37135124e-03
  9.87815990e-01 -1.12057845e-01  1.19347044e+00  6.86841589e-01], Best Fitness: 2.749000173257101e-07
Generation 1000: Best Individual: [-4.14111673e-03  9.94761572e-03  4.35186905e-03 -5.31742524e-03
 -1.44906956e-02 -9.75022066e-03  8.01928885e-03  8.04868176e-04
  1.28115970e-04  1.61313697e-02 -1.20841556e-03  2.08871428e-02
  5.24216725e-03 -1.55478290e-02  1.00548333e-03  7.76287846e-03
  1.16574967e-03  7.92971328e-03 -8.46506687e-03  3.76150247e-03
 -1.37462655e-02  5.21732526e-04 -4.54612583e-03  1.35400607e-02
  3.73321909e-03  1.18940266e-02 -1.35041527e-02  3.86593931e-03
 -7.84665151e-03  6.06979857e-03 -3.88093738e-03  1.24192344e-03
  4.88515738e-03  1.50183224e-03  1.04477479e-03 -8.34950694e-03
 -1.00212107e-02 -1.67565569e-03 -6.43858700e-03  4.32062448e-03
  3.52246533e-03  3.27691030e-03 -4.27946610e-03 -5.74332586e-03
  1.24032877e-03  1.09351806e-02  9.29320389e-03  7.08390380e-03
 -9.97583988e-03 -8.39533142e-03 -2.13179541e-03 -1.50936527e-02
  6.86912624e-03  4.03125080e-03 -2.04718992e-03 -2.06909238e-02
 -1.37095483e-03 -3.41463617e-03  3.51577327e-03  2.05285230e-03
  7.29432664e-03  3.04049935e-03 -3.67797401e-03  4.90749349e-03
 -2.48261829e-03  4.07853278e-03  9.88908261e-03  3.36948093e-03
  6.03313550e-04 -3.55223781e-03  7.28997818e-03 -3.60181043e-03
  4.02214112e-03  8.25790540e-03 -5.44634228e-03  7.17122402e-03
  7.07079559e-03 -7.86904384e-03 -1.04714086e-02  5.15289027e-04
  2.38511773e-02  5.11204578e-03  8.15629251e-03 -2.05668095e-03
 -1.06400505e-02 -7.84741922e-03  7.95018356e-03  5.73294233e-04
 -3.56868592e-03  1.34449038e-02  3.00335291e-03 -5.69131671e-03
  2.10722174e-03  4.56412172e-03  1.11959496e-03  3.54097636e-03
 -4.73626827e-04  6.55660583e-04 -3.39856953e-03  6.67478316e-03
 -2.12591153e-03 -1.96486156e-03  7.31098943e-03  1.22611911e-03
 -3.20223507e-03 -1.32625621e-02  1.70184061e-03 -3.31289705e-03
 -2.57907937e-03  1.20582790e-02 -1.73457520e-02 -5.92027520e-04
 -1.03220622e-03 -1.02775888e-02  1.25640504e-02  6.54882173e-03
 -1.39445947e-02  9.90450804e-04 -1.45527022e-02 -6.37135124e-03
  9.87815990e-01 -1.12057845e-01  1.19347044e+00  6.86841589e-01], Best Fitness: 2.749000173257101e-07
Overall Best Individual: [-4.14111673e-03  9.94761572e-03  4.35186905e-03 -5.31742524e-03
 -1.44906956e-02 -9.75022066e-03  8.01928885e-03  8.04868176e-04
  1.28115970e-04  1.61313697e-02 -1.20841556e-03  2.08871428e-02
  5.24216725e-03 -1.55478290e-02  1.00548333e-03  7.76287846e-03
  1.16574967e-03  7.92971328e-03 -8.46506687e-03  3.76150247e-03
 -1.37462655e-02  5.21732526e-04 -4.54612583e-03  1.35400607e-02
  3.73321909e-03  1.18940266e-02 -1.35041527e-02  3.86593931e-03
 -7.84665151e-03  6.06979857e-03 -3.88093738e-03  1.24192344e-03
  4.88515738e-03  1.50183224e-03  1.04477479e-03 -8.34950694e-03
 -1.00212107e-02 -1.67565569e-03 -6.43858700e-03  4.32062448e-03
  3.52246533e-03  3.27691030e-03 -4.27946610e-03 -5.74332586e-03
  1.24032877e-03  1.09351806e-02  9.29320389e-03  7.08390380e-03
 -9.97583988e-03 -8.39533142e-03 -2.13179541e-03 -1.50936527e-02
  6.86912624e-03  4.03125080e-03 -2.04718992e-03 -2.06909238e-02
 -1.37095483e-03 -3.41463617e-03  3.51577327e-03  2.05285230e-03
  7.29432664e-03  3.04049935e-03 -3.67797401e-03  4.90749349e-03
 -2.48261829e-03  4.07853278e-03  9.88908261e-03  3.36948093e-03
  6.03313550e-04 -3.55223781e-03  7.28997818e-03 -3.60181043e-03
  4.02214112e-03  8.25790540e-03 -5.44634228e-03  7.17122402e-03
  7.07079559e-03 -7.86904384e-03 -1.04714086e-02  5.15289027e-04
  2.38511773e-02  5.11204578e-03  8.15629251e-03 -2.05668095e-03
 -1.06400505e-02 -7.84741922e-03  7.95018356e-03  5.73294233e-04
 -3.56868592e-03  1.34449038e-02  3.00335291e-03 -5.69131671e-03
  2.10722174e-03  4.56412172e-03  1.11959496e-03  3.54097636e-03
 -4.73626827e-04  6.55660583e-04 -3.39856953e-03  6.67478316e-03
 -2.12591153e-03 -1.96486156e-03  7.31098943e-03  1.22611911e-03
 -3.20223507e-03 -1.32625621e-02  1.70184061e-03 -3.31289705e-03
 -2.57907937e-03  1.20582790e-02 -1.73457520e-02 -5.92027520e-04
 -1.03220622e-03 -1.02775888e-02  1.25640504e-02  6.54882173e-03
 -1.39445947e-02  9.90450804e-04 -1.45527022e-02 -6.37135124e-03
  9.87815990e-01 -1.12057845e-01  1.19347044e+00  6.86841589e-01], Overall Best Fitness: 2.749000173257101e-07
