Frequency Power
9.337618594787881754e-02 2.294080244175923655e-01
2.490031625276768468e-01 9.456491351665904932e-02
3.268166508175758822e-01 4.968423892140920450e-02
3.890674414494950661e-01 4.827580385356527309e-02
4.513182320814143056e-01 1.476389209543817888e-02
5.135690227133334895e-01 6.453587732529433851e-02
6.536333016351517644e-01 5.095785915238990049e-02
7.470094875830305403e-01 5.516698580677036057e-02
9.026364641628286112e-01 1.498572841657562216e-01
9.960126501107073871e-01 9.263888640197485147e-01
1.089388836058586163e+00 1.249623840862864182e-01
1.260578510296364030e+00 4.733849047283464340e-02
1.369517393902222713e+00 4.651802923067130391e-02
1.447330882192121582e+00 1.024466349874679667e-02
1.509581672824040988e+00 4.458681222439232761e-02
1.571832463455960172e+00 6.905737307412406628e-03
1.634083254087879356e+00 3.979397078503977420e-02
1.758584835351717723e+00 4.711604934908120157e-02
1.914211811931515683e+00 5.500754216110073647e-02
2.007587997879394681e+00 7.501361552641661046e-01
2.100964183827273235e+00 8.424403935497314089e-02
2.272153858065051324e+00 3.123244427387089975e-02
2.334404648696970508e+00 2.596424332825790146e-02
2.458906229960808876e+00 7.558121743892629030e-03
2.521157020592728060e+00 1.701059754107077382e-02
2.645658601856566428e+00 1.181768245639867702e-02
2.754597485462425333e+00 2.216399908535515717e-02
2.879099066726263700e+00 7.343759847302215420e-03
2.925787159700202977e+00 2.586296458690811803e-02
3.019163345648081975e+00 2.462806132377304835e-01
3.096976833937980622e+00 1.312427195795167791e-02
3.159227624569899806e+00 7.076956177188340955e-03
3.205915717543839527e+00 1.855976421170867129e-03
3.268166508175758711e+00 1.172488391274206961e-02
3.330417298807677895e+00 1.822818586059210414e-03
3.392668089439597079e+00 1.429613499495181565e-02
3.454918880071516263e+00 8.933654162019574047e-03
3.517169670703435447e+00 1.527853330327213176e-02
3.579420461335354631e+00 1.235158314258017268e-02
3.657233949625253722e+00 1.160003402824154144e-02
3.719484740257172906e+00 8.241143827658869644e-03
3.781735530889092090e+00 3.998805896273441123e-03
3.828423623863031366e+00 3.898359235037848237e-03
3.906237112152930457e+00 1.953522054142964488e-03
3.968487902784849641e+00 1.784243085446682656e-02
4.046301391074749176e+00 2.174628251756473979e-02
4.108552181706667916e+00 6.927643839393086110e-03
4.186365669996567007e+00 5.553815034545870211e-04
4.233053762970506284e+00 2.445883077875501011e-03
4.310867251260405375e+00 7.852028406477180519e-03
4.373118041892325003e+00 5.587948341400699945e-03
4.435368832524243743e+00 3.961349767392329663e-03
4.513182320814142834e+00 5.243510407058109279e-03
4.575433111446062462e+00 1.124902041805520697e-02
4.637683902077981202e+00 4.183598951039487791e-03
4.699934692709900830e+00 5.822760617407648186e-03
4.777748180999799921e+00 4.093590416767741227e-03
4.839998971631718661e+00 2.837669193711271978e-03
4.902249762263638289e+00 9.789514090097196225e-03
5.011188645869496305e+00 2.916156465039835416e-02
5.104564831817375747e+00 1.089836510280923175e-02
5.229066413081214115e+00 1.240290304400431523e-03
5.306879901371113206e+00 4.521721791180284729e-03
5.415818784976971223e+00 2.412197734264357254e-03
5.555883063898789942e+00 4.502374053484138085e-03
5.618133854530708682e+00 2.948269039462770615e-03
5.695947342820607773e+00 2.525127224234431644e-03
5.773760831110506864e+00 2.388140475058888896e-03
6.022763993638183599e+00 3.808634786621446083e-02
6.116140179586062153e+00 1.162069496206949784e-02
6.193953667875961244e+00 2.516504349852483492e-03
6.365143342113739777e+00 5.325346306806634684e-03
6.474082225719597794e+00 1.603039373390253508e-03
6.551895714009496885e+00 3.805717405218236697e-03
6.629709202299395976e+00 5.972918034196079799e-03
6.691959992931315604e+00 3.884965031584649599e-03
6.769773481221214695e+00 7.217160193586488227e-03
6.956525853116971803e+00 1.151131174858949918e-02
7.034339341406870894e+00 2.569302200155064095e-02
7.127715527354749447e+00 3.685631133635690164e-03
7.205529015644648538e+00 2.431663090121431725e-03
7.298905201592527980e+00 6.684147778995736281e-04
7.392281387540406534e+00 4.936117560990509537e-03
7.470094875830305625e+00 1.803361105680533838e-03
7.547908364120204716e+00 2.050374831349406624e-03
7.610159154752123456e+00 4.241879476953524034e-03
7.687972643042022547e+00 6.316823242653317634e-03
7.765786131331921638e+00 6.457543171662786900e-03
7.905850410253739469e+00 3.917824809586640221e-03
7.968101200885659097e+00 1.331242527714752988e-02
8.061477386833537651e+00 1.807392618897876377e-02
8.139290875123437630e+00 4.424671740199294899e-03
8.217104363413335832e+00 3.444366628935171225e-03
8.326043247019194737e+00 5.507191152825810856e-03
8.388294037651114365e+00 3.462555299777608526e-03
8.466107525941012568e+00 6.240429937073509962e-04
8.528358316572932196e+00 1.825930619300490795e-03
8.606171804862830399e+00 4.781125150746219112e-03
8.683985293152730378e+00 4.478188806733955814e-03
8.761798781442628581e+00 2.053247169586778012e-03
8.839612269732528560e+00 1.097346679782113974e-03
8.901863060364446412e+00 3.865151965775524487e-03
8.979676548654346391e+00 7.992933502609902291e-03
9.057490036944244594e+00 6.082269635691290796e-03
9.135303525234144573e+00 6.021147606736777270e-03
9.213117013524042775e+00 4.586563725181565070e-03
9.337618594787882031e+00 6.387287489367079150e-03
9.399869385419801660e+00 3.587173062401107860e-04
9.462120176051719511e+00 1.685847988473075610e-03
9.524370966683639139e+00 3.865283914324267080e-03
9.602184454973539118e+00 6.763197071101596271e-03
9.664435245605456970e+00 3.115069621763417052e-03
9.773374129211315875e+00 1.931721326481580011e-04
9.851187617501215854e+00 1.575999566603570072e-03
9.913438408133133706e+00 1.338606922930950845e-03
1.000681459408101404e+01 7.769534398586405016e-03
1.011575347768687116e+01 5.489453843322144797e-03
1.020912966363475149e+01 3.545929256741206168e-03
1.036475664021454790e+01 3.895126119229729879e-03
1.045813282616242823e+01 4.211523897732048424e-03
1.052038361679434608e+01 3.689049516114813014e-03
1.062932250040020499e+01 5.454603747220540359e-03
1.072269868634808354e+01 1.549906712887893232e-03
1.078494947698000317e+01 1.800435080456546776e-03
1.086276296526990315e+01 1.780238074041046907e-03
1.098726454653374063e+01 1.217557194278754210e-02
1.108064073248161918e+01 1.478142358861138025e-02
1.117401691842949774e+01 4.229351883395137540e-03
1.128295580203535664e+01 3.976858124926124782e-03
1.139189468564121555e+01 1.046585759352243808e-02
1.154752166222101373e+01 1.034774757823012483e-03
1.164089784816889228e+01 5.271596853131843737e-03
1.171871133645879226e+01 1.691006026411271063e-03
1.179652482474869046e+01 2.419304996972290473e-03
1.188990101069656902e+01 2.447604911464850569e-03
1.199883989430242792e+01 9.100989932636683460e-03
1.207665338259232790e+01 1.843512747830366311e-02
1.217002956854020645e+01 4.076984314580228697e-03
1.232565654512000464e+01 5.135046386161056138e-03
1.238790733575192249e+01 9.398819844406462384e-03
1.246572082404182247e+01 3.405670163177480607e-03
1.255909700998970102e+01 3.113314611358539803e-04
1.263691049827959922e+01 3.931326396828106577e-03
1.271472398656949920e+01 2.306434793602355274e-03
1.279253747485939741e+01 1.515127631667977049e-03
1.288591366080727596e+01 3.653193299422827136e-03
1.301041524207111522e+01 2.081069605919447056e-03
1.308822873036101342e+01 1.078234738527771540e-02
1.316604221865091340e+01 4.081511399714841427e-03
1.325941840459879195e+01 1.130420813987369514e-03
1.333723189288869193e+01 5.636382461997998562e-03
1.339948268352060978e+01 5.817955487898370665e-03
1.347729617181050976e+01 3.335829504271874916e-03
1.353954696244242939e+01 6.345209592514253248e-04
1.361736045073232759e+01 9.970870282681901058e-04
1.371073663668020615e+01 5.540301566489652359e-04
1.380411282262808470e+01 4.371483017433172862e-04
1.388192631091798468e+01 4.359482405824210635e-03
1.395973979920788288e+01 3.725199132697761852e-03
1.408424138047172214e+01 2.338814655363127305e-03
1.414649217110363999e+01 2.780288140722909571e-03
1.420874296173555962e+01 2.260802200878447681e-03
1.433324454299939887e+01 2.765888590837747418e-03
1.441105803128929708e+01 1.525074474127213579e-03
1.447330882192121670e+01 2.809472349611249597e-03
1.453555961255313633e+01 9.371726387158006320e-04
1.459781040318505596e+01 5.194216349223212612e-04
1.466006119381697381e+01 3.143622905957835982e-04
1.473787468210687379e+01 2.144981267047169765e-03
1.478456277508081307e+01 2.945063239826380044e-03
1.489350165868667197e+01 6.877291551454932719e-03
1.497131514697657018e+01 1.028294997140940560e-02
1.508025403058242908e+01 2.059603005002289509e-03
1.520475561184626834e+01 1.421491504710880064e-03
1.531369449545212547e+01 3.094530025098145200e-03
1.539150798374202544e+01 1.873252213724811016e-03
1.546932147203192365e+01 2.535418392018729764e-03
1.553157226266384328e+01 3.304040823195658941e-04
1.560938575095374148e+01 2.221045054411497927e-03
1.571832463455960038e+01 5.007064642772274081e-03
1.579613812284950036e+01 4.856098462966734926e-03
1.588951430879737892e+01 9.302017929028311843e-03
1.598289049474525747e+01 1.226140116893431956e-02
1.609182937835111460e+01 5.333238261601593380e-03
1.618520556429899671e+01 1.439661431917594204e-03
1.623189365727293421e+01 8.487260894151127432e-04
1.632526984322081276e+01 6.430346188776295789e-03
1.640308333151071096e+01 4.241607073647117587e-03
1.660539840106444842e+01 4.551180267094634760e-03
1.671433728467030733e+01 7.511208613155243713e-03
1.680771347061818588e+01 3.244486567211040274e-03
1.690108965656606443e+01 6.672994942840616145e-03
1.699446584251394654e+01 5.793916029734611992e-03
1.708784202846182509e+01 4.964680867113581419e-03
1.716565551675172330e+01 3.768220695475848862e-03
1.724346900504162150e+01 4.457118754221288219e-03
1.733684519098950005e+01 7.366950485188606020e-03
1.743022137693737861e+01 4.758382659465165004e-03
1.760141105117515536e+01 3.834784345974128622e-03
1.771034993478101427e+01 6.114208683707508460e-03
1.781928881838687317e+01 9.918420766407865397e-04
1.789710230667677493e+01 2.350133908198203617e-03
1.799047849262465348e+01 1.067582835450335294e-03
1.808385467857253204e+01 2.315244582859574563e-03
1.816166816686243024e+01 5.769084864195224774e-03
1.825504435281030879e+01 1.093136189645761182e-02
1.834842053875818735e+01 6.258255345820283762e-03
1.844179672470606590e+01 4.906597662975291374e-03
1.861298639894384266e+01 1.106096423369789519e-03
1.869079988723374441e+01 3.518627058564625237e-03
1.876861337552364262e+01 1.683376406285425758e-03
1.883086416615556047e+01 1.410341551607683210e-03
1.890867765444546222e+01 4.826977429218210977e-04
1.915768081697313718e+01 6.480098775350977974e-03
1.925105700292101574e+01 1.399091766631754656e-02
1.935999588652687464e+01 3.948204091460509602e-03
1.945337207247475320e+01 3.485579694855739288e-03
1.954674825842263175e+01 8.509202229565053814e-04
1.968681253734445136e+01 2.473169408922982603e-03
1.978018872329232991e+01 4.663947175056908090e-03
1.988912760689818882e+01 1.947201533791408177e-03
1.995137839753010667e+01 9.033698826398958541e-04
2.006031728113596557e+01 1.756326632550524007e-03
2.013813076942586378e+01 4.335143339229222473e-03
2.026263235068970303e+01 7.950535053734001517e-03
2.037157123429556194e+01 1.116180999926167077e-03
2.044938472258546014e+01 1.807616001176423929e-03
2.062057439682324045e+01 2.623085552627370341e-03
2.074507597808707615e+01 5.240904189027998338e-03
2.088514025700889576e+01 2.605121369185791052e-03
2.096295374529879396e+01 2.001772084657872479e-03
2.105632993124667252e+01 1.363418069355517561e-03
2.113414341953657072e+01 1.675082258532409286e-03
2.130533309377435103e+01 1.964084550215471330e-03
2.144539737269616708e+01 1.213163266660547985e-03
2.158546165161798669e+01 5.366066159008719451e-03
2.172552593053980630e+01 7.374381540369986769e-03
2.180333941882970450e+01 1.475095109821845680e-03
2.188115290711960270e+01 2.334144138977239675e-03
2.197452909306748126e+01 2.770816315164878734e-03
2.206790527901535981e+01 5.580535714788363447e-04
2.219240686027919907e+01 7.978915856566291039e-04
2.234803383685899547e+01 7.712333662934687216e-04
2.241028462749091688e+01 1.056552229752432239e-03
2.247253541812283473e+01 1.014153883996298747e-03
2.258147430172869363e+01 5.030198602014355515e-03
2.272153858065051324e+01 8.260065272338242698e-03
2.287716555723030964e+01 1.739893529607263161e-03
2.300166713849414890e+01 2.392054293417562611e-03
2.307948062678404710e+01 9.506974419583864139e-05
2.317285681273192566e+01 2.444521086898309142e-03
2.326623299867980421e+01 3.414685449064635940e-03
2.339073457994364347e+01 1.106792772074457424e-03
2.348411076589152202e+01 1.085091881512909376e-03
2.357748695183940058e+01 2.978411912285680412e-03
2.371755123076122018e+01 6.374686888609450847e-03
2.385761550968303624e+01 1.300920016593921013e-03
2.393542899797293799e+01 3.914333032245126149e-04
2.402880518392081655e+01 1.250833983625174823e-03
2.416886946284263260e+01 4.163549032161806100e-03
2.426224564879051115e+01 4.674079175300862622e-03
2.435562183473839326e+01 8.538321020222665097e-04
2.446456071834424861e+01 1.219338266288264808e-03
2.460462499726606822e+01 2.136286998623499259e-03
2.471356388087192713e+01 3.424458362871758265e-03
2.485362815979374673e+01 1.091352340032325291e-03
2.497812974105758244e+01 1.743809252076798265e-03
2.505594322934748419e+01 2.856965518617368173e-03
2.516488211295334310e+01 5.353773238950207750e-03
2.525825829890122165e+01 2.782581303010800595e-03
2.535163448484910020e+01 7.144777454781240386e-04
2.546057336845495911e+01 1.254798260941793241e-03
2.560063764737677516e+01 2.530257910411438244e-03
2.572513922864061442e+01 6.531245981768807937e-04
2.578739001927253227e+01 1.224667038484124175e-04
2.589632890287839118e+01 1.595953311343479642e-03
2.597414239116828938e+01 4.974814656214959253e-03
2.606751857711617149e+01 4.519219567892351734e-03
2.616089476306405004e+01 5.349712623238930473e-03
2.623870825135394824e+01 8.073748660659444635e-04
2.637877253027576430e+01 1.232684760222637396e-03
2.661221299514546246e+01 2.928466979013028427e-03
2.669002648343536066e+01 1.697361356185117303e-03
2.678340266938323921e+01 8.478618018940370588e-04
2.689234155298909812e+01 1.591775388255985222e-03
2.698571773893697667e+01 5.008511744337379272e-03
2.707909392488485878e+01 3.556677047199004096e-03
2.717247011083273733e+01 4.370568699762228219e-03
2.731253438975455339e+01 4.910983023926281154e-04
2.737478518038647479e+01 9.082488370289552165e-04
2.745259866867637299e+01 4.787366562818495081e-04
2.757710024994021225e+01 2.529434687735992397e-03
2.768603913354607116e+01 3.647236229220732553e-03
2.777941531949394971e+01 7.984283933146785759e-04
2.791947959841576576e+01 1.122519639242001771e-03
2.799729308670566397e+01 3.736051644063131602e-03
2.809066927265354252e+01 3.212557563488364042e-03
2.819960815625940143e+01 6.075731251746232381e-03
2.829298434220727998e+01 1.430294980200708284e-03
2.838636052815516209e+01 2.307175336857534339e-04
2.846417401644506029e+01 1.183411524569193303e-03
2.857311290005091919e+01 8.269710090194062283e-04
2.869761448131475490e+01 3.168499311052274618e-03
2.882211606257859415e+01 4.946770861748382144e-04
2.893105494618445306e+01 1.275505883393154545e-03
2.900886843447435126e+01 3.406467444681425625e-03
2.910224462042222981e+01 2.038625722130611023e-03
2.919562080637011192e+01 4.457982026695055978e-03
2.928899699231799048e+01 1.098981863711375167e-03
2.935124778294990833e+01 3.509313124127468817e-05
2.946018666655576723e+01 2.295672998992565658e-03
2.953800015484566543e+01 8.829529631515413771e-04
2.960025094547758684e+01 1.372540531241583928e-03
2.970918982908344219e+01 2.317511881062398783e-03
2.981812871268930110e+01 7.970974996356776409e-04
2.995819299161112070e+01 1.812651331854677177e-03
3.002044378224303856e+01 2.350306445650224112e-03
3.009825727053294031e+01 9.696453744390113628e-04
3.020719615413879922e+01 1.487589535954095005e-03
3.028500964242869742e+01 9.314620457493361571e-04
3.044063661900849382e+01 2.418894464717295453e-03
3.053401280495637238e+01 2.418636191182149155e-03
3.061182629324627058e+01 1.405646747928127396e-03
3.073632787451010984e+01 1.838257950373261250e-03
3.082970406045798839e+01 1.869125183880805240e-03
3.087639215343192944e+01 1.587209320955533000e-03
3.095420564172182765e+01 3.686510953241969347e-03
3.103201913001172585e+01 3.517677382226211055e-03
3.112539531595960440e+01 1.041411529084438920e-03
3.126545959488142401e+01 1.449371623029647917e-03
3.135883578082930256e+01 2.365496997082642498e-03
3.145221196677718112e+01 1.277805660281981781e-03
3.154558815272505967e+01 3.503881849520136451e-03
3.160783894335698108e+01 9.278011577541242332e-04
3.173234052462081678e+01 2.239087260003268763e-03
3.182571671056869533e+01 1.765133980934765166e-03
3.187240480354263639e+01 1.621244153869408735e-03
3.196578098949051494e+01 4.713994003520202355e-03
3.204359447778041670e+01 4.424150595297302729e-03
3.215253336138627560e+01 1.248268022331109912e-03
3.226147224499213451e+01 2.395500066402654268e-03
3.235484843094000951e+01 3.761623387052175430e-03
3.254160080283576661e+01 3.033224097751390045e-03
3.272835317473152372e+01 1.524236446025105732e-03
3.283729205833738263e+01 7.407380047572632766e-04
3.288398015131132013e+01 9.516555940991491434e-04
3.297735633725920223e+01 4.013176245794697339e-03
3.305516982554910044e+01 3.799929468162217827e-03
3.316410870915495934e+01 1.691716891314721692e-03
3.324192219744485755e+01 2.341224786736229371e-03
3.335086108105071645e+01 3.817906856559523214e-03
3.344423726699859856e+01 9.288759244145620552e-04
3.353761345294647356e+01 1.347964756664161339e-03
3.364655233655233246e+01 6.020876548036903928e-04
3.378661661547415207e+01 8.611394815063506568e-04
3.389555549908001097e+01 2.647749214770459903e-04
3.398893168502789308e+01 1.945088514796175505e-03
3.408230787097576808e+01 2.534329582465071930e-03
3.417568405692365019e+01 1.982520082270263287e-03
3.434687373116142339e+01 1.635251666522036023e-03
3.445581261476728230e+01 2.645839373572487271e-03
3.462700228900506261e+01 1.216775476553463376e-03
3.472037847495293761e+01 1.695068993292378023e-04
3.479819196324283581e+01 8.869441084418254765e-04
3.487600545153274112e+01 2.155730082217777145e-04
3.493825624216465542e+01 2.813712435101056210e-04
3.501606973045455362e+01 1.391651713943110403e-03
3.509388321874445893e+01 2.090214953307039606e-03
3.518725940469233393e+01 1.720475792409505806e-03
3.526507289298223213e+01 3.737271774170085152e-04
3.534288638127213034e+01 6.890208256038217851e-04
3.545182526487798924e+01 4.006801158537871138e-03
3.554520145082587135e+01 9.650311557546292296e-04
3.562301493911576955e+01 4.932975543447138669e-04
3.573195382272162846e+01 7.059254060789466609e-04
3.582533000866950346e+01 5.467033066150683504e-04
3.590314349695940876e+01 2.964918416922861992e-04
3.596539428759132306e+01 5.268868118237072812e-04
3.604320777588122127e+01 4.452907232272356277e-04
3.610545856651314267e+01 6.107796844869811887e-04
3.626108554309293908e+01 1.791605615785929560e-03
3.635446172904082118e+01 7.671651960021114505e-04
3.646340061264668009e+01 1.668416435972313195e-03
3.655677679859455509e+01 1.808274449605062721e-03
3.674352917049031220e+01 1.141526219687896476e-03
3.683690535643819430e+01 2.372152336288570760e-04
3.689915614707011571e+01 8.819031283937039424e-04
3.697696963536001391e+01 8.481764984051745181e-04
3.703922042599192821e+01 8.056608791826298365e-04
3.711703391428183352e+01 7.078662682521740836e-04
3.725709819320364602e+01 3.629174955519029119e-03
3.735047437915152813e+01 3.163216108399847203e-03
3.747497596041536383e+01 1.043389894585397114e-03
3.756835214636324594e+01 3.480058344018214372e-03
3.767729102996910484e+01 5.244004640747146990e-04
3.777066721591697984e+01 1.302889722724158081e-03
3.784848070420687804e+01 7.803156816790603797e-04
3.792629419249677625e+01 1.743931759227715416e-03
3.800410768078668156e+01 1.835298398717200062e-04
3.808192116907657976e+01 7.068598196096300594e-04
3.825311084331435296e+01 1.294218974278530873e-03
3.834648702926223507e+01 2.302163125643528433e-03
3.843986321521011007e+01 6.224199694975879283e-04
3.856436479647395288e+01 1.933535929362577028e-03
3.867330368007981178e+01 6.981089261984196274e-04
3.876667986602768678e+01 1.203766653336150365e-03
3.884449335431758499e+01 1.254527984242571849e-03
3.892230684260749030e+01 2.082495349168240507e-03
3.907793381918728670e+01 1.256759305301941368e-03
3.917131000513516170e+01 2.586446522256322122e-04
3.923356079576708311e+01 5.792720458582345066e-05
3.928024888874102061e+01 4.199638949453206815e-05
3.935806237703091881e+01 1.503087803120321505e-03
3.945143856297880092e+01 9.004154665843462505e-04
3.959150284190062052e+01 1.414163983533958018e-03
3.966931633019051873e+01 3.359316793671018875e-04
3.977825521379637763e+01 6.778801761952208023e-04
3.985606870208627583e+01 1.409975096780022308e-03
3.998057028335011154e+01 1.222139842347385111e-03
4.004282107398203294e+01 1.440751535438117336e-03
4.024513614353576685e+01 1.104420797618976781e-03
4.035407502714162575e+01 7.162127329084843697e-04
4.047857660840546856e+01 4.085959648643242210e-04
4.060307818966930427e+01 1.256214677933179718e-03
4.068089167795920247e+01 5.975067342345811560e-04
4.077426786390708457e+01 6.102786456272595679e-04
4.086764404985495958e+01 1.206438373607137413e-03
4.097658293346081848e+01 1.530773844797353846e-03
4.103883372409273989e+01 1.220259339513109697e-03
4.124114879364648090e+01 3.351625202881265177e-03
4.136565037491031660e+01 9.650769187851256049e-04
4.142790116554223800e+01 1.148842269637227384e-04
4.149015195617415230e+01 2.907449832186888728e-04
4.155240274680607371e+01 3.908331385645744365e-05
4.161465353743799511e+01 1.159349228483011647e-03
4.167690432806990941e+01 1.871238101479917463e-03
4.180140590933375222e+01 8.918193767440455409e-04
4.187921939762365042e+01 1.032755997720123968e-03
4.195703288591354863e+01 1.660751051347067898e-03
4.223716144375718784e+01 3.380653825890907269e-03
4.236166302502102354e+01 4.838822450565582567e-04
4.242391381565294495e+01 2.209630015208222239e-04
4.248616460628485925e+01 2.323613431363520893e-04
4.254841539691678065e+01 9.957068284973771594e-05
4.268847967583860026e+01 2.796749747656630466e-03
4.281298125710243596e+01 5.687405629291559595e-04
4.287523204773435737e+01 8.735768328491673841e-04
4.295304553602425557e+01 2.080688149196059395e-03
4.309310981494607518e+01 4.017086759046075350e-04
4.317092330323597338e+01 4.339522498172373533e-04
4.324873679152587158e+01 1.929324184160453003e-03
4.335767567513173049e+01 2.806533473594288296e-04
4.343548916342162869e+01 6.752839184208590502e-04
4.349773995405355009e+01 5.620720868711291543e-04
4.357555344234344830e+01 4.615810767186184077e-04
4.368449232594930720e+01 3.128568172850361168e-03
4.382455660487112681e+01 5.526949177674537811e-04
4.396462088379294642e+01 3.214429323390557806e-03
4.408912246505678212e+01 1.281878839537986840e-03
4.416693595334668032e+01 5.020638306451098449e-04
4.424474944163657852e+01 5.090714874276566597e-04
4.430700023226849993e+01 2.391821140184033898e-04
4.443150181353233563e+01 8.809641598239310303e-04
4.450931530182223383e+01 1.572104230250604990e-03
4.458712879011213204e+01 2.085789129569577943e-03
4.469606767371799094e+01 2.354494463623070001e-03
4.482056925498183375e+01 4.227020615688531035e-04
4.496063353390365336e+01 3.751956036398772752e-03
4.505400971985152836e+01 1.155572059101425686e-03
4.520963669643132476e+01 6.837687136794636878e-04
4.527188748706324617e+01 6.412887096308840604e-04
4.536526367301112828e+01 1.757611472120623915e-04
4.542751446364304257e+01 1.085089711781039048e-04
4.552089064959092468e+01 7.806680954182408953e-04
4.561426683553879968e+01 1.887842085639012410e-03
4.570764302148668179e+01 4.385121869849497190e-04
4.578545650977657999e+01 2.530856988743813876e-05
4.584770730040850140e+01 1.144690980513905521e-04
4.589439539338243890e+01 1.522740398642264076e-04
4.597220888167233710e+01 1.814041255986957287e-03
4.605002236996223530e+01 1.087358436899636769e-03
4.614339855591011741e+01 3.038276584456854027e-04
4.622121204420001561e+01 1.033410709318359705e-03
4.634571362546385132e+01 1.592994984153771473e-04
4.640796441609577272e+01 7.443899895400845615e-05
4.647021520672769412e+01 3.731782864313104705e-04
4.653246599735960842e+01 1.884224463610327310e-03
4.661027948564950663e+01 2.966602732433970286e-03
4.671921836925536553e+01 4.328339631255438170e-04
4.679703185754527084e+01 8.493098977577442530e-04
4.687484534583516904e+01 1.069973727412100060e-03
4.696822153178304404e+01 1.711699622108031225e-03
4.704603502007294225e+01 2.348372331377947698e-03
4.712384850836284045e+01 1.109157508127579854e-04
4.717053660133678505e+01 1.183282468325522641e-04
4.724835008962668326e+01 5.946597456484597382e-04
4.731060088025859756e+01 6.534207273555433506e-04
4.741953976386445646e+01 2.530794761335674356e-04
4.748179055449637787e+01 3.054372461212828964e-04
4.754404134512829927e+01 1.630339720239851230e-03
4.763741753107617427e+01 1.524637971289024164e-03
4.779304450765597778e+01 9.796870489193983990e-04
4.787085799594587598e+01 1.403252461081850883e-03
4.797979687955173489e+01 1.036522886522075592e-03
4.805761036784163309e+01 1.924535389258176911e-03
4.811986115847354739e+01 2.209310283908619570e-04
4.818211194910546880e+01 3.178582886780641106e-04
4.824436273973739020e+01 7.831016858836600033e-04
4.832217622802728840e+01 5.724301832110221654e-04
4.841555241397516340e+01 7.272435788046057283e-04
4.849336590226506871e+01 1.277924605548120054e-03
4.855561669289698301e+01 2.906324214911471925e-03
4.863343018118688121e+01 1.827887031220169723e-03
4.868011827416082582e+01 2.150591438877052630e-03
4.875793176245072402e+01 8.807535944981321075e-04
4.882018255308263832e+01 1.666646419419909753e-03
4.889799604137254363e+01 1.692989294022858573e-03
4.899137222732041863e+01 2.145853322975971138e-03
4.906918571561031683e+01 3.187432457630857714e-03
4.914699920390021504e+01 3.606777580176690899e-04
4.919368729687415964e+01 2.135652526348196998e-04
4.925593808750607394e+01 2.291922795243040312e-03
4.934931427345395605e+01 1.666204461548299052e-03
4.948937855237577566e+01 9.441818965887402004e-04
4.961388013363961136e+01 1.469002484221757160e-03
4.969169362192950956e+01 1.173161983405861773e-03
4.978506980787739167e+01 1.434827669209756901e-03
4.989400869148325057e+01 1.432339668313246895e-03
4.998738487743112557e+01 2.707186066265944002e-03
5.006519836572102378e+01 2.942207495378677384e-03
5.014301185401092198e+01 4.833801402101470918e-04
5.026751343527476479e+01 3.545459234497882420e-03
5.036088962122263979e+01 2.525634810413849001e-03
5.046982850482849869e+01 5.003780523238161772e-04
5.062545548140830221e+01 1.627690087798698863e-03
5.070326896969820041e+01 9.490423916384673007e-04
5.078108245798809861e+01 1.988400549754828009e-03
5.087445864393597361e+01 8.213475764274380574e-04
5.098339752754183252e+01 1.850073492674659138e-03
5.107677371348971462e+01 3.137230065907968719e-03
5.117014989943758962e+01 1.285956175104555847e-03
5.127908878304344853e+01 1.950753019900271917e-03
5.137246496899133064e+01 1.975161284840727845e-03
5.148140385259718954e+01 7.829523090040432266e-04
5.157478003854506454e+01 9.966260509309042646e-04
5.165259352683496274e+01 7.111550073392062729e-04
5.173040701512486805e+01 5.682904941424956344e-04
5.180822050341476626e+01 2.282697590985558866e-03
5.188603399170466446e+01 1.450896446585654437e-03
5.197941017765253946e+01 6.389069276923480282e-04
5.208834906125839836e+01 1.568614544559287713e-03
5.218172524720628047e+01 2.137762706810215473e-03
5.233735222378607688e+01 8.661052120512247130e-04
5.247741650270789648e+01 4.643382397063117238e-04
5.258635538631375539e+01 1.844625597369049536e-03
5.267973157226163039e+01 6.619962217239476693e-04
5.274198236289355179e+01 6.770008728851947648e-04
5.281979585118345000e+01 1.636162602262729955e-03
5.288204664181537140e+01 1.421951103687406608e-03
5.295986013010526960e+01 2.026683286681211257e-04
5.302211092073719101e+01 4.284502815489306328e-05
5.309992440902708921e+01 1.019511984989090363e-03
5.319330059497496421e+01 3.512691686654961700e-03
5.333336487389678382e+01 2.211423918712841167e-03
5.342674105984466593e+01 3.552521878855382023e-04
5.350455454813456413e+01 5.821607827848015743e-04
5.361349343174042303e+01 2.848113123397132129e-03
5.369130692003032124e+01 2.152493098148480343e-03
5.376912040832021944e+01 9.646048750048511096e-04
5.389362198958405514e+01 1.911934696734614780e-03
5.401812357084789795e+01 6.629106464980757301e-04
5.418931324508567116e+01 1.773507895907218326e-03
5.426712673337556936e+01 1.452564945930364141e-03
5.434494022166547467e+01 1.580079358458813272e-03
5.445387910527133357e+01 8.734524160022921150e-04
5.451612989590324787e+01 6.173483914549996940e-04
5.460950608185112998e+01 1.907953608220323491e-03
5.470288226779900498e+01 3.045594711950984704e-03
5.478069575608890318e+01 1.833981197225636583e-03
5.488963463969476209e+01 1.632138934974260115e-03
5.502969891861658169e+01 1.233545279543997496e-03
5.513863780222244060e+01 9.767595413267004829e-04
5.520088859285436200e+01 1.292628606466803736e-03
5.527870208114426021e+01 2.056094865341667743e-03
5.535651556943415841e+01 1.352767558791552038e-03
5.544989175538204051e+01 2.713226931386831815e-03
5.554326794132991552e+01 1.279180903203153532e-03
5.563664412727779762e+01 1.386552539738703698e-03
5.571445761556769583e+01 4.504451272823118725e-03
5.579227110385759403e+01 2.825365564259095866e-03
5.591677268512142973e+01 9.980654544727708515e-04
5.597902347575335114e+01 2.605930180422350679e-04
5.604127426638527254e+01 9.224205045146315366e-04
5.608796235935921004e+01 6.883774102893682346e-04
5.616577584764910824e+01 1.282136202620728048e-03
5.624358933593900645e+01 1.531024654703250134e-03
5.635252821954486535e+01 2.445470862606567816e-04
5.646146710315072426e+01 2.114788682322127009e-03
5.653928059144062246e+01 1.341469066068217168e-03
5.663265677738850457e+01 5.211432155135580164e-04
5.671047026567840277e+01 3.546848769598395443e-03
5.680384645162627777e+01 2.924150138043166668e-03
5.691278533523213667e+01 7.944031126790873643e-04
5.697503612586405808e+01 6.401780179925570247e-04
5.703728691649597948e+01 9.384550951462341389e-04
5.708397500946991698e+01 9.496994470249807549e-04
5.716178849775981519e+01 1.019400764479945877e-03
5.723960198604971339e+01 2.625773287801070818e-03
5.731741547433961159e+01 2.470706237193429425e-04
5.747304245091941510e+01 1.601052820416798894e-03
5.755085593920931331e+01 5.171190850745566864e-04
5.761310672984122760e+01 3.655388990007853774e-04
5.772204561344708651e+01 1.388827346561258671e-03
5.779985910173698471e+01 9.603386215136937342e-04
5.793992338065880432e+01 4.273482258166174416e-04
5.803329956660668643e+01 2.360776139567036561e-04
5.815780114787052213e+01 3.791584305783448337e-04
5.823561463616042033e+01 1.553590617012681491e-03
5.834455351976627924e+01 1.438095611166207832e-04
5.846905510103012205e+01 1.356841404978207559e-03
5.854686858932002025e+01 3.757731386267673277e-04
5.860911937995193455e+01 9.296847950719300171e-04
5.873362096121577736e+01 7.245344186665762191e-04
5.879587175184769876e+01 4.214726251957534500e-04
5.884255984482163626e+01 4.908391503731220160e-04
5.892037333311153446e+01 4.013296833370773179e-04
5.902931221671739337e+01 6.673307888331221367e-04
5.915381379798122907e+01 9.929426553755651454e-04
5.923162728627112728e+01 1.340165824286086585e-03
5.935612886753497008e+01 6.514900772237749126e-04
5.949619314645678969e+01 8.571437117390397643e-04
5.955844393708870399e+01 1.137064560917135759e-04
5.962069472772062539e+01 1.046081288297276380e-03
5.977632170430042180e+01 1.434636525697477938e-03
5.990082328556426461e+01 4.388065094489913202e-05
5.994751137853820211e+01 1.930905886563249205e-04
6.002532486682810031e+01 2.560250360604767860e-03
6.011870105277597531e+01 2.350435419387444588e-03
6.024320263403981812e+01 2.037512217526163318e-03
6.036770421530365383e+01 2.852136318885064529e-03
6.049220579656749663e+01 1.361971803505877951e-03
6.055445658719941093e+01 3.739280715368238704e-04
6.063227007548930914e+01 3.119702493467618135e-03
6.077233435441112874e+01 1.983339596532066561e-03
6.102133751693880725e+01 2.543348352709765437e-03
6.111471370288668936e+01 2.440622966468367072e-03
6.125477798180850186e+01 1.067148589701087408e-03
6.136371686541436077e+01 2.230974459308939558e-03
6.150378114433618038e+01 4.208650776531642568e-04
6.155046923731011788e+01 9.432038350757052699e-05
6.162828272560001608e+01 2.567479273951047292e-03
6.169053351623193748e+01 1.096968051579469677e-03
6.178390970217981959e+01 2.288392520919210749e-03
6.186172319046971779e+01 1.019790305480937657e-03
6.203291286470749100e+01 2.313351371458222203e-03
6.212628905065537310e+01 3.441033597578355748e-03
6.220410253894527131e+01 1.285894999687470491e-03
6.226635332957719271e+01 8.946326735259134497e-04
6.237529221318305162e+01 1.553462463477973910e-03
6.245310570147294982e+01 3.755488602509545262e-04
6.251535649210487122e+01 6.713406193601549393e-04
6.256204458507880872e+01 3.676767741868062372e-04
6.263985807336870693e+01 2.389915078638557306e-03
6.270210886400062833e+01 2.064395956967375254e-03
6.277992235229052653e+01 3.793785326990945644e-03
6.285773584058042474e+01 5.236968844146734766e-04
6.291998663121234614e+01 4.357403773793933044e-04
6.302892551481820504e+01 1.565128930160778094e-03
6.312230170076608005e+01 1.540407922376050035e-03
6.323124058437193895e+01 1.002892988883211664e-03
6.337130486329375856e+01 8.473993334364284067e-04
6.343355565392567996e+01 1.048479439920534844e-03
6.351136914221557817e+01 1.497826342442179709e-03
6.357361993284749246e+01 1.110773197806933605e-03
6.363587072347941387e+01 1.696132573668229825e-03
6.369812151411133527e+01 1.850985257478560912e-03
6.377593500240123348e+01 2.478837394853799191e-03
6.385374849069113168e+01 2.808277161937546246e-04
6.390043658366506918e+01 1.691664555140541017e-04
6.396268737429699058e+01 1.413815702015651463e-03
6.407162625790284949e+01 1.206012443806874076e-03
6.414943974619274059e+01 9.606236245732915988e-04
6.421169053682466199e+01 1.970205217109336198e-03
6.428950402511456730e+01 8.980307278370945959e-04
6.436731751340445840e+01 1.309373457275148480e-03
6.442956830403637980e+01 1.396784489834163989e-03
6.450738179232628511e+01 9.058023368968549623e-04
6.458519528061617621e+01 6.241278745395967015e-04
6.469413416422203511e+01 4.677372175236123200e-04
6.478751035016992432e+01 9.782255936881289245e-04
6.486532383845981542e+01 3.796251998884218664e-04
6.495870002440769042e+01 2.117518449650292785e-03
6.506763890801354933e+01 4.953169459531952092e-04
6.520770318693537604e+01 2.345224379123622173e-03
6.528551667522526714e+01 4.916728508579406003e-04
6.536333016351517244e+01 7.072957509644903912e-04
6.544114365180507775e+01 1.115883982869261045e-03
6.551895714009496885e+01 8.684911968686203536e-04
6.559677062838487416e+01 1.284231255470213605e-03
6.570570951199073306e+01 6.541590992112518129e-04
6.578352300028062416e+01 1.053009456804892673e-03
6.586133648857052947e+01 4.081673446777859030e-04
6.598583806983435807e+01 1.310653917122528477e-03
6.611033965109820087e+01 7.418343179963870614e-04
6.620371583704607588e+01 1.476695237693807653e-03
6.629709202299396509e+01 3.344068330800618947e-04
6.639046820894184009e+01 1.000720752783788078e-03
6.653053248786365259e+01 2.488571744286862905e-04
6.660834597615355790e+01 4.515985080888380875e-04
6.676397295273335430e+01 1.316682524102923829e-03
6.684178644102325961e+01 1.117122238629594507e-03
6.699741341760305602e+01 2.715951336970467891e-03
6.710635230120891492e+01 1.185830212091334860e-03
6.721529118481477383e+01 1.444103441753799956e-03
6.729310467310466493e+01 5.901089610028650628e-04
6.737091816139457023e+01 4.968991917867178823e-04
6.747985704500042914e+01 1.116261647024141632e-03
6.760435862626425774e+01 1.069898457434719343e-03
6.772886020752810055e+01 2.189541517423616249e-03
6.783779909113395945e+01 1.618661126880476366e-03
6.802455146302972366e+01 2.062008871037343538e-03
6.813349034663558257e+01 1.963646222059902465e-03
6.833580541618931647e+01 2.493727264523315414e-04
6.842918160213719148e+01 1.369338847912386029e-03
6.858480857871698788e+01 6.568782657033351560e-04
6.872487285763881459e+01 1.199085102667748559e-03
6.884937443890264319e+01 2.439078749425755734e-03
6.902056411314042350e+01 3.379640859614342109e-03
6.911394029908829850e+01 2.430649360072093240e-03
6.920731648503618771e+01 1.949516343709771461e-04
6.926956727566810912e+01 6.724938090709176031e-04
6.933181806630001631e+01 1.358428514545704504e-03
6.942519425224790552e+01 6.209955681024775494e-04
6.951857043819578053e+01 1.319073120924686747e-03
6.961194662414365553e+01 1.736222015966835865e-03
6.972088550774951443e+01 1.212787308173934398e-03
6.984538708901335724e+01 4.659553180991884112e-03
6.993876327496123224e+01 6.455282523915296901e-04
7.001657676325113755e+01 1.509645684550398135e-03
7.014107834451496615e+01 1.817030817292024716e-03
7.021889183280487146e+01 8.805276624827080358e-06
7.028114262343679286e+01 3.579344981960604338e-04
7.035895611172668396e+01 2.149673803341365166e-03
7.042120690235860536e+01 1.142544964164193474e-03
7.049902039064851067e+01 5.668666590893482737e-04
7.054570848362244817e+01 4.942606187486725793e-04
7.067021006488629098e+01 2.857279273872312744e-03
7.084139973912405708e+01 3.218360676834043210e-03
7.102815211101982129e+01 1.852038168062232829e-03
7.112152829696769629e+01 2.512723660060850288e-03
7.119934178525760160e+01 3.280557864153910348e-04
7.127715527354749270e+01 1.135180002300660270e-03
7.137053145949538191e+01 4.420361353769017808e-03
7.143278225012728910e+01 1.626911021096432959e-03
7.155728383139113191e+01 2.200858826095115038e-03
7.165066001733900691e+01 6.860110062216038737e-03
7.186853778455072472e+01 3.493513960011983711e-03
7.196191397049861393e+01 2.518981182381347869e-03
7.210197824942042644e+01 6.292621834136458234e-04
7.224204252834223894e+01 6.959796984821151359e-04
7.235098141194809784e+01 2.663815162896338278e-03
7.244435759789598706e+01 5.942774473710896524e-04
7.255329648150184596e+01 6.585581717579083033e-04
7.266223536510770487e+01 3.517002110571086550e-03
7.286455043466143877e+01 2.380934899099369957e-03
7.295792662060931377e+01 1.521605280138882670e-03
7.312911629484709408e+01 5.343672342029651828e-04
7.322249248079496908e+01 2.511088807627142108e-03
7.333143136440082799e+01 2.308817685510173266e-03
7.347149564332265470e+01 1.624336930002940639e-03
7.359599722458648330e+01 5.193100562806984583e-04
7.367381071287638861e+01 2.468237365839274534e-03
7.372049880585032611e+01 1.952944044511525619e-03
7.379831229414023142e+01 5.795198914831852519e-04
7.390725117774609032e+01 1.960460496061575738e-03
7.398506466603598142e+01 3.428322537558245019e-03
7.406287815432588673e+01 3.879418605142155390e-04
7.423406782856366704e+01 1.129898459835913110e-03
7.435856940982749563e+01 2.578098177936526212e-03
7.445194559577537063e+01 1.354713106705673388e-03
7.454532178172325985e+01 2.848421426529847427e-04
7.463869796767113485e+01 1.275807119487549959e-03
7.473207415361900985e+01 2.148984586607533269e-04
7.477876224659294735e+01 9.798614099028378575e-05
7.490326382785679016e+01 1.573425213197794745e-03
7.499664001380466516e+01 2.562444384631730639e-03
7.512114159506850797e+01 2.784142901756899054e-03
7.524564317633235078e+01 1.476079600055254983e-03
7.535458205993820968e+01 3.260066843886733762e-03
7.543239554822810078e+01 6.808949978595837298e-04
7.549464633886002218e+01 1.856792794131325490e-03
7.555689712949194359e+01 2.204851812954551193e-03
7.563471061778184890e+01 4.912610690546340142e-03
7.569696140841375609e+01 3.041557737674971417e-04
7.575921219904567749e+01 1.093714407282569972e-04
7.582146298967759890e+01 6.594937501766283188e-04
7.593040187328345780e+01 9.894629992309512175e-04
7.600821536157336311e+01 4.381371442657923561e-03
7.610159154752123811e+01 4.458154168386819875e-03
7.633503201239093983e+01 1.037863210845709578e-03
7.649065898897073623e+01 2.576818413800574786e-03
7.655290977960265764e+01 1.987725044173997008e-03
7.663072326789254873e+01 5.016345211831731155e-03
7.672409945384042373e+01 1.341093640230172062e-03
7.680191294213032904e+01 2.253132269196410960e-03
7.692641452339417185e+01 7.787700610789480239e-04
7.700422801168406295e+01 2.971827625503436175e-03
7.709760419763193795e+01 3.715936555629522839e-03
7.719098038357982716e+01 1.161197111069142479e-03
7.731548196484365576e+01 1.669321362372443987e-03
7.740885815079154497e+01 1.089325926351315029e-03
7.748667163908143607e+01 2.223730210344109903e-03
7.764229861566123247e+01 5.325795260347562440e-03
7.773567480160912169e+01 2.229720698465254090e-03
7.781348828989901278e+01 3.110356577440805560e-03
7.790686447584688779e+01 5.543791622922349073e-04
7.801580335945274669e+01 1.808416976915635166e-03
7.809361684774265200e+01 4.089836462859269481e-03
7.821811842900649481e+01 6.534250774020529872e-04
7.831149461495436981e+01 1.671400744875163255e-03
7.842043349856022871e+01 2.133767647920461596e-03
7.849824698685011981e+01 2.807986041959233126e-03
7.857606047514002512e+01 1.918427916969026861e-03
7.865387396342993043e+01 2.173192107569514066e-03
7.876281284703578933e+01 5.093174093198630896e-03
7.882506363766769653e+01 4.527218798786581538e-03
7.890287712595760183e+01 9.049623301281530452e-04
7.901181600956346074e+01 1.881268241287021139e-03
7.908962949785335184e+01 3.136708759663330709e-03
7.915188028848527324e+01 6.461314835361019844e-04
7.921413107911719464e+01 1.031663539253529572e-03
7.929194456740709995e+01 1.698549513487840074e-03
7.941644614867092855e+01 2.611059895068558977e-03
7.949425963696083386e+01 1.927287556535006198e-03
7.966544931119861417e+01 2.029556836725785515e-03
7.975882549714648917e+01 4.576146265877488115e-03
7.985220168309436417e+01 1.777895675603807313e-03
7.996114056670022308e+01 3.570002722953328784e-04
8.003895405499012838e+01 1.484067940829192269e-03
8.010120484562204979e+01 1.056896758385492303e-03
8.017901833391194089e+01 6.409501694767391145e-04
8.027239451985983010e+01 3.616661795864534721e-04
8.035020800814972119e+01 1.148726666710389241e-03
8.041245879878164260e+01 1.000775120404297615e-03
8.050583498472951760e+01 1.565559389947771343e-03
8.059921117067739260e+01 1.298863578420817681e-03
8.066146196130931401e+01 6.822646033059016814e-04
8.077040084491517291e+01 3.545921260145155907e-03
8.086377703086306212e+01 2.628841068559114799e-03
8.097271591446892103e+01 6.345145763732196360e-04
8.105052940275881213e+01 3.454457116701108600e-03
8.111278019339073353e+01 1.526277917126322515e-03
8.117503098402265493e+01 3.125333161709666161e-03
8.125284447231254603e+01 1.143458556039132464e-03
8.134622065826043524e+01 1.916663400202545673e-03
8.142403414655032634e+01 1.014167595071857955e-03
8.150184763484023165e+01 4.062645821173741130e-03
8.161078651844609055e+01 7.159809727749392267e-04
8.168860000673598165e+01 1.019134650624247936e-03
8.176641349502588696e+01 2.584784891781400588e-03
8.184422698331577806e+01 9.441812024563400957e-04
8.195316586692163696e+01 6.429772345725529850e-04
8.204654205286952617e+01 3.776936204270750323e-03
8.212435554115941727e+01 1.036503218998621354e-03
8.217104363413335477e+01 1.990191304861433502e-03
8.224885712242326008e+01 2.076700702822960646e-04
8.235779600602911898e+01 4.951633570053359107e-03
8.242004679666104039e+01 1.630660577381140650e-03
8.249786028495093149e+01 4.433020078816259264e-03
8.260679916855679039e+01 3.625386628938824605e-03
8.270017535450467960e+01 5.323575208963888389e-03
8.282467693576850820e+01 2.278058579665084068e-03
8.288692772640042961e+01 2.560350770570605453e-03
8.301142930766427241e+01 2.791403384759919698e-03
8.307368009829619382e+01 1.171297879477754692e-03
8.319818167956002242e+01 2.404135076228738552e-03
8.327599516784992773e+01 4.771435288835157267e-04
8.333824595848184913e+01 2.896190456052055370e-03
8.343162214442972413e+01 1.225043883821412040e-04
8.349387293506164553e+01 1.113234854935613244e-03
8.360281181866750444e+01 2.714782791796805858e-03
8.369618800461537944e+01 4.329912191692765824e-03
8.380512688822123835e+01 4.097522448471462909e-04
8.388294037651114365e+01 1.422153947218734006e-03
8.396075386480103475e+01 3.886236057784025880e-04
8.405413005074890975e+01 3.113040172653270231e-03
8.417863163201275256e+01 2.707579899474057625e-03
8.427200781796062756e+01 9.923177936171556548e-04
8.431869591093457927e+01 1.261551494367317778e-03
8.439650939922447037e+01 1.413074845300443198e-03
8.445876018985639178e+01 1.696904433882385045e-03
8.453657367814628287e+01 2.744957038608161065e-03
8.464551256175214178e+01 3.742501884085597339e-03
8.472332605004204709e+01 6.881964065330262864e-03
8.483226493364790599e+01 7.027562215435277908e-04
8.491007842193781130e+01 2.873120026259976889e-04
8.505014270085962380e+01 4.103771989507699718e-03
8.512795618914951490e+01 3.423654906024723062e-03
8.525245777041335771e+01 2.649738499924478990e-03
8.531470856104527911e+01 1.782889793442223991e-03
8.539252204933518442e+01 1.007366298524276903e-03
8.545477283996709161e+01 1.920759629050183652e-03
8.551702363059901302e+01 1.674745641523447915e-03
8.564152521186285583e+01 4.151022669006051817e-03
8.573490139781073083e+01 4.986744702834022304e-03
8.585940297907457364e+01 1.058573567508912412e-03
8.596834186268043254e+01 3.158218959812019756e-03
8.603059265331235395e+01 1.813170834905987894e-03
8.610840614160224504e+01 4.229995560359597548e-03
8.624847042052407176e+01 1.284303225774786981e-03
8.635740930412993066e+01 1.543675282239805090e-03
8.648191088539375926e+01 6.697313949332353057e-03
8.657528707134164847e+01 2.938154932117341758e-03
8.666866325728952347e+01 5.842819449494019227e-03
8.676203944323739847e+01 4.870545543298688586e-03
8.683985293152730378e+01 4.296815298450799500e-03
8.694879181513316269e+01 4.057307903022834041e-03
8.708885609405497519e+01 4.048098344932955436e-03
8.716666958234488050e+01 3.413011183843787499e-03
8.729117116360870909e+01 1.591312012201008758e-03
8.736898465189861440e+01 3.049525415652613869e-03
8.746236083784648940e+01 7.527945258261371786e-03
8.755573702379436440e+01 2.782818265669490150e-03
8.768023860505820721e+01 8.173805056794651580e-03
8.775805209334811252e+01 3.615221161242123879e-03
8.789811637226992502e+01 4.347680782147638791e-03
8.805374334884972143e+01 1.354134437791444700e-03
8.813155683713962674e+01 5.709677320124726882e-03
8.827162111606143924e+01 1.069252820911456353e-03
8.836499730200931424e+01 1.394379340813560811e-03
8.845837348795720345e+01 2.815418349303198432e-03
8.869181395282689095e+01 4.529884975774288274e-03
8.878519013877478017e+01 3.169755937786192246e-03
8.887856632472265517e+01 8.428483843929321026e-03
8.895637981301256048e+01 4.284471312798064993e-03
8.903419330130245157e+01 3.139051129208911706e-03
8.912756948725032657e+01 6.125213835125888594e-03
8.918982027788224798e+01 2.110861395946611770e-03
8.926763376617215329e+01 1.066406156434114355e-03
8.934544725446204438e+01 2.003929163062358968e-03
8.948551153338387110e+01 2.302455521210717941e-03
8.957888771933174610e+01 1.995094483439182990e-03
8.970338930059558891e+01 5.187868220203668661e-03
8.979676548654346391e+01 3.483671711229034684e-03
8.989014167249133891e+01 6.485995327393730657e-03
9.003020595141316562e+01 3.032578997009103498e-03
9.013914483501902453e+01 4.610795536885385106e-03
9.026364641628285312e+01 7.641390136681824137e-04
9.035702260223074234e+01 3.449788764221609679e-03
9.046596148583660124e+01 8.587349308337259568e-04
9.055933767178447624e+01 8.730376035505633785e-04
9.071496464836427265e+01 1.838950784289935950e-03
9.080834083431214765e+01 3.796369518330033367e-03
9.090171702026002265e+01 6.347413199464091611e-03
9.097953050854992796e+01 3.385147869918746222e-03
9.104178129918184936e+01 4.018174756410222009e-03
9.113515748512972436e+01 6.817655521102436098e-03
9.121297097341962967e+01 8.722289362411909767e-04
9.127522176405155108e+01 9.388372403321832826e-04
9.136859794999942608e+01 5.140602311811291389e-03
9.144641143828931718e+01 6.061294240135418985e-04
9.152422492657922248e+01 3.809404596225339024e-04
9.157091301955315998e+01 6.340630208584444516e-04
9.163316381018508139e+01 7.730358686100268287e-04
9.171097729847497249e+01 1.917890542601795312e-03
9.180435348442286170e+01 3.299146716416105456e-03
9.195998046100265810e+01 4.784552049280464334e-03
9.203779394929254920e+01 5.128652163677852559e-03
9.213117013524043841e+01 5.331544473127923685e-03
9.227123441416225091e+01 2.113722701983534839e-03
9.238017329776810982e+01 2.267641463750419070e-03
9.247354948371598482e+01 1.247421775406293287e-03
9.253580027434790622e+01 6.009150318521578899e-04
9.259805106497982763e+01 8.604997434464273069e-05
9.266030185561174903e+01 7.055266395412070415e-04
9.272255264624367044e+01 9.072597251046911294e-04
9.281592883219154544e+01 1.491584287900418575e-03
9.297155580877134184e+01 5.687828246864680415e-03
9.304936929706124715e+01 4.957515225376353009e-03
9.312718278535113825e+01 4.663918338718333299e-03
9.326724706427296496e+01 1.974099305162583997e-03
9.339174864553679356e+01 1.383347996880563823e-03
9.346956213382669887e+01 2.239225880618559046e-03
9.353181292445862027e+01 4.677282937799094619e-04
9.359406371509054168e+01 8.204098526191197548e-04
9.365631450572244887e+01 1.074601850502642170e-03
9.373412799401235418e+01 9.224652772774125358e-04
9.379637878464427558e+01 2.037265763080191392e-03
9.388975497059215058e+01 9.558847777079454043e-04
9.396756845888205589e+01 1.102457642334531487e-02
9.404538194717194699e+01 8.712959691292550268e-03
9.418544622609377370e+01 3.474630212308264538e-03
9.427882241204164870e+01 5.425637039443774283e-03
9.435663590033153980e+01 2.895402684448453254e-03
9.449670017925336651e+01 5.048183121748072051e-03
9.462120176051719511e+01 4.303557530222489567e-03
9.469901524880710042e+01 3.047133733134309817e-03
9.477682873709700573e+01 3.348489442348442230e-03
9.488576762070286463e+01 1.579449738597569304e-03
9.496358110899275573e+01 7.592302910720417040e-03
9.505695729494063073e+01 6.677422755184802411e-03
9.516589617854648964e+01 3.157115968229950477e-03
9.525927236449437885e+01 7.358706451638429361e-03
9.535264855044225385e+01 6.688620819550190021e-03
9.549271282936406635e+01 8.700945222892515069e-03
9.561721441062790916e+01 8.092838730638473102e-03
9.569502789891781447e+01 8.242722916232389507e-03
9.577284138720770557e+01 1.765556324600819904e-03
9.589734296847154837e+01 9.962229488713635929e-04
9.599071915441942338e+01 7.717828921499687682e-03
9.606853264270932868e+01 7.965340279017730368e-03
9.613078343334123588e+01 3.871370307651356818e-04
9.619303422397315728e+01 3.802149784399264619e-03
9.628641040992104649e+01 9.355502786600848608e-03
9.639534929352690540e+01 5.857360971927857464e-03
9.650428817713276430e+01 5.207487447335223778e-03
9.664435245605457681e+01 7.992649670001289799e-03
9.672216594434448211e+01 6.471868492854739204e-03
9.679997943263437321e+01 1.922640153089680455e-03
9.687779292092427852e+01 7.567205744382726057e-03
9.698673180453013742e+01 9.107345581215293973e-03
9.706454529282002852e+01 9.605513069610561658e-03
9.712679608345194993e+01 3.715038746393798698e-03
9.718904687408387133e+01 4.150567337666360122e-03
9.726686036237376243e+01 2.258607910732682994e-02
9.739136194363760524e+01 1.121062808323753865e-02
9.751586352490144805e+01 1.254763391001023978e-02
9.764036510616527664e+01 1.627216628223600997e-02
9.771817859445518195e+01 2.091757269807775418e-02
9.779599208274508726e+01 2.388204655024356478e-03
9.785824287337699445e+01 1.228520806574479908e-02
9.795161905932488366e+01 2.188449871682556294e-03
9.810724603590468007e+01 8.837812078428302492e-03
9.818505952419457117e+01 2.875012382944210337e-03
9.826287301248447648e+01 1.672860146194900949e-02
9.837181189609033538e+01 4.289525116248868800e-03
9.849631347735417819e+01 8.118461408988851893e-03
9.858968966330205319e+01 1.010658737220592948e-02
9.871419124456589600e+01 1.551473981462900102e-02
9.883869282582972460e+01 5.575500224412013005e-03
9.888538091880366210e+01 3.914770263433691236e-03
9.896319440709356741e+01 1.639716657179929012e-03
9.908769598835741022e+01 1.240942426948204655e-02
9.916550947664730131e+01 2.127382329639965208e-03
9.927444836025316022e+01 1.324271577657275788e-02
9.935226184854306553e+01 4.523369967181909064e-04
9.941451263917498693e+01 4.300860163836485277e-03
9.958570231341275303e+01 3.823519549016876715e-03
9.966351580170265834e+01 6.078705923187297661e-03
9.974132928999256364e+01 1.231421809211671881e-02
9.980358008062447084e+01 4.487071775548086283e-03
9.988139356891437615e+01 1.118523891399493889e-02
9.995920705720426724e+01 6.777772011968315712e-03
1.000525832431521565e+02 9.041710795345681353e-03
1.001303967314420476e+02 1.311424298109534203e-02
1.002082102197319529e+02 1.408987407277514058e-02
1.002704610103638743e+02 2.173235923874975578e-02
1.003482744986537654e+02 5.185823658431625190e-03
1.003949625916277029e+02 5.255969670074358939e-03
1.004727760799176082e+02 6.667014711761710087e-03
1.005194641728915457e+02 8.227927502956609851e-03
1.005972776611814510e+02 1.399988639967815821e-02
1.007373419401032635e+02 1.797015828611986735e-02
1.008618435213671063e+02 4.881293528959516903e-03
1.009396570096569974e+02 1.717936264818321554e-03
1.010019078002889188e+02 4.855727216372997430e-03
1.011108466838947777e+02 1.277250100597930767e-02
1.012042228698426527e+02 1.663759947663251068e-02
1.012664736604745741e+02 7.227813816172160705e-03
1.013442871487644794e+02 1.655544873241795610e-03
1.013909752417384169e+02 2.483636936719719589e-03
1.014687887300283080e+02 7.975852095052686497e-03
1.015154768230022597e+02 5.251048448460502588e-03
1.015932903112921508e+02 1.382117371269258981e-02
1.016555411019240722e+02 6.936710733678245339e-03
1.017177918925559936e+02 8.650246634374829033e-03
1.018267307761618525e+02 4.406588336243275755e-03
1.019045442644517436e+02 1.010724256426043591e-02
1.019823577527416489e+02 1.823126080271351979e-02
1.020601712410315542e+02 9.710850825027549788e-03
1.021535474269794292e+02 5.525264855068726978e-03
1.022313609152693203e+02 1.084357290066562639e-02
1.022936117059012417e+02 8.633808376229457071e-03
1.023558624965331632e+02 6.871392071646801811e-03
1.024336759848230685e+02 3.016377231862863752e-03
1.024803640777970060e+02 1.401150901889363851e-03
1.025426148684289274e+02 2.159874470403039433e-03
1.026204283567188185e+02 3.825910669641954375e-03
1.026826791473507399e+02 4.195707465626617033e-03
1.027449299379826613e+02 6.910952737006250020e-03
1.028071807286145827e+02 6.843647184265255409e-03
1.029005569145624577e+02 5.983624549808392278e-03
1.029783704028523630e+02 1.038725295281209618e-02
1.030406211934842702e+02 4.999619932405599196e-03
1.031339973794321594e+02 1.007856278194794661e-02
1.032273735653800344e+02 1.657453781709797291e-02
1.033051870536699255e+02 1.033369479809084952e-02
1.034141259372757844e+02 3.594686366953876288e-03
1.034919394255656897e+02 5.316977491865038791e-03
1.035541902161976111e+02 9.136696459744042889e-03
1.036320037044875022e+02 6.877109181402358586e-03
1.037409425880933611e+02 1.180864888322346977e-02
1.038031933787252825e+02 1.130775549836205221e-02
1.039276949599891253e+02 3.987737234981832482e-03
1.040055084482790164e+02 1.852380610508541983e-02
1.040988846342269056e+02 9.360946434613494696e-03
1.042233862154907342e+02 2.685794980205478445e-03
1.043011997037806395e+02 2.980263943849303758e-03
1.044723893780184198e+02 2.101615097658349109e-03
1.045502028663083109e+02 5.933016760541210896e-03
1.046280163545982163e+02 2.036523430917093827e-03
1.047369552382040752e+02 7.262507056608692203e-03
1.048147687264939663e+02 1.059034884863000077e-02
1.049237076100998252e+02 2.503350596139045786e-03
1.050015210983897305e+02 1.180764905716895699e-02
1.050948972843376055e+02 7.025436740239781284e-03
1.052349615632594322e+02 1.863611811321802970e-03
1.053127750515493233e+02 3.607619724864271748e-03
1.054372766328131661e+02 2.715760040609761870e-03
1.054995274234450875e+02 6.884865293647094917e-04
1.055773409117349786e+02 9.369404388781534324e-03
1.057329678883147750e+02 5.407093919161903676e-03
1.058419067719206339e+02 1.636692654384902523e-02
1.059508456555264928e+02 2.502576477650858815e-03
1.060286591438163981e+02 8.923230686006011422e-03
1.061064726321063034e+02 1.501983490081010633e-02
1.061998488180541784e+02 9.320050480047662508e-04
1.062932250040020534e+02 8.444981417129614545e-03
1.063866011899499284e+02 6.876041941349277445e-03
1.064955400735557873e+02 1.072387633486695342e-03
1.065733535618456926e+02 8.642442909178550334e-03
1.067289805384254890e+02 1.184394440034302123e-02
1.068379194220313479e+02 2.266533410314646932e-02
1.069624210032951908e+02 5.785905936473002484e-03
1.070246717939270980e+02 8.818565986396765047e-03
1.071024852822170033e+02 1.304770451987950254e-02
1.071802987705069086e+02 2.584289815601217236e-03
1.072892376541127675e+02 1.499806823103426098e-02
1.073670511424026586e+02 1.329370008821903308e-02
1.075538035142984228e+02 3.161742939663302401e-03
1.076160543049303442e+02 3.603469260338366953e-03
1.077249931885361889e+02 1.605204247690592001e-02
1.078494947698000317e+02 1.448515587743180039e-02
1.079739963510638745e+02 2.933797039544959896e-03
1.080362471416957959e+02 3.861429080823482012e-03
1.081451860253016548e+02 7.942821623608578921e-03
1.082696876065654834e+02 1.054001226357018615e-02
1.083786264901713423e+02 1.980727298102358605e-02
1.085186907690931690e+02 3.771022055715817119e-03
1.086120669550410440e+02 2.564847249697173835e-03
1.086898804433309493e+02 1.091872983967361391e-02
1.088921955128846832e+02 1.424532554837673430e-02
1.089855716988325582e+02 5.163985550744321952e-03
1.090478224894644796e+02 8.356854651875501860e-03
1.091411986754123546e+02 1.229536383067452582e-02
1.092968256519921511e+02 7.956421825766309477e-03
1.093746391402820564e+02 3.189573303296448087e-02
1.094680153262299314e+02 3.683315015673654155e-03
1.095613915121778064e+02 1.238504215868635656e-04
1.096547676981256956e+02 9.295159765898956122e-03
1.097792692793895242e+02 8.777608615082730520e-03
1.099037708606533670e+02 2.138902022325264024e-02
1.099971470466012420e+02 4.692417019462535692e-03
1.100438351395751795e+02 3.169080538542946249e-03
1.101372113255230687e+02 4.942179198016281860e-03
1.102772756044448812e+02 4.817622262598966580e-03
1.103862144880507401e+02 2.351280872930416183e-02
1.106352176505784257e+02 8.482591044442353706e-03
1.108064073248161918e+02 8.470499114559161893e-03
1.109153462084220507e+02 1.882595002522804983e-02
1.110087223943699399e+02 1.300460096262303277e-03
1.111799120686077060e+02 3.219166446606985203e-03
1.113044136498715488e+02 1.364664114249118871e-03
1.113977898358194238e+02 1.559513193578256768e-02
1.114756033241093292e+02 5.685545956145498896e-03
1.116467929983471095e+02 7.766712093777277011e-03
1.117401691842949845e+02 4.838350382857840859e-03
1.118335453702428595e+02 1.680946978021212110e-02
1.119269215561907487e+02 2.634021222371880216e-02
1.120202977421386237e+02 2.081882629592770456e-03
1.120981112304285148e+02 2.131188412542989793e-03
1.121759247187184201e+02 5.800572165552262370e-03
1.122848636023242790e+02 2.944357468789717425e-03
1.123782397882721540e+02 7.115539708109052015e-03
1.124560532765620593e+02 2.393160484928199237e-03
1.125338667648519504e+02 1.738657390887468667e-03
1.126428056484578093e+02 1.243102440864755562e-02
1.127361818344056985e+02 6.390931704855665023e-03
1.128139953226955896e+02 1.558619811765205553e-02
1.129073715086434646e+02 1.568595234770573874e-02
1.130785611828812449e+02 1.050632966875912795e-02
1.131719373688291199e+02 7.229398163677330097e-03
1.132497508571190252e+02 1.629219927427199817e-03
1.133431270430669002e+02 4.070800278683595584e-03
1.134209405313568055e+02 3.910438885350367693e-04
1.134987540196466966e+02 6.591725837731363981e-03
1.136543809962265072e+02 5.381045914685617278e-03
1.137788825774903358e+02 1.476254647048643939e-02
1.138878214610961948e+02 7.194112706183227249e-03
1.139500722517281162e+02 6.116797663759479878e-03
1.140745738329919590e+02 1.447940650577222120e-02
1.141679500189398340e+02 7.010784628818318535e-03
1.142457635072297393e+02 2.676314706497413039e-03
1.143547023908355982e+02 3.257220954915252681e-03
1.144013904838095357e+02 2.029814081871251976e-03
1.144947666697574107e+02 4.423442963069142315e-03
1.146503936463372071e+02 6.179611320744333655e-03
1.147748952276010499e+02 8.980618496384033811e-03
1.148682714135489249e+02 3.630096772498959522e-03
1.149616475994967999e+02 1.767925258546822241e-03
1.150861491807606427e+02 1.273272778201275067e-02
1.151795253667085177e+02 8.278675044981307837e-03
1.152884642503143766e+02 6.311154000564181757e-03
1.154129658315782194e+02 5.861739288921827794e-03
1.155063420175260944e+02 6.133462065889259442e-03
1.156464062964479211e+02 1.806571749231728613e-03
1.158020332730277175e+02 3.154521062786717640e-03
1.158954094589755925e+02 2.011310356344400262e-03
1.159732229472654979e+02 3.291243348225059585e-03
1.160821618308713568e+02 1.033612030930577096e-02
1.161755380168192318e+02 1.027368693757869413e-02
1.162844769004250907e+02 1.358497865001528568e-02
1.163934157840309496e+02 4.609168641758057579e-03
1.165023546676368085e+02 5.314828693931726925e-03
1.165801681559266996e+02 9.418251907420975479e-04
1.166735443418745888e+02 9.817320694143027819e-04
1.167202324348485263e+02 1.005883073072976874e-03
1.167980459231384174e+02 4.484090720545648792e-03
1.168914221090863066e+02 4.036978343973011626e-03
1.169847982950341816e+02 3.337753553517979876e-03
1.171248625739559941e+02 6.180958473428400934e-03
1.171715506669299316e+02 6.841842841936623607e-03
1.173116149458517583e+02 1.276491940550849094e-02
1.173894284341416494e+02 6.365894928000835227e-04
1.174983673177475083e+02 4.301447700515854435e-03
1.175761808060374136e+02 1.017405758864114431e-03
1.177940585732491314e+02 1.086530349159113389e-02
1.178874347591970064e+02 8.939014325189254331e-03
1.179963736428028653e+02 7.824161453453838330e-03
1.181208752240667081e+02 7.315880329123103203e-03
1.182142514100145831e+02 7.028201280050172702e-03
1.183231902936204420e+02 1.652815229367049499e-02
1.184010037819103474e+02 4.417243506659455552e-04
1.184321291772263010e+02 5.606167289598921240e-04
1.185099426655162063e+02 7.683197731662828531e-03
1.186344442467800349e+02 2.814037869127082071e-03
1.187900712233598313e+02 1.009190069281769124e-02
1.188834474093077205e+02 1.166120893059848299e-02
1.189923862929135794e+02 5.624704238505960976e-03
1.190857624788614544e+02 4.468281779489500019e-03
1.191324505718353919e+02 5.798465908010053474e-03
1.192413894554412508e+02 1.001228813161763112e-02
1.193347656413891258e+02 1.431129829459482083e-02
1.194125791296790311e+02 3.172628317735030814e-03
1.195215180132848900e+02 6.953602119282259117e-03
1.196460195945487186e+02 4.829493475911265064e-03
1.197238330828386239e+02 6.699750290585258956e-03
1.197860838734705453e+02 6.286862897718767211e-03
1.198794600594184203e+02 1.149891216659193645e-02
1.200039616406822631e+02 4.013840119634602861e-03
1.200662124313141845e+02 3.971947361307097066e-03
1.201440259196040756e+02 8.567544153496274573e-03
1.202685275008679184e+02 2.112760130675131118e-02
1.203463409891578095e+02 1.454979738530578180e-02
1.203930290821317612e+02 6.285431892914495992e-03
1.204552798727636684e+02 1.677802445751973032e-03
1.205330933610535737e+02 6.634667270558333892e-03
1.206575949423174166e+02 9.934310989029963845e-03
1.207198457329493380e+02 8.212745228422389104e-03
1.208754727095291344e+02 7.051506650483173322e-03
1.209688488954770094e+02 1.813523637889965720e-03
1.210466623837669005e+02 2.634437531181500151e-03
1.211400385697147897e+02 9.530840838486697233e-03
1.212645401509786183e+02 2.784278339278408593e-02
1.213423536392685236e+02 1.138179776206989756e-02
1.214668552205323664e+02 3.264910353323459673e-03
1.215291060111642878e+02 3.623338755405931203e-03
1.215913568017961950e+02 1.988295226856960467e-03
1.216536075924281164e+02 8.906383230919686506e-03
1.217158583830600378e+02 4.126589917838168267e-03
1.217936718713499431e+02 3.542330603811969718e-04
1.218559226619818503e+02 4.208117346180849545e-03
1.219804242432456931e+02 4.549650564075957519e-03
1.220426750338776145e+02 1.018873499728005505e-03
1.221204885221675198e+02 7.907480981728085695e-03
1.222761154987473162e+02 2.873618625208387498e-02
1.223539289870372073e+02 1.084164572402384306e-02
1.224784305683010501e+02 4.140889474827975578e-03
1.225406813589329715e+02 5.930054071053849577e-04
1.226029321495648929e+02 2.617671394380733166e-03
1.226807456378547840e+02 6.255722172713625538e-03
1.227429964284867054e+02 1.986425585512675666e-03
1.229764368933564072e+02 1.269580740227987774e-02
1.231009384746202358e+02 1.037020819474692053e-02
1.232876908465160000e+02 2.031079782391901831e-02
1.234277551254378125e+02 2.455069395747132375e-03
1.234900059160697339e+02 1.944776878204313147e-03
1.236145074973335767e+02 2.004044709186919224e-03
1.236923209856234678e+02 1.486620533704771045e-03
1.237545717762553892e+02 2.750760770294217398e-03
1.238323852645452945e+02 9.444789437784270950e-03
1.239101987528351856e+02 1.006923816975026538e-02
1.239880122411250909e+02 2.545987031820421201e-02
1.240813884270729659e+02 1.446821429493859792e-02
1.241747646130208409e+02 2.715455403571517649e-03
1.242992661942846837e+02 1.503849466796302811e-02
1.243770796825745890e+02 7.808639170229428675e-03
1.244393304732065104e+02 2.638940411254901437e-03
1.245171439614964015e+02 1.057208187388090741e-03
1.245793947521283229e+02 2.230157775999661637e-03
1.246416455427602443e+02 5.119305747996591091e-03
1.247350217287081193e+02 5.216708480818755059e-03
1.248283979146559943e+02 2.470238255992922988e-02
1.249062114029458996e+02 1.824816249880159905e-02
1.249840248912357907e+02 3.067467704071635826e-02
1.250618383795256960e+02 2.143451003202758234e-02
1.251707772631315549e+02 8.519802523221358531e-03
1.253108415420533674e+02 6.364312770603817310e-03
1.253886550303432728e+02 1.215245724076129304e-02
1.254664685186331781e+02 5.763950816623477497e-03
1.255909700998970067e+02 3.907777317135445808e-03
1.256687835881869120e+02 1.544745769584855884e-02
1.257621597741347870e+02 6.567661532688884134e-03
1.258244105647667084e+02 3.058363440128743574e-02
1.259177867507145834e+02 2.705724954053348452e-02
1.259956002390044887e+02 3.867114859344335936e-02
1.260578510296364101e+02 2.520469652647507747e-02
1.261667899132422690e+02 1.644288530609236063e-02
1.262446034015321601e+02 4.736503106419153418e-03
1.263068541921640815e+02 2.322346364499890646e-03
1.263846676804539726e+02 1.707500478520118312e-02
1.264780438664018618e+02 9.786111773823748250e-03
1.265869827500077207e+02 4.529372886548321993e-03
1.266803589359555957e+02 2.213437169153121761e-02
1.267737351219034707e+02 1.055909549943659549e-02
1.268359859125353921e+02 2.800561485205565332e-02
1.269293620984832671e+02 2.363207209948298138e-02
1.270071755867731724e+02 3.416875483883027170e-02
1.270538636797471099e+02 2.527473365623965351e-02
1.271472398656949849e+02 1.450309534952729310e-02
1.272406160516428741e+02 8.782328136955940348e-03
1.273806803305646866e+02 1.164063164514551711e-02
1.274896192141705455e+02 9.774551871448241072e-03
1.275674327024604509e+02 2.641727233389773184e-03
1.276919342837242795e+02 1.432065736505361807e-02
1.277853104696721687e+02 1.225570820855939602e-02
1.278631239579620598e+02 8.276906508203105139e-03
1.279409374462519651e+02 1.920184422331823113e-02
1.280187509345418562e+02 3.033697805984901519e-02
1.281121271204897312e+02 1.154909849365431777e-02
1.282366287017535740e+02 7.717870114900990570e-03
1.284078183759913543e+02 1.294923281116256396e-02
1.284856318642812596e+02 1.453480513464379745e-02
1.285634453525711649e+02 3.057263710233004087e-03
1.286256961432030721e+02 6.941320975631723803e-03
1.286879469338349793e+02 6.144069186560316941e-03
1.287657604221248846e+02 5.292153418401232892e-03
1.288746993057307577e+02 9.967859174363458488e-03
1.289525127940206346e+02 1.567112252020209928e-02
1.290147635846525702e+02 1.370799722050783723e-02
1.290925770729424755e+02 1.159470696907504740e-02
1.292637667471802558e+02 9.703649851051905986e-03
1.294349564214180077e+02 1.239166673445065044e-02
1.295905833979978183e+02 3.200509038424504283e-03
1.296528341886297255e+02 7.622128413638718479e-03
1.297306476769196308e+02 1.178968976417953075e-03
1.298240238628675058e+02 4.735545065508296562e-03
1.298862746534994415e+02 6.034421538876517943e-03
1.299640881417893468e+02 8.405601219204580227e-03
1.300885897230531612e+02 5.480881859477731988e-03
1.301664032113430665e+02 3.614559847136721276e-03
1.302442166996329718e+02 7.799291911515511370e-03
1.304309690715287218e+02 1.628801233650924857e-02
1.306488468387404396e+02 8.565318263655469569e-03
1.307110976293723752e+02 5.633484370659466028e-03
1.308200365129782199e+02 1.863432277615416008e-02
1.308978500012681252e+02 6.422524573799770486e-03
1.309756634895580305e+02 7.313057935257816916e-03
1.310690396755059055e+02 5.982434780096169968e-03
1.311624158614537805e+02 1.441258765180168135e-02
1.312402293497436858e+02 6.492537375295042920e-03
1.314736698146133733e+02 1.444405242928067760e-02
1.316137340935351858e+02 6.758253841934273691e-03
1.317226729771410589e+02 1.199670816615568646e-02
1.318160491630889339e+02 3.665598456108606212e-02
1.319249880466947786e+02 3.439525716639282339e-03
1.320494896279586214e+02 1.844806269066739252e-02
1.321584285115644946e+02 1.837401950393979452e-02
1.322673673951703393e+02 6.019252413888035065e-03
1.323451808834602446e+02 3.116349042255272660e-03
1.324696824647240874e+02 2.239046655823429682e-02
1.325941840459879302e+02 1.541790926605994885e-02
1.327498110225677124e+02 1.803579954091099821e-02
1.328120618131996480e+02 3.216794048758829516e-02
1.329365633944634624e+02 6.996118834153190920e-03
1.330455022780693355e+02 2.799839469177719045e-02
1.331388784640172105e+02 2.166448123258443020e-02
1.331855665569911480e+02 2.398149770764299027e-02
1.332633800452810533e+02 6.556454184129156988e-03
1.333411935335709586e+02 2.413246323683708276e-03
1.333878816265448961e+02 1.878213793725319516e-03
1.334656951148348014e+02 2.509778765238637743e-02
1.335901966960986158e+02 2.759806032675375317e-02
1.336835728820465192e+02 7.583358447729215794e-03
1.337613863703363961e+02 2.560430091310413048e-02
1.338391998586263014e+02 1.909051867823565243e-02
1.339481387422321745e+02 7.461232682162627534e-03
1.340570776258380192e+02 2.358699822695053960e-02
1.341348911141279245e+02 2.434913014912399448e-02
1.341971419047598317e+02 2.744419237731460584e-02
1.343838942766556102e+02 5.846742084354416939e-03
1.344772704626034852e+02 2.737383087334266732e-02
1.346017720438673280e+02 3.689532225368959834e-02
1.346795855321572049e+02 1.465112674946421507e-02
1.347573990204471102e+02 2.648030308144030953e-02
1.348352125087370155e+02 2.045498595600963448e-02
1.349130259970269208e+02 5.237542614159618540e-03
1.349752767876588280e+02 9.447941591217813920e-03
1.350686529736067030e+02 2.630492302140407732e-02
1.351464664618966083e+02 2.283616862175988013e-02
1.352087172525285155e+02 2.897592418278407619e-02
1.353020934384764189e+02 3.122028510772667000e-03
1.353799069267662958e+02 1.021655958444587890e-02
1.354732831127141708e+02 2.471350494540230230e-02
1.356133473916360117e+02 3.687015242903528972e-02
1.356755981822679189e+02 1.910307515741488382e-02
1.357534116705578242e+02 1.503932353619504177e-02
1.358312251588477295e+02 2.493714992055915541e-02
1.359090386471376064e+02 8.838615570927589246e-03
1.360024148330855098e+02 8.057407046635742948e-03
1.360802283213753867e+02 1.977490783635366123e-02
1.361424791120073223e+02 2.120342739672037569e-02
1.362202926002972276e+02 4.024560666104973899e-02
1.363759195768770098e+02 1.623833468708881303e-02
1.364692957628248848e+02 1.772890473025527311e-02
1.366093600417466973e+02 2.992217685312602987e-02
1.367338616230105401e+02 1.386421189335103506e-02
1.368272378089584151e+02 3.677720596014871085e-02
1.369050512972483205e+02 1.306524663814604727e-02
1.370139901808541936e+02 4.631758157126207587e-03
1.370918036691440705e+02 1.173760342447509493e-02
1.371384917621180364e+02 1.885799650878215022e-02
1.372318679480659114e+02 4.625842630571832398e-02
1.373563695293297542e+02 2.339231164820972098e-02
1.374653084129355989e+02 7.529642812203390066e-03
1.376209353895154095e+02 2.432356427832674944e-02
1.377454369707792239e+02 2.778492550621099871e-02
1.378232504590691292e+02 4.378837733163459117e-02
1.379010639473590345e+02 1.180535425168954128e-02
1.379788774356489398e+02 6.803344108184612542e-03
1.381345044122287220e+02 2.485004074747379499e-02
1.382278805981765970e+02 5.477957899645267276e-02
1.382901313888085326e+02 9.786722459361170065e-03
1.383523821794404398e+02 1.691843606455280605e-02
1.384146329700723754e+02 8.544671763458629860e-03
1.384924464583622523e+02 5.137605014132664606e-03
1.386013853419681254e+02 2.794377326294313763e-02
1.387414496208899379e+02 3.061320778865923506e-02
1.388348258068378129e+02 3.243318586299627493e-02
1.389748900857596539e+02 1.243931843999989198e-02
1.391305170623394361e+02 3.194154613217245475e-02
1.392238932482873111e+02 4.366219823522847487e-02
1.392861440389192467e+02 6.124874885559628002e-03
1.393950829225250914e+02 9.963207035419701860e-03
1.394728964108149967e+02 2.687340444964613634e-03
1.395973979920788395e+02 2.661685243477655144e-02
1.397685876663166198e+02 3.588648637611568937e-02
1.398619638522644948e+02 3.386090379778864540e-02
1.399864654335283376e+02 2.105791446612629084e-02
1.401109670147921520e+02 3.685752872754227000e-02
1.402199058983980251e+02 3.225127787700095977e-02
1.402977193866879304e+02 8.732817451180928045e-03
1.404066582702937751e+02 8.185687763162833794e-03
1.404844717585836804e+02 1.763200889323632671e-03
1.406089733398475232e+02 2.033312635907225455e-02
1.407646003164273054e+02 2.641255119334255316e-02
1.408735392000331785e+02 2.248690716631949679e-02
1.409824780836390232e+02 1.508068187082853111e-02
1.411225423625608641e+02 3.194567126229645032e-02
1.412159185485087391e+02 1.845962946530235391e-02
1.413248574321145838e+02 1.123169987111388192e-02
1.414026709204044892e+02 8.211458543788857298e-03
1.414804844086943945e+02 1.440521628067865023e-03
1.415271725016683320e+02 9.591712493357167687e-04
1.416049859899582373e+02 1.686690809636275101e-02
1.416516740829321748e+02 1.466348735804186461e-02
1.417450502688800498e+02 1.163913841447228835e-02
1.417917383618539873e+02 1.653327149040209262e-02
1.418695518501438926e+02 1.713412072685832274e-02
1.419318026407757998e+02 1.005535419816872868e-02
1.419940534314077354e+02 8.373344317013135807e-03
1.421185550126715498e+02 2.164272164909524301e-02
1.421963685009614551e+02 6.123408413063235849e-03
1.422430565939353926e+02 5.367029563600802904e-03
1.423364327798832676e+02 1.089507387001660207e-02
1.423986835705152032e+02 4.728776041035641538e-03
1.425231851517790460e+02 2.792581676022413539e-03
1.425854359424109532e+02 9.417466746904685007e-03
1.426632494307008585e+02 1.207622190941357032e-02
1.427255002213327657e+02 3.814204366562262173e-03
1.428033137096226710e+02 6.899361219860492347e-03
1.428811271979125763e+02 7.486809677900963314e-03
1.429278152908865138e+02 5.236856578482118781e-03
1.429900660815184210e+02 2.830480246377308114e-03
1.431145676627822638e+02 9.387912062145366970e-03
1.431768184534141994e+02 3.745758211066404011e-03
1.432546319417040763e+02 4.204254180723743413e-03
1.433324454299939816e+02 3.656131083072572657e-03
1.434102589182838869e+02 1.850135298529270245e-03
1.435191978018897316e+02 3.071347638156467219e-03
1.435970112901796369e+02 5.897861326510062813e-03
1.436592620808115726e+02 7.392136475963308369e-03
1.437370755691014494e+02 4.964357004828882924e-03
1.437993263597333851e+02 3.209058108589884790e-03
1.438615771503652923e+02 3.400645519785733869e-03
1.439238279409972279e+02 1.527833400437124357e-03
1.439705160339711654e+02 8.136182006724625897e-04
1.441105803128929779e+02 7.096299342600095351e-03
1.441883938011828832e+02 2.046736600459741345e-03
1.442817699871307582e+02 3.612630924118527716e-03
1.444062715683946010e+02 2.136090996547704377e-03
1.444529596613685385e+02 1.768707906014356155e-04
1.445152104520004457e+02 3.143967185270051153e-03
1.445930239402903510e+02 5.568747375615003270e-03
1.446552747309222582e+02 8.324427963730922017e-03
1.447486509168701332e+02 1.249279888225305127e-02
1.448575898004760063e+02 4.273783781181502914e-03
1.449198405911079135e+02 5.607545238490200482e-04
1.449665286840818510e+02 1.386738282188086690e-03
1.450443421723717563e+02 5.142974001942840663e-03
1.451065929630036919e+02 8.798057538914444073e-03
1.451844064512935688e+02 1.386561870512638232e-03
1.453244707302154097e+02 6.028140381689662056e-03
1.454022842185052866e+02 4.273189604728682214e-03
1.455267857997691294e+02 2.983164568208478921e-03
1.456045992880590347e+02 6.961445788452848282e-03
1.456668500786909419e+02 1.042418831801476646e-02
1.457602262646388454e+02 1.829212766763808548e-02
1.458536024505867204e+02 5.916665747621828800e-03
1.459158532412186275e+02 1.844563821958392861e-03
1.459781040318505632e+02 1.771041505503355862e-03
1.460403548224824704e+02 8.579377963384605607e-03
1.461181683107723757e+02 8.306895045035135247e-03
1.462115444967202507e+02 2.383839758568363949e-03
1.463204833803260954e+02 6.553331727365961645e-03
1.464138595662739988e+02 8.161561168884423276e-03
1.465227984498798435e+02 4.035314254929712671e-03
1.466161746358277185e+02 9.173083717326268108e-03
1.466784254264596541e+02 1.172237299878217676e-02
1.467718016124075291e+02 1.862209477559622489e-02
1.468496151006974344e+02 5.968565984782382705e-03
1.469274285889873113e+02 4.878896102149725932e-03
1.470363674725931844e+02 8.713274457667462974e-03
1.471297436585410594e+02 7.250067453341337356e-03
1.472231198444889344e+02 5.393811822430357415e-03
1.473320587280948075e+02 2.436541444897449143e-03
1.474254349140426825e+02 8.568457769588566295e-03
1.475188110999905575e+02 7.035261540760766145e-03
1.476121872859384325e+02 9.410113615873790666e-03
1.477055634718863075e+02 1.319111085922768621e-02
1.477833769601762128e+02 1.214540085872274980e-02
1.478611904484661181e+02 3.338653611329347841e-03
1.479390039367559950e+02 6.050935773704975429e-03
1.480168174250459003e+02 7.312407795151902590e-03
1.481101936109937753e+02 3.386053424445477442e-03
1.482191324945996485e+02 5.810065328124607020e-03
1.482969459828895538e+02 2.116867420618349319e-03
1.483436340758634913e+02 1.094261324996281207e-03
1.484370102618113663e+02 8.926858433407109869e-03
1.485148237501012716e+02 1.262232568618234900e-02
1.486081999360491466e+02 8.776756512653718229e-03
1.487171388196549913e+02 2.355297720276109882e-02
1.487949523079448966e+02 8.337556715220718895e-03
1.488727657962348019e+02 2.823461172702834438e-03
1.489505792845247072e+02 1.414441702740910911e-02
1.490283927728145841e+02 5.735474351640850073e-03
1.490906435634465197e+02 4.313258596584449746e-03
1.491684570517364250e+02 6.765459721458454536e-04
1.492307078423683322e+02 2.969921958402551698e-03
1.493085213306582375e+02 4.787709188215551886e-03
1.493707721212901447e+02 3.023319426466844484e-03
1.494485856095800500e+02 4.983460681150649225e-03
1.495263990978699553e+02 1.182559733712475712e-02
1.496197752838178303e+02 4.086396824736746730e-03
1.497287141674236750e+02 2.495307553306285245e-02
1.498065276557135803e+02 5.739000156682166551e-03
1.498843411440034856e+02 2.122225987160878367e-03
1.499621546322933909e+02 2.096320334822818904e-02
1.500866562135572053e+02 1.109033159055368770e-02
1.501800323995051087e+02 2.808382656917028045e-03
1.502267204924790462e+02 1.052607127655542279e-03
1.503200966784269212e+02 8.106887421060585824e-03
1.503823474690588284e+02 1.148762812201068600e-02
1.504601609573487337e+02 4.830038401986175289e-03
1.505379744456386391e+02 1.425961540446119523e-02
1.506469133292444837e+02 1.376495656673268645e-03
1.507402895151923587e+02 2.025349587280921709e-02
1.508336657011402622e+02 3.312896556240480395e-03
1.508959164917721694e+02 1.739365459461530549e-03
1.509737299800620747e+02 2.293748077452995721e-02
1.510671061660099497e+02 2.189660577015021398e-02
1.511760450496157944e+02 3.637438652363037071e-03
1.513005466308796372e+02 1.000153176147642632e-02
1.513939228168275122e+02 2.759266148685130676e-02
1.515339870957493531e+02 1.328659606058248122e-02
1.516584886770131675e+02 1.228528879201609301e-03
1.517518648629610709e+02 1.165682047195840468e-02
1.518452410489089459e+02 1.891503330473397236e-03
1.519074918395408531e+02 2.182757651381594943e-03
1.519853053278307584e+02 1.431735484871119075e-02
1.520786815137786334e+02 2.239001831364316464e-02
1.521720576997265084e+02 3.558214557463440942e-03
1.522965592809903512e+02 7.664989313450300094e-03
1.524054981645961959e+02 3.364983272183737217e-02
1.525299997458600387e+02 1.197357268486051902e-02
1.526078132341499440e+02 1.196295353566577489e-03
1.526856267224398493e+02 3.404530572955391261e-03
1.527634402107297547e+02 5.198969050180828576e-03
1.528568163966776297e+02 2.394604997336314926e-03
1.529190671873095368e+02 1.821033192889403131e-03
1.529968806755994422e+02 5.568314463408237554e-03
1.530746941638893475e+02 2.310790174840509151e-02
1.531680703498372225e+02 5.160790675113253664e-03
1.532458838381271278e+02 2.391239205035564346e-03
1.533081346287590350e+02 4.565231630377269804e-03
1.534015108147069100e+02 3.245398659111031064e-02
1.535260123959707528e+02 1.089086310835253590e-02
1.536193885819186278e+02 1.733066459798480227e-03
1.536816393725505634e+02 7.861255164167867820e-03
1.537594528608404403e+02 4.230561214791482214e-03
1.538528290467883437e+02 5.330570874807579428e-03
1.539462052327362187e+02 6.282078206767358411e-03
1.539928933257101562e+02 4.670490317745608702e-03
1.540707068140000615e+02 1.801797660807687163e-02
1.541640829999479365e+02 6.733045683544167451e-03
1.542574591858958115e+02 4.108023719051256614e-03
1.544130861624755937e+02 1.806556867659030174e-02
1.545375877437394365e+02 4.024258894915463090e-03
1.546776520226612490e+02 6.607930811010184931e-03
1.547710282086091524e+02 1.467811715789888154e-03
1.548488416968990293e+02 5.469173762133493384e-03
1.549733432781628721e+02 8.818473606112672489e-03
1.550667194641107471e+02 6.384480807354668032e-03
1.551445329524006524e+02 6.069432272334585911e-03
1.552690345336644953e+02 5.269518437908451633e-03
1.554090988125863078e+02 4.557860888326284443e-03
1.556892273704299612e+02 4.991724343648800723e-03
1.558448543470097434e+02 4.709071348824792405e-03
1.559071051376416790e+02 1.042979841261803360e-03
1.559849186259315559e+02 1.041320965420087889e-02
1.560627321142214612e+02 1.278066243253032745e-03
1.561561083001693362e+02 5.217781818789985794e-03
1.562339217884592415e+02 1.026063255720603695e-02
1.563739860673810540e+02 2.225678930580823802e-03
1.565140503463028665e+02 3.960385181544039644e-03
1.566696773228826771e+02 5.303049497097174839e-03
1.567630535088305521e+02 2.556833876019132343e-03
1.568408669971204574e+02 2.707387060385826015e-03
1.569186804854103627e+02 8.075339759471588438e-04
1.569809312760422699e+02 4.466079615236965943e-03
1.571209955549640824e+02 3.669210193278544651e-03
1.572299344385699555e+02 1.307921905667216132e-02
1.574166868104657055e+02 3.140033357542427930e-03
1.575100629964135805e+02 1.218456557242434714e-02
1.576345645776774234e+02 4.842262448537386875e-03
1.577590661589412662e+02 3.448536393514771425e-03
1.578991304378630787e+02 1.066439245777029343e-03
1.579769439261529840e+02 5.622294259826923985e-04
1.580236320191269215e+02 7.943550505375012198e-04
1.581014455074168268e+02 4.237787607055038853e-03
1.582259470886806696e+02 8.169085396390862383e-03
1.583348859722865143e+02 1.658545433994683491e-03
1.584126994605764196e+02 9.310932215667073672e-03
1.585060756465242946e+02 1.426379084454789531e-02
1.586461399254461071e+02 3.555894359620639239e-03
1.587239534137360124e+02 3.251875305334309043e-03
1.588017669020259177e+02 2.623141336307236674e-03
1.589107057856317624e+02 1.152231693895305236e-03
1.589885192739216677e+02 4.461109988252088447e-04
1.590352073668956052e+02 5.251033394274259077e-04
1.590974581575275124e+02 2.951716514693563005e-03
1.591752716458174177e+02 4.086639903220196969e-03
1.592375224364493533e+02 5.764403240785500454e-03
1.594242748083451033e+02 1.140717559534506695e-02
1.595176509942929783e+02 1.389981569773181963e-02
1.596421525755568211e+02 4.181114307903017850e-03
1.597355287615046961e+02 5.107288078693503729e-03
1.598133422497946015e+02 5.640129539916747398e-03
1.599378438310584443e+02 1.061232583934245202e-03
1.600312200170063193e+02 2.274182839578380803e-03
1.601090335052962246e+02 2.042187346400968669e-03
1.601868469935861015e+02 4.766933529513802704e-03
1.602490977842180371e+02 2.052547409751841016e-03
1.603113485748499443e+02 3.028538845242523432e-03
1.604202874584558174e+02 1.201578777928572275e-02
1.605136636444036924e+02 9.769747635131310892e-03
1.606070398303515674e+02 9.235467116720432607e-04
1.606692906209834746e+02 3.993868874458239571e-03
1.607471041092733799e+02 7.133632937934790592e-03
1.608249175975632852e+02 1.297797169982344359e-02
1.609649818764850977e+02 4.756371978433620272e-03
1.610583580624329727e+02 2.834446708321324785e-03
1.611206088530649083e+02 1.753768957076508057e-03
1.611984223413547852e+02 4.021697258546497872e-03
1.613229239226186280e+02 2.806949109891125702e-03
1.614007374109085333e+02 6.317523753761383407e-03
1.615096762945144064e+02 2.619634226323566250e-03
1.615719270851463136e+02 7.105616572548174815e-04
1.616808659687521867e+02 5.216768478628903104e-03
1.617586794570420636e+02 5.324286071460508640e-03
1.618364929453319689e+02 1.452282993507403308e-02
1.619765572242537814e+02 8.673797893149610277e-03
1.620543707125436867e+02 3.251993728461428663e-03
1.621321842008335921e+02 2.341148720629501745e-03
1.622099976891234974e+02 7.853253932830234207e-03
1.622722484797554046e+02 2.160896882535711001e-03
1.623344992703873118e+02 5.047277863006437333e-03
1.624123127586772171e+02 3.731146167671760445e-03
1.624745635493091527e+02 2.821926471756395008e-03
1.625835024329149974e+02 2.074498295949664221e-03
1.626768786188628724e+02 4.285585152725539422e-03
1.627702548048107474e+02 3.772854540817439407e-03
1.628480682931006527e+02 1.161982698820729180e-02
1.629103190837325883e+02 4.806316213136958317e-03
1.629881325720224652e+02 1.574130605833260615e-02
1.631593222462602455e+02 2.957276886383703417e-03
1.632215730368921811e+02 7.098789583585729535e-03
1.632993865251820580e+02 3.718395889931449486e-03
1.633460746181560239e+02 4.567514341542099239e-03
1.634238881064459008e+02 8.691050983395577504e-04
1.635017015947358061e+02 3.613507896989739173e-03
1.636417658736576186e+02 6.358950987231823566e-03
1.637195793619475239e+02 4.606193449624890884e-03
1.638440809432113667e+02 1.070816241957930903e-02
1.639218944315012720e+02 4.339182388057906577e-03
1.639997079197911773e+02 1.595277903754627885e-02
1.641708975940289292e+02 4.446961029287782412e-03
1.642331483846608648e+02 6.832636450171943564e-03
1.643576499659247077e+02 6.984133463428811826e-03
1.644354634542145845e+02 1.275901841486971758e-03
1.644977142448465202e+02 7.338887862467455628e-03
1.646222158261103630e+02 6.685174555618208884e-03
1.647311547097162077e+02 6.283384317339128430e-03
1.648556562909800505e+02 9.920431082315625190e-03
1.649334697792699558e+02 3.691666142576147634e-03
1.650112832675598611e+02 1.522294796507250685e-02
1.651357848488236755e+02 4.560031494332925268e-03
1.652602864300875183e+02 4.010903709030674141e-03
1.653380999183774236e+02 4.510834474752548930e-03
1.654314761043252986e+02 2.645851551739710188e-04
1.655092895926152039e+02 5.253973802880128156e-03
1.656337911738790467e+02 4.840657987429535652e-03
1.657271673598269217e+02 1.302358264109006007e-02
1.658672316387487342e+02 1.302122020925956976e-02
1.659294824293806698e+02 4.179142952073037001e-03
1.660228586153285448e+02 1.006029096100914504e-02
1.661317974989343895e+02 4.013517056607974684e-03
1.662096109872242948e+02 5.483945291051961664e-03
1.662718617778562020e+02 6.192173920204801715e-03
1.663808006614620751e+02 2.209143316781249887e-03
1.664430514520939823e+02 1.164922406539868052e-03
1.665208649403838876e+02 6.863039779128762841e-03
1.666298038239897608e+02 3.856170470383646007e-03
1.667231800099376358e+02 1.868428346054723521e-02
1.668009934982275411e+02 5.558083837871770350e-03
1.668632442888594483e+02 6.588569334374952922e-03
1.669410577771493536e+02 2.705632801154648180e-03
1.670188712654392589e+02 4.064998884528148865e-03
1.670966847537291358e+02 4.133721336742939879e-03
1.672056236373350089e+02 8.906334534694176214e-03
1.672834371256249142e+02 5.039264843582890070e-03
1.673456879162568214e+02 1.598733283371511120e-03
1.674546267998626661e+02 4.186230525693057538e-04
1.675324402881525714e+02 4.304091029460530710e-03
1.675946910787845070e+02 1.239021250439099019e-03
1.677191926600483498e+02 1.353135821349788111e-02
1.677970061483382267e+02 7.199609197003604445e-03
1.678748196366281320e+02 5.803690080830106734e-03
1.679370704272600392e+02 2.855760250615232716e-03
1.680148839155499445e+02 3.463615142602889316e-03
1.680926974038398498e+02 7.597299436409318471e-03
1.682016362874457229e+02 6.149361715294681015e-03
1.682794497757355998e+02 4.540042289611185070e-03
1.683572632640255051e+02 1.102121933659659311e-03
1.685284529382632854e+02 7.426678023633650517e-03
1.686062664265531907e+02 8.738003530958039083e-03
1.687307680078170335e+02 1.296810272068250718e-02
1.687930187984489407e+02 1.039733887574067865e-02
1.688708322867388461e+02 7.967027446593525838e-03
1.690108965656606586e+02 3.404492393785044785e-03
1.691042727516085336e+02 6.313508838400379297e-03
1.692598997281883442e+02 2.393739835243225908e-03
1.693377132164782495e+02 1.464615734364419592e-03
1.694777774954000620e+02 6.760023028419892728e-03
1.695244655883739995e+02 9.070421449983439785e-03
1.696022790766639048e+02 1.543187920696563464e-02
1.696956552626117798e+02 4.698762545533729726e-03
1.697579060532436870e+02 1.336485653282152089e-02
1.698824076345075298e+02 9.984915470733123077e-03
1.700380346110873404e+02 4.320272268064607839e-03
1.701158480993772173e+02 1.410894204839412656e-02
1.702559123782990298e+02 9.667548653048003678e-04
1.703804139595628726e+02 5.924155574809897989e-03
1.704737901455107476e+02 6.004743126681998978e-03
1.705360409361426832e+02 7.193121183706003771e-03
1.706138544244325885e+02 1.700686067627792813e-02
1.706916679127224654e+02 3.884032083603499060e-03
1.707694814010123707e+02 1.571864653749908275e-02
1.708939829822762135e+02 1.397172169958420598e-02
1.710340472611980260e+02 7.935651977473583141e-03
1.711118607494879313e+02 1.155700390949982240e-02
1.712519250284097438e+02 5.905367092035112078e-03
1.713608639120156170e+02 9.535761068911968383e-03
1.714231147026475242e+02 4.942253196740347722e-03
1.714853654932794598e+02 7.632249594508576720e-03
1.715476162839113670e+02 8.818220015226162223e-03
1.716098670745432742e+02 1.905330682152427471e-02
1.716876805628331795e+02 1.017681443049449526e-02
1.717654940511230848e+02 2.838906121060262230e-02
1.718744329347289295e+02 1.322594337795159232e-02
1.720456226089667098e+02 3.095449272920107204e-03
1.721389987949146132e+02 1.129173854653436372e-02
1.722635003761784276e+02 5.077235501577614767e-03
1.723724392597843007e+02 1.469714112107131827e-02
1.724813781433901454e+02 7.312767791970590852e-04
1.726058797246539882e+02 6.198896332937885341e-03
1.726836932129438935e+02 1.039386568274392429e-02
1.727615067012337988e+02 2.143543618751428056e-02
1.728548828871816738e+02 4.075020930023852579e-03
1.729793844684455166e+02 3.971779143481811436e-03
1.730571979567354219e+02 5.454511535960511644e-03
1.731350114450252988e+02 8.510788364336543607e-03
1.731972622356572344e+02 3.548828076637513141e-03
1.732750757239471397e+02 1.331247121643551121e-02
1.733684519098950148e+02 2.688009692147765722e-02
1.734618280958428898e+02 4.618229839397307475e-03
1.735240788864747969e+02 6.096754618928485955e-03
1.736952685607125773e+02 1.278696127042736747e-02
1.737730820490024826e+02 2.153998705387229901e-02
1.738664582349503576e+02 4.312135276201468741e-03
1.739909598162142004e+02 4.221232637903847909e-03
1.740687733045041057e+02 2.068917520499116876e-03
1.742088375834259182e+02 6.240947228349054236e-03
1.742710883740578254e+02 8.469108180474941780e-03
1.743644645600057004e+02 1.966219338872427641e-02
1.744734034436115735e+02 8.379480719927299981e-03
1.745512169319014788e+02 1.558701702047386901e-02
1.746912812108232913e+02 2.154219529783467368e-02
1.747690946991131966e+02 1.459845676528916635e-02
1.748780335827190413e+02 2.085509306779646972e-03
1.749869724663249144e+02 9.048279724879797897e-03
1.750959113499307591e+02 3.873378119178062622e-03
1.752204129311946019e+02 1.004660776292524288e-02
1.752671010241685394e+02 8.434526596807667004e-03
1.753760399077744125e+02 1.911291004995325019e-02
1.755472295820121644e+02 2.904586689868408206e-02
1.756872938609340054e+02 1.859521646329649960e-02
1.757962327445398500e+02 6.640325463397686416e-03
1.759674224187776304e+02 8.463093539317729022e-03
1.760763613023835035e+02 4.583733410328036731e-03
1.762164255813053160e+02 1.197119309861435256e-02
1.763720525578850982e+02 9.305611170748009572e-03
1.765588049297808766e+02 1.340519068003612202e-02
1.766988692087026891e+02 1.364103258970648935e-02
1.767922453946505641e+02 5.491637047121363836e-03
1.769478723712303463e+02 4.427321856128465551e-03
1.771034993478101569e+02 2.787120839005945584e-03
1.772280009290739997e+02 5.047624422138964097e-03
1.773991906033117800e+02 1.054651422561262049e-02
1.775703802775495603e+02 2.716556360181337625e-03
1.776637564634974353e+02 1.380195565984589957e-02
1.777882580447612781e+02 3.124773876542626637e-03
1.778660715330511550e+02 8.294807356946313614e-04
1.779594477189990585e+02 2.611887582125399336e-03
1.780528239049469335e+02 3.541631437812999342e-03
1.781617627885527781e+02 3.663717042277522774e-04
1.782395762768426835e+02 3.080455898679290445e-03
1.783952032534224941e+02 1.305562556382258363e-02
1.784574540440544013e+02 8.122038018817960905e-03
1.785352675323443066e+02 5.199537406666782449e-03
1.786753318112661191e+02 1.118964410581367065e-02
1.787998333925299619e+02 3.108355914071074186e-03
1.789087722761358066e+02 3.079650701956887222e-04
1.790177111597416797e+02 6.237452534107626283e-03
1.791577754386634922e+02 1.614596906582387329e-03
1.792511516246113672e+02 1.052821352104169316e-04
1.794067786011911778e+02 2.384809876410607515e-02
1.795468428801129903e+02 2.171357228381736240e-02
1.796869071590348028e+02 2.537848720475077008e-02
1.797802833449826778e+02 3.208419157902389629e-03
1.799203476239044903e+02 6.315726596979827356e-03
1.799825984145364259e+02 1.485951025104588312e-02
1.800759746004843009e+02 4.994082234061700959e-03
1.802004761817481437e+02 7.232179386369774754e-03
1.804027912513018634e+02 2.160753893514379825e-02
1.805584182278816741e+02 1.964962265834230629e-02
1.806984825068034866e+02 2.542693622948781831e-02
1.809007975763572347e+02 1.690031987885291798e-02
1.809786110646471400e+02 1.844847696630980138e-02
1.811031126459109544e+02 4.754421568241900577e-03
1.811964888318588578e+02 1.257136549914711701e-02
1.814299292967285453e+02 1.900313084697563895e-02
1.815699935756503578e+02 2.262104538652844055e-02
1.817100578545721703e+02 3.685951109620682481e-02
1.817878713428620756e+02 4.376943712884926764e-03
1.819123729241259184e+02 2.312047187479031318e-02
1.819746237147578256e+02 2.603749286894850232e-02
1.820991252960216684e+02 8.502463868205554359e-03
1.822391895749434809e+02 3.244117556157877919e-02
1.824415046444972290e+02 1.992186503122240354e-02
1.826905078070249147e+02 2.531332823358729139e-02
1.827994466906307593e+02 1.747518355395598572e-03
1.829083855742366325e+02 3.508915364336261111e-02
1.830795752484744128e+02 1.612145727971850710e-03
1.832352022250541950e+02 4.486095086016451960e-02
1.834842053875818806e+02 3.516003157515928262e-02
1.837332085501095662e+02 1.421017184995510864e-02
1.838888355266893484e+02 2.517300611347120590e-02
1.840444625032691590e+02 3.651342307781413766e-03
1.841067132939010662e+02 4.877135732897683838e-03
1.842623402704808768e+02 3.940886935269528185e-02
1.844802180376925946e+02 2.748377436148424086e-02
1.846980958049043124e+02 1.185626233291965127e-02
1.848848481768000624e+02 5.837904023963951146e-03
1.849626616650899678e+02 7.732043350803475754e-04
1.851182886416697499e+02 1.027732215784848621e-02
1.852583529205915625e+02 3.986036430707307759e-02
1.855229187807772178e+02 2.229272018924144394e-02
1.856162949667251212e+02 7.513694961573924233e-03
1.856785457573570284e+02 6.915611480599996759e-03
1.857719219433049034e+02 8.416995554526249821e-04
1.858964235245687462e+02 1.187577804933499402e-03
1.859742370128586515e+02 7.455613641572586547e-03
1.861143012917804640e+02 2.352896029456164051e-02
1.862388028730443068e+02 2.304102180081100265e-02
1.863477417566501515e+02 2.864849631189924153e-03
1.865344941285459299e+02 6.909061521931349030e-03
1.866123076168358068e+02 3.991746813603510094e-03
1.867056838027836818e+02 1.599977987444947247e-03
1.868146226863895549e+02 3.340170635448155411e-03
1.869702496629693655e+02 1.841930602419333471e-02
1.871103139418911780e+02 2.403706201955298216e-02
1.872192528254970227e+02 2.309432358483854211e-02
1.873748798020768334e+02 4.894128154368255351e-03
1.874371305927087406e+02 6.062338412568516258e-03
1.875616321739725834e+02 2.302205813726727369e-03
1.876394456622624887e+02 4.900323461645915771e-03
1.877016964528943959e+02 4.362374252159188087e-03
1.877950726388422709e+02 1.145122864646644888e-02
1.879040115224481440e+02 2.953933767511322892e-03
1.879662623130800512e+02 1.037660277587937330e-02
1.880596384990279262e+02 1.214946688556458286e-02
1.881218892896598618e+02 1.860305506603882400e-02
1.882152654756077368e+02 2.357995888434528953e-02
1.884331432428194546e+02 1.086382151009934391e-02
1.884953940334513618e+02 7.758905843877283992e-03
1.885732075217412671e+02 1.801158545429626780e-03
1.886354583123732027e+02 2.254296229911343253e-03
1.886977091030051099e+02 3.413154084711475956e-03
1.888066479866109830e+02 1.216499324277924184e-02
1.889155868702168277e+02 5.217469962190078234e-03
1.889934003585067330e+02 9.031975875328238090e-03
1.890556511491386402e+02 7.710568519344825934e-03
1.891334646374285455e+02 1.565563341753925183e-02
1.892112781257184508e+02 2.541052955289952939e-02
1.894291558929301686e+02 1.181509599000824320e-02
1.895069693812200740e+02 1.114307102087639355e-02
1.895847828695099508e+02 2.751280802460068058e-03
1.896470336601418865e+02 9.877503185065007632e-05
1.897248471484317633e+02 3.426125421076447065e-03
1.898182233343796668e+02 1.744556166560921884e-02
1.899115995203275418e+02 1.465357719792490312e-02
1.900049757062754168e+02 9.491577857640992252e-03
1.901450399851972293e+02 1.521120516787033763e-02
1.902072907758291649e+02 2.103927507459278298e-02
1.902851042641190418e+02 2.785858781823621899e-03
1.904407312406988524e+02 1.783300483346142787e-02
1.905185447289887577e+02 1.144247994818846544e-02
1.905963582172786346e+02 2.500843701813080730e-03
1.907208597985424774e+02 3.686398031572023226e-03
1.908142359844903524e+02 8.635988545221183130e-03
1.909231748680962255e+02 1.256299600206881896e-02
1.910321137517020702e+02 1.028031903659613715e-02
1.911410526353079433e+02 9.646753964390660310e-03
1.912033034259398505e+02 7.417834649659227342e-03
1.912811169142297558e+02 5.805292200206920578e-03
1.914367438908095664e+02 1.143053255124442183e-02
1.917168724486531914e+02 6.033354557906480016e-03
1.917791232392850986e+02 8.040181513809187448e-04
1.918569367275750039e+02 9.673419040431317090e-03
1.919347502158649093e+02 1.037792406299133281e-02
1.920125637041548146e+02 8.409444705595008063e-03
1.921059398901026896e+02 1.141552192124540774e-02
1.922771295643404699e+02 7.218983550176844184e-03
1.923549430526303752e+02 2.234987775440319940e-03
1.925105700292101574e+02 3.748291221651711691e-03
1.925728208198420930e+02 3.515511472982896148e-03
1.927128850987639055e+02 1.088581463350587336e-02
1.928529493776857180e+02 1.514072680382501715e-02
1.929463255636335930e+02 3.028904659487517779e-03
1.930085763542655286e+02 3.657827995542922619e-03
1.931175152378713733e+02 1.115383456580528072e-02
1.932887049121091536e+02 4.370086249491974412e-03
1.933665184003990589e+02 4.453924507026993905e-03
1.935221453769788411e+02 4.368548035419491000e-03
1.935843961676107767e+02 4.377601963573703528e-03
1.937244604465325892e+02 1.525392110780537935e-02
1.938645247254544017e+02 1.597278169629590475e-02
1.939423382137443070e+02 3.269944910154101280e-03
1.940201517020342123e+02 3.182105553048019016e-03
1.941290905856400570e+02 6.260881785674096353e-03
1.942535921669038999e+02 2.232758167661027474e-03
1.943936564458257124e+02 6.719553568941564504e-03
1.945181580270895552e+02 3.300202797361884762e-03
1.945959715153794605e+02 4.511107121264686971e-03
1.947360357943012730e+02 1.232211783211327287e-02
1.948294119802491480e+02 6.183085027951215618e-03
1.948761000732230855e+02 5.801163376618458448e-03
1.949383508638550211e+02 7.542928251802145066e-03
1.950317270498028961e+02 3.251419668825744104e-03
1.951251032357507711e+02 3.273576124876036858e-03
1.951873540263826783e+02 8.680705007358792760e-04
1.952651675146725836e+02 5.457937575425762106e-03
1.954052317935943961e+02 1.011791930745185690e-02
1.955919841654901745e+02 2.391833444337914446e-03
1.957009230490960192e+02 3.985357439848154562e-03
1.958409873280178317e+02 6.734600269129183657e-04
1.959343635139657067e+02 9.319352793703904181e-03
1.960899904905455173e+02 5.919586580834269689e-03
1.961989293741513620e+02 1.392070917292917214e-03
1.962923055600992654e+02 1.137400898392637930e-02
1.964168071413630798e+02 9.352106842500792008e-03
1.965724341179428905e+02 3.351404723238281865e-03
1.966969356992067333e+02 1.559828524386840110e-02
1.967903118851546083e+02 4.115194992443233467e-03
1.968681253734445136e+02 1.302007700851519519e-02
1.969615015593923886e+02 8.205719195381953879e-03
1.971015658383142011e+02 7.451909378720630861e-03
1.972260674195780439e+02 4.616631974830102438e-03
1.973038809078679492e+02 1.178115497022338455e-02
1.974283824891317920e+02 7.541958602138682313e-03
1.975684467680536045e+02 7.946219025470543235e-03
1.977085110469754170e+02 3.967448108064933893e-02
1.978641380235552276e+02 3.482577689535652776e-02
1.979730769071610723e+02 1.576808360807925233e-02
1.981131411860828848e+02 6.754324218641981174e-03
1.982376427673467276e+02 1.958233825314803847e-02
1.983465816509526007e+02 1.196792707132183012e-02
1.985333340228483507e+02 1.430131779336624685e-02
1.987045236970861311e+02 4.305214171449688737e-02
1.988445879760079436e+02 3.213087287289695393e-02
1.989846522549297561e+02 1.843891939591185344e-02
1.990935911385356292e+02 1.991942815445246068e-03
1.992336554174574417e+02 4.183928367631166434e-02
1.993581569987212845e+02 2.260277342183598243e-02
1.994982212776430970e+02 1.890145871579116191e-02
1.996849736495388470e+02 2.872693476957758479e-02
1.998406006261186576e+02 2.800330888621948081e-02
1.999962276026984398e+02 1.963575278575772215e-02
2.002296680675681557e+02 3.525888266920734759e-02
2.003697323464899682e+02 2.072693258204440572e-02
2.005097966254117807e+02 1.336113026617351610e-02
2.006809862996495610e+02 2.312329567352594192e-02
2.008366132762293432e+02 1.895334179235801456e-02
2.009922402528091538e+02 1.448283651200573882e-02
2.011011791364150270e+02 7.102029188601380327e-03
2.012412434153368395e+02 2.775611485512280777e-02
2.013813076942586520e+02 2.213467380193064049e-02
2.015213719731804645e+02 1.675714474554827749e-02
2.016614362521022770e+02 9.495238271143796246e-03
2.017859378333661198e+02 3.727006097741769261e-03
2.018793140193139948e+02 7.870914843408023664e-03
2.019726902052618698e+02 4.496239374652553737e-03
2.021905679724735876e+02 2.619371103164507691e-02
2.023617576467113679e+02 1.031408814013407178e-02
2.025173846232911785e+02 6.575477886545329914e-03
2.026107608092390535e+02 4.691240794475258317e-03
2.027663877858188641e+02 6.418723226678550373e-03
2.028753266694247088e+02 1.008466336051924012e-02
2.029531401577146141e+02 5.600851278184373547e-03
2.030309536460045194e+02 1.434580689246112194e-03
2.031865806225843016e+02 1.574274559048497585e-02
2.032643941108742069e+02 7.792653434930098960e-03
2.033577702968220819e+02 6.846346722598653338e-03
2.034511464827699569e+02 1.433336844088762543e-03
2.035600853663758301e+02 1.611215925529840137e-02
2.035912107616917694e+02 1.648493919811187119e-02
2.037001496452976426e+02 3.399515136442246045e-03
2.038402139242194551e+02 6.943093050725748262e-03
2.039491528078253282e+02 6.442250865503060774e-03
2.040425289937732032e+02 2.661132141978825045e-03
2.041670305750370460e+02 6.712906154109987179e-03
2.042759694586428907e+02 1.136756211692152053e-02
2.043693456445907657e+02 1.116515125147477493e-02
2.045560980164865157e+02 9.341773450739339346e-03
2.046027861094604816e+02 9.879722297557182523e-03
2.047117249930663263e+02 1.961335665176740326e-03
2.048206638766721994e+02 7.730707300470162496e-03
2.049607281555940119e+02 1.175962061268352385e-02
2.050385416438839172e+02 7.946896217597433296e-03
2.051163551321737941e+02 8.121606641404949950e-03
2.052875448064115744e+02 2.487846872737291271e-02
2.053809209923594494e+02 2.039894633783989261e-02
2.056143614572291654e+02 7.651290181851318553e-03
2.056921749455190422e+02 4.059862966611007401e-03
2.058633646197568225e+02 1.173057688526028992e-02
2.059411781080467279e+02 1.738982317538487546e-02
2.060345542939946029e+02 2.530014131448528412e-03
2.061590558752584457e+02 5.802611592408026334e-03
2.062835574565222885e+02 1.770460284571170537e-02
2.063769336424701635e+02 8.605902322637706825e-03
2.064391844331020991e+02 5.237320100320307786e-03
2.065325606190499741e+02 2.120448519385484312e-03
2.066103741073398510e+02 3.985298239259830663e-03
2.066726248979717866e+02 6.401822038398525400e-04
2.067660010839196616e+02 8.762202097561754000e-03
2.068593772698675366e+02 2.042162473261282390e-02
2.069371907581574419e+02 1.089104478015166452e-02
2.070150042464473472e+02 9.950371560682026804e-04
2.070772550370792544e+02 1.723498915932091197e-03
2.071395058277111900e+02 6.812170096453322096e-03
2.072484447113170347e+02 1.410700916091570849e-03
2.073106955019489419e+02 4.287451098475763417e-03
2.074040716878968453e+02 3.585449945538275816e-03
2.074663224785287525e+02 6.894056167175439259e-03
2.075130105715026900e+02 6.100701703246339674e-03
2.076063867574505650e+02 4.261832911437356264e-03
2.076686375480825006e+02 3.572491486635581779e-03
2.077464510363723775e+02 1.132949610122344075e-02
2.078553899199782506e+02 1.162631590920378336e-02
2.079332034082681560e+02 6.842645067373884530e-04
2.080110168965580328e+02 4.080660614256864833e-03
2.080888303848479381e+02 3.135171505831618310e-03
2.081355184778218756e+02 3.768409530811417298e-03
2.082288946637697507e+02 6.391117557208085206e-03
2.083222708497176541e+02 5.809808134678627264e-03
2.084000843380075310e+02 4.543320326773076477e-03
2.085245859192713738e+02 6.263994508715590645e-03
2.086179621052192488e+02 2.821335278323754137e-03
2.086802128958511844e+02 4.186491456785656692e-03
2.087580263841410897e+02 2.975134981187277199e-03
2.088669652677469344e+02 4.694223109876370127e-03
2.089292160583788416e+02 3.291834245627947662e-03
2.090070295466687469e+02 5.456749703986324418e-03
2.091626565232485575e+02 7.311195203261169548e-03
2.093494088951443075e+02 2.551987655774772944e-03
2.094272223834342128e+02 1.233438164120008972e-02
2.095517239646980556e+02 1.413307922863902416e-02
2.096295374529879325e+02 3.984207583371653094e-03
2.096917882436198681e+02 1.264943962028443163e-02
2.097696017319097734e+02 2.988113449103477638e-03
2.098629779178576484e+02 8.485546058394985089e-03
2.099563541038055234e+02 1.074981456056272114e-02
2.100030421967794609e+02 1.387030538168302664e-02
2.101275437780433037e+02 1.842706971846821279e-02
2.102676080569651162e+02 1.323961303094169616e-02
2.104232350335449269e+02 2.276078065767285843e-02
2.105632993124667394e+02 2.397405999649753622e-02
2.107033635913885519e+02 1.322139077250616794e-02
2.108434278703103644e+02 9.107156993700141201e-03
2.109523667539162375e+02 2.092314405364496116e-02
2.111079937304960197e+02 2.831297219990521960e-02
2.112480580094178322e+02 8.868970279206894042e-03
2.114348103813136106e+02 1.259043892847161797e-02
2.115748746602354231e+02 1.529585064972723875e-02
2.117149389391572356e+02 5.372193671430571665e-03
2.119328167063689534e+02 1.195303477778353676e-02
2.120106301946588587e+02 2.497617815510405018e-03
2.121040063806067337e+02 1.895170748006125283e-02
2.123063214501604818e+02 1.016500715422041269e-02
2.124463857290822943e+02 1.454758543756382201e-02
2.125864500080041068e+02 1.711424979670457883e-02
2.127265142869259194e+02 4.196619505849191918e-03
2.128977039611636997e+02 7.378525946006161788e-03
2.130377682400855122e+02 2.551123559537589198e-03
2.131155817283754175e+02 1.362760686458327174e-02
2.133023341002711675e+02 8.680140225636540086e-03
2.134423983791930084e+02 7.366430836020267103e-03
2.136135880534307887e+02 4.169192358864919068e-03
2.136914015417206656e+02 8.586179488067830282e-03
2.138159031229845084e+02 5.411911703270869643e-03
2.138937166112744137e+02 2.044321957843694970e-03
2.139404047042483512e+02 1.602416832428650703e-03
2.140182181925382565e+02 1.500082628475683843e-03
2.140960316808281618e+02 5.771819547391508071e-03
2.143139094480398796e+02 4.081062852591871987e-03
2.143917229363297565e+02 4.482264720033124939e-04
2.144539737269616921e+02 3.733293735986682130e-03
2.145317872152515974e+02 6.575371387818287894e-03
2.146096007035414743e+02 6.539724786131527294e-03
2.147029768894893493e+02 1.187487580548342823e-02
2.148119157730952224e+02 4.871518947076544821e-03
2.149208546567010671e+02 1.027821488842376460e-03
2.149986681449909725e+02 3.864369954492676614e-03
2.150764816332808778e+02 3.880224730402531685e-03
2.152009832145447206e+02 9.873539988449824781e-04
2.152476713075186581e+02 1.666429957995340478e-03
2.153254847958085634e+02 4.854212817404134073e-03
2.154032982840984403e+02 9.221396175895837585e-03
2.154499863770723778e+02 7.843699458615257733e-03
2.155433625630202812e+02 7.216186952631544263e-03
2.156211760513101581e+02 5.704488208279254700e-03
2.157145522372580615e+02 1.205053388105228190e-02
2.158234911208639062e+02 9.330523019105908117e-03
2.159013046091538115e+02 4.111742823581299340e-03
2.159791180974437168e+02 3.959893368461839952e-03
2.160569315857335937e+02 1.562357040337710064e-03
2.161347450740234990e+02 2.681950300557045183e-03
2.162436839576293721e+02 2.096588180343968849e-03
2.163214974459192490e+02 3.503656971869139811e-03
2.163993109342091543e+02 1.699429686740902903e-02
2.165238125154729971e+02 4.963652458397607888e-03
2.166327513990788702e+02 1.450890876547768736e-02
2.167261275850267452e+02 1.267825935517903971e-02
2.168350664686325899e+02 8.663923180550189840e-03
2.168973172592645255e+02 5.160258995480315400e-03
2.169751307475544024e+02 5.439499005076145650e-03
2.170373815381863380e+02 1.076073505722944298e-03
2.171463204217921827e+02 6.437399019169730806e-03
2.172552593053980559e+02 3.180467650849379789e-03
2.173175100960299631e+02 1.679118098417527226e-03
2.173953235843198684e+02 1.645850279759265844e-02
2.175353878632416809e+02 6.195144285550130067e-03
2.176443267468475540e+02 2.067352160540286005e-02
2.177377029327954290e+02 1.041001886401080566e-02
2.178310791187433040e+02 5.216925644828882859e-03
2.179088926070332093e+02 3.681900322004125290e-03
2.179867060953230862e+02 7.659009631957327223e-03
2.181423330719028968e+02 1.012705061324276762e-02
2.182668346531667396e+02 4.719959048864110808e-03
2.183290854437986468e+02 2.300950038858326236e-03
2.184068989320885521e+02 9.818739674428948391e-03
2.184691497227204593e+02 4.038477974037232333e-03
2.185314005133523949e+02 6.933092846083853227e-03
2.186559020946162377e+02 2.749424527922133404e-02
2.187492782805641127e+02 1.402868473178666038e-02
2.188426544665119877e+02 4.789355472305156271e-03
2.189049052571438949e+02 2.831830864243004009e-03
2.189827187454338002e+02 9.770306567617775134e-03
2.191383457220136108e+02 9.164740787836557490e-03
2.192628473032774536e+02 5.531174581343532154e-03
2.193406607915673305e+02 5.237291400478540776e-03
2.194029115821992661e+02 1.112945203929930835e-03
2.194651623728311733e+02 2.410162391562081351e-03
2.195429758611210787e+02 5.916394877780260103e-03
2.196674774423849215e+02 1.701095547347460102e-02
2.197452909306748268e+02 1.294865535846371346e-02
2.198542298142806715e+02 3.466144931209737354e-03
2.199164806049126071e+02 2.137175039988064348e-03
2.199942940932024840e+02 7.963810296082635826e-03
2.201499210697822946e+02 7.902669962415773131e-03
2.202432972557301696e+02 1.289513320342204096e-02
2.203522361393360427e+02 1.493744290887104136e-02
2.204456123252839177e+02 4.464884185371230212e-03
2.205856766042057302e+02 4.719949204055020470e-03
2.206790527901536052e+02 5.552380370656369302e-03
2.207568662784435105e+02 7.336852034044087471e-03
2.208658051620493552e+02 3.161400183187174171e-03
2.209747440456552283e+02 6.119160161825521090e-03
2.210525575339451336e+02 9.020160839510465642e-03
2.211614964175509783e+02 7.612762679458588699e-03
2.212393099058408836e+02 2.098066003457250625e-02
2.213638114871047264e+02 2.346503891826823632e-02
2.214416249753946033e+02 1.045455243713688288e-02
2.216128146496323836e+02 5.604101088885723655e-03
2.217373162308962264e+02 3.904085640034380810e-03
2.218618178121600693e+02 3.865064071362302005e-03
2.219551939981079443e+02 7.627422879570241315e-03
2.220485701840558193e+02 9.461073381558193426e-03
2.221575090676616924e+02 7.213340576425183136e-03
2.222508852536095674e+02 2.486972705334208542e-02
2.223753868348734102e+02 2.287924224803593309e-02
2.224532003231633155e+02 1.230673189673820410e-02
2.226399526950590655e+02 7.846117964019594729e-03
2.227333288810069405e+02 3.453630177415169429e-03
2.228578304622707833e+02 4.178436804746017003e-03
2.229667693458766280e+02 7.039662642267673423e-03
2.230601455318245030e+02 9.536111951618705604e-03
2.231535217177724064e+02 8.079945808705208538e-03
